<?xml version = '1.0' encoding = 'UTF-8'?>
<Relation class="oracle.dbtools.crest.model.design.logical.Relation" name="postulante-postulacion" directorySegmentName="seg_0" id="588D649F-5EC2-940E-6406-7AB5849DC16E">
<createdBy>fran_</createdBy>
<createdTime>2025-09-08 19:53:31 UTC</createdTime>
<ownerDesignName>Exp2_S4_grupo6</ownerDesignName>
<engineerTo>
<item key="4C3F3CF4-97C4-EA16-D35B-D8C526C926B3" value="true"/>
</engineerTo>
<sourcePk>5CE18955-1AC1-22CE-3E14-ED03FDE93329</sourcePk>
<targetPk>DF72DB46-E202-2927-3F66-8FC5BD97772F</targetPk>
<identifying>false</identifying>
<optionalSource>false</optionalSource>
<optionalTarget>false</optionalTarget>
<sourceCardinality>1</sourceCardinality>
<sourceEntity>27ADE29D-AFA5-84F9-A8CA-C58018695DCE</sourceEntity>
<targetCardinalityString>1</targetCardinalityString>
<targetEntity>55E543C1-C38F-026C-44E8-02A2194ED8DD</targetEntity>
<transferable>true</transferable>
<deleteRule>NO ACTION</deleteRule>
</Relation>