<?xml version = '1.0' encoding = 'UTF-8'?>
<Relation class="oracle.dbtools.crest.model.design.logical.Relation" name="Relation_6" directorySegmentName="seg_0" id="6DB21D91-EDD1-C886-2150-66E18BE0993C">
<createdBy>fran_</createdBy>
<createdTime>2025-09-08 19:56:44 UTC</createdTime>
<ownerDesignName>Exp2_S4_grupo6</ownerDesignName>
<engineerTo>
<item key="4C3F3CF4-97C4-EA16-D35B-D8C526C926B3" value="true"/>
</engineerTo>
<sourcePk>5CE18955-1AC1-22CE-3E14-ED03FDE93329</sourcePk>
<identifying>false</identifying>
<optionalSource>true</optionalSource>
<optionalTarget>false</optionalTarget>
<sourceCardinality>1</sourceCardinality>
<sourceEntity>27ADE29D-AFA5-84F9-A8CA-C58018695DCE</sourceEntity>
<targetCardinalityString>1</targetCardinalityString>
<targetEntity>C7967160-2856-603A-37C5-48FA77C1DF16</targetEntity>
<transferable>true</transferable>
<deleteRule>NO ACTION</deleteRule>
</Relation>