<?xml version = '1.0' encoding = 'UTF-8'?>
<Relation class="oracle.dbtools.crest.model.design.logical.Relation" name="empresa-direc_empresa" directorySegmentName="seg_0" id="CEF46A90-F9EB-4BC1-8B96-614159482AEC">
<createdBy>fran_</createdBy>
<createdTime>2025-09-08 19:57:29 UTC</createdTime>
<ownerDesignName>Exp2_S4_grupo6</ownerDesignName>
<engineerTo>
<item key="4C3F3CF4-97C4-EA16-D35B-D8C526C926B3" value="true"/>
</engineerTo>
<sourcePk>257581BD-0B2E-340E-FFA3-0F2B76DFA213</sourcePk>
<identifying>false</identifying>
<optionalSource>true</optionalSource>
<optionalTarget>false</optionalTarget>
<sourceCardinality>1</sourceCardinality>
<sourceEntity>5ED81980-D1A2-3ADB-1618-2606784D6F79</sourceEntity>
<targetCardinalityString>1</targetCardinalityString>
<targetEntity>DB9B4F2B-693E-7EAD-2ADE-618BB48A8926</targetEntity>
<transferable>true</transferable>
<deleteRule>NO ACTION</deleteRule>
</Relation>