<?xml version = '1.0' encoding = 'UTF-8'?>
<Diagram class="oracle.dbtools.crest.swingui.logical.DPVLogical" name="Logical" id="6BF059C0-E285-01D8-12EF-B7C256798DA3">
<createdBy>fran_</createdBy>
<modifiedBy>fran_</modifiedBy>
<createdTime>2025-09-08 16:34:40 UTC</createdTime>
<autoRoute>false</autoRoute>
<boxInbox>true</boxInbox>
<showLegend>false</showLegend>
<showLabels>false</showLabels>
<showRelAttributes>false</showRelAttributes>
<gridEnabled>false</gridEnabled>
<showGrid>false</showGrid>
<diagramColor>-1</diagramColor>
<display>false</display>
<notation>0</notation>
<objectViews>
<OView class="oracle.dbtools.crest.swingui.logical.TVEntity" oid="0FDF7281-0173-DAF9-1F54-52AD6207DF53" otype="Entity" vid="22C8E64A-1590-E56C-D7F8-0909ABEFC045">
<hideElementsInCurrentOnly>false</hideElementsInCurrentOnly>
<bounds x="193" y="7" width="208" height="131"/>
</OView>
<OView class="oracle.dbtools.crest.swingui.logical.TVEntity" oid="27ADE29D-AFA5-84F9-A8CA-C58018695DCE" otype="Entity" vid="2C36D171-9EC6-A12D-EE63-4FEB2D73E2AD">
<hideElementsInCurrentOnly>false</hideElementsInCurrentOnly>
<bounds x="164" y="222" width="340" height="262"/>
</OView>
<OView class="oracle.dbtools.crest.swingui.logical.TVEntity" oid="2F2E3C27-0C28-28B4-2861-2C686A601A0C" otype="Entity" vid="19E4CB11-DDDF-17EB-B276-37906711C6CE">
<hideElementsInCurrentOnly>false</hideElementsInCurrentOnly>
<bounds x="968" y="354" width="158" height="62"/>
</OView>
<OView class="oracle.dbtools.crest.swingui.logical.TVEntity" oid="55E543C1-C38F-026C-44E8-02A2194ED8DD" otype="Entity" vid="9931E952-9C37-CC4B-288F-69BDA5205091">
<hideElementsInCurrentOnly>false</hideElementsInCurrentOnly>
<bounds x="608" y="290" width="210" height="135"/>
</OView>
<OView class="oracle.dbtools.crest.swingui.logical.TVEntity" oid="5ED81980-D1A2-3ADB-1618-2606784D6F79" otype="Entity" vid="DFB02233-6A63-7E58-0D28-18E736243645">
<hideElementsInCurrentOnly>false</hideElementsInCurrentOnly>
<bounds x="962" y="231" width="391" height="236"/>
</OView>
<OView class="oracle.dbtools.crest.swingui.logical.TVEntity" oid="AB52DE4F-1EB3-F65D-D60D-3BC86825F7C9" otype="Entity" vid="D9526830-198D-CBD8-6104-93A748982D4B">
<hideElementsInCurrentOnly>false</hideElementsInCurrentOnly>
<bounds x="169" y="392" width="150" height="71"/>
</OView>
<OView class="oracle.dbtools.crest.swingui.logical.TVEntity" oid="BA635EF0-0E04-C951-5C3F-61325DDBFB42" otype="Entity" vid="8F69F7B5-584F-BDB5-B1A3-8CB04E42E432">
<hideElementsInCurrentOnly>false</hideElementsInCurrentOnly>
<bounds x="318" y="389" width="176" height="79"/>
</OView>
<OView class="oracle.dbtools.crest.swingui.logical.TVEntity" oid="C7967160-2856-603A-37C5-48FA77C1DF16" otype="Entity" vid="E24D5B5E-9249-5790-1D02-CED0115807F3">
<hideElementsInCurrentOnly>false</hideElementsInCurrentOnly>
<bounds x="184" y="593" width="229" height="134"/>
</OView>
<OView class="oracle.dbtools.crest.swingui.logical.TVEntity" oid="DB9B4F2B-693E-7EAD-2ADE-618BB48A8926" otype="Entity" vid="59CBA10C-42A0-607A-047B-3BEAAC51B356">
<hideElementsInCurrentOnly>false</hideElementsInCurrentOnly>
<bounds x="1054" y="574" width="223" height="118"/>
</OView>
<OView class="oracle.dbtools.crest.swingui.logical.TVEntity" oid="DD4BAE01-9A86-244E-AAA3-82C8D05735E2" otype="Entity" vid="EEC2E563-33BF-AD74-09FD-FACF72A26B32">
<hideElementsInCurrentOnly>false</hideElementsInCurrentOnly>
<bounds x="1139" y="353" width="174" height="63"/>
</OView>
</objectViews>
<connectors>
<Connector class="oracle.dbtools.crest.swingui.logical.TVInheritanceRelation" oid="092BAE1B-E91A-E77C-E74F-CA89EBD2324F" otype="Hierarchy relation" vid_source="DFB02233-6A63-7E58-0D28-18E736243645" vid_target="EEC2E563-33BF-AD74-09FD-FACF72A26B32">
<hideElementsInCurrentOnly>false</hideElementsInCurrentOnly>
<backgroundColor>-65536</backgroundColor>
<lineWidth>1</lineWidth>
</Connector>
<Connector class="oracle.dbtools.crest.swingui.logical.TVInheritanceRelation" oid="3C0E04C0-9859-7171-700B-7A0CFEEDA943" otype="Hierarchy relation" vid_source="2C36D171-9EC6-A12D-EE63-4FEB2D73E2AD" vid_target="8F69F7B5-584F-BDB5-B1A3-8CB04E42E432">
<hideElementsInCurrentOnly>false</hideElementsInCurrentOnly>
<backgroundColor>-65536</backgroundColor>
<lineWidth>1</lineWidth>
</Connector>
<Connector class="oracle.dbtools.crest.swingui.logical.TVRelation" oid="588D649F-5EC2-940E-6406-7AB5849DC16E" otype="Relation" vid_source="2C36D171-9EC6-A12D-EE63-4FEB2D73E2AD" vid_target="9931E952-9C37-CC4B-288F-69BDA5205091">
<hideElementsInCurrentOnly>false</hideElementsInCurrentOnly>
<backgroundColor>-16777216</backgroundColor>
<lineWidth>1</lineWidth>
<points>
<point x="504" y="357"/>
<point x="608" y="357"/>
</points>
</Connector>
<Connector class="oracle.dbtools.crest.swingui.logical.TVRelation" oid="638112BA-2E98-2556-A567-E16F1CC5BB62" otype="Relation" vid_source="DFB02233-6A63-7E58-0D28-18E736243645" vid_target="9931E952-9C37-CC4B-288F-69BDA5205091">
<hideElementsInCurrentOnly>false</hideElementsInCurrentOnly>
<backgroundColor>-16777216</backgroundColor>
<lineWidth>1</lineWidth>
<points>
<point x="962" y="357"/>
<point x="818" y="357"/>
</points>
</Connector>
<Connector class="oracle.dbtools.crest.swingui.logical.TVInheritanceRelation" oid="679AAC38-CF9E-AC01-28F5-6C180E11670B" otype="Hierarchy relation" vid_source="DFB02233-6A63-7E58-0D28-18E736243645" vid_target="19E4CB11-DDDF-17EB-B276-37906711C6CE">
<hideElementsInCurrentOnly>false</hideElementsInCurrentOnly>
<backgroundColor>-65536</backgroundColor>
<lineWidth>1</lineWidth>
</Connector>
<Connector class="oracle.dbtools.crest.swingui.logical.TVRelation" oid="6DB21D91-EDD1-C886-2150-66E18BE0993C" otype="Relation" vid_source="2C36D171-9EC6-A12D-EE63-4FEB2D73E2AD" vid_target="E24D5B5E-9249-5790-1D02-CED0115807F3">
<hideElementsInCurrentOnly>false</hideElementsInCurrentOnly>
<backgroundColor>-16777216</backgroundColor>
<lineWidth>1</lineWidth>
<points>
<point x="298" y="484"/>
<point x="298" y="593"/>
</points>
</Connector>
<Connector class="oracle.dbtools.crest.swingui.logical.TVInheritanceRelation" oid="943E4CEF-9AC1-00F2-8AC3-FD3BC7BC6D8B" otype="Hierarchy relation" vid_source="2C36D171-9EC6-A12D-EE63-4FEB2D73E2AD" vid_target="D9526830-198D-CBD8-6104-93A748982D4B">
<hideElementsInCurrentOnly>false</hideElementsInCurrentOnly>
<backgroundColor>-65536</backgroundColor>
<lineWidth>1</lineWidth>
</Connector>
<Connector class="oracle.dbtools.crest.swingui.logical.TVRelation" oid="CEF46A90-F9EB-4BC1-8B96-614159482AEC" otype="Relation" vid_source="DFB02233-6A63-7E58-0D28-18E736243645" vid_target="59CBA10C-42A0-607A-047B-3BEAAC51B356">
<hideElementsInCurrentOnly>false</hideElementsInCurrentOnly>
<backgroundColor>-16777216</backgroundColor>
<lineWidth>1</lineWidth>
<points>
<point x="1165" y="467"/>
<point x="1165" y="574"/>
</points>
</Connector>
<Connector class="oracle.dbtools.crest.swingui.logical.TVRelation" oid="D9E99C25-7BCA-D329-B128-262E54680185" otype="Relation" vid_source="2C36D171-9EC6-A12D-EE63-4FEB2D73E2AD" vid_target="22C8E64A-1590-E56C-D7F8-0909ABEFC045">
<hideElementsInCurrentOnly>false</hideElementsInCurrentOnly>
<backgroundColor>-16777216</backgroundColor>
<lineWidth>1</lineWidth>
<points>
<point x="312" y="222"/>
<point x="312" y="138"/>
</points>
</Connector>
</connectors>
</Diagram>