<?xml version = '1.0' encoding = 'UTF-8'?>
<Diagram class="oracle.dbtools.crest.swingui.relational.DPVRelational" name="Relational_1" id="20033728-3BB9-5B30-3BB4-882C05E66FCD">
<createdBy>fran_</createdBy>
<modifiedBy>fran_</modifiedBy>
<createdTime>2025-09-15 21:10:32 UTC</createdTime>
<autoRoute>false</autoRoute>
<boxInbox>true</boxInbox>
<showLegend>false</showLegend>
<showLabels>false</showLabels>
<showRelAttributes>false</showRelAttributes>
<gridEnabled>false</gridEnabled>
<showGrid>false</showGrid>
<diagramColor>-1</diagramColor>
<display>false</display>
<notation>1</notation>
<objectViews>
<OView class="oracle.dbtools.crest.swingui.relational.TVTable" oid="0D89C2E1-1C48-59F7-65E1-13D83BB1B2BE" otype="Table" vid="418978BB-8136-5AA5-5D08-34AE41055A84">
<hideElementsInCurrentOnly>false</hideElementsInCurrentOnly>
<bounds x="951" y="567" width="275" height="251"/>
</OView>
<OView class="oracle.dbtools.crest.swingui.relational.TVTable" oid="11AE4419-D498-E1D0-3F13-40B0E2A328AE" otype="Table" vid="A34D15FC-0682-C1A1-BAAF-FA7034824639">
<hideElementsInCurrentOnly>false</hideElementsInCurrentOnly>
<bounds x="139" y="809" width="269" height="110"/>
</OView>
<OView class="oracle.dbtools.crest.swingui.relational.TVTable" oid="22B4DED2-8776-BF2D-B195-E158A23950CC" otype="Table" vid="FFA47026-F7C7-E76B-118E-244BABA1C367">
<hideElementsInCurrentOnly>false</hideElementsInCurrentOnly>
<bounds x="1013" y="979" width="235" height="77"/>
</OView>
<OView class="oracle.dbtools.crest.swingui.relational.TVTable" oid="2A0EA76A-A92A-BCE0-FD45-8DD73931FC57" otype="Table" vid="4AFA2457-758D-A529-3E7E-B480D28EA22E">
<hideElementsInCurrentOnly>false</hideElementsInCurrentOnly>
<bounds x="503" y="719" width="224" height="192"/>
</OView>
<OView class="oracle.dbtools.crest.swingui.relational.TVTable" oid="46E88F3A-70D1-7581-38CB-31FE23401728" otype="Table" vid="F32AB6CD-21AF-5442-A519-C1A382FF1CBB">
<hideElementsInCurrentOnly>false</hideElementsInCurrentOnly>
<bounds x="1378" y="726" width="234" height="81"/>
</OView>
<OView class="oracle.dbtools.crest.swingui.relational.TVTable" oid="51C20439-A5EC-CA0B-6380-ACC0B7B3E0B7" otype="Table" vid="3A1A27B4-F959-2598-11A0-C60702F016DE">
<hideElementsInCurrentOnly>false</hideElementsInCurrentOnly>
<bounds x="123" y="1221" width="232" height="115"/>
</OView>
<OView class="oracle.dbtools.crest.swingui.relational.TVTable" oid="6A7601C7-127D-C3B5-31B8-AB294574AB56" otype="Table" vid="CC117B85-8308-208A-F536-37106F3EA04B">
<hideElementsInCurrentOnly>false</hideElementsInCurrentOnly>
<bounds x="421" y="1019" width="222" height="133"/>
</OView>
<OView class="oracle.dbtools.crest.swingui.relational.TVTable" oid="6D80AA13-1217-2DE3-BE34-BD01F88715F5" otype="Table" vid="0BE180A3-D18D-9D82-D6EE-B1A486FA621A">
<hideElementsInCurrentOnly>false</hideElementsInCurrentOnly>
<bounds x="385" y="1294" width="297" height="107"/>
</OView>
<OView class="oracle.dbtools.crest.swingui.relational.TVTable" oid="7C8F1D59-5242-DA43-2203-A2EE83B92149" otype="Table" vid="AFF3DB18-534D-705D-DF34-D2453A4A9DE1">
<hideElementsInCurrentOnly>false</hideElementsInCurrentOnly>
<bounds x="95" y="635" width="222" height="85"/>
</OView>
<OView class="oracle.dbtools.crest.swingui.relational.TVTable" oid="88B43A36-8C85-FE0E-53F5-FE76CB7365A3" otype="Table" vid="E9C3CD29-9E9C-332F-8D31-E9F6B6CAD26D">
<hideElementsInCurrentOnly>false</hideElementsInCurrentOnly>
<bounds x="675" y="1020" width="226" height="172"/>
</OView>
<OView class="oracle.dbtools.crest.swingui.relational.TVTable" oid="8C0650CF-916F-61B4-F87E-BD61A018A8AA" otype="Table" vid="DBAE98F1-CCC3-0ECF-9409-AE8271DC5611">
<hideElementsInCurrentOnly>false</hideElementsInCurrentOnly>
<bounds x="381" y="514" width="219" height="100"/>
</OView>
<OView class="oracle.dbtools.crest.swingui.relational.TVTable" oid="9660A715-84AF-EDC5-C7E1-44CE97F8D97B" otype="Table" vid="FB73D5E0-3770-66DD-B6B7-2E1C2B9C1F77">
<hideElementsInCurrentOnly>false</hideElementsInCurrentOnly>
<bounds x="0" y="1011" width="227" height="93"/>
</OView>
<OView class="oracle.dbtools.crest.swingui.relational.TVTable" oid="A6873196-1E55-6EE9-D2AC-A267EDECBC11" otype="Table" vid="59DCF9F4-FCF6-AD1A-090C-7771A66DB8AB">
<hideElementsInCurrentOnly>false</hideElementsInCurrentOnly>
<bounds x="892" y="284" width="214" height="103"/>
</OView>
<OView class="oracle.dbtools.crest.swingui.relational.TVTable" oid="AE849BD0-1215-7156-9680-DF83C9974D4F" otype="Table" vid="5D8700BD-4BC6-7860-0073-CC94FCE75E1E">
<hideElementsInCurrentOnly>false</hideElementsInCurrentOnly>
<bounds x="220" y="277" width="583" height="205"/>
</OView>
<OView class="oracle.dbtools.crest.swingui.relational.TVTable" oid="B0E40AAF-1459-84A3-6C93-DF5058DA7294" otype="Table" vid="EF6BCC4F-776E-7085-B95F-A10E2C84D7A6">
<hideElementsInCurrentOnly>false</hideElementsInCurrentOnly>
<bounds x="940" y="865" width="191" height="83"/>
</OView>
<OView class="oracle.dbtools.crest.swingui.relational.TVTable" oid="BCD255B6-EDE0-47C8-9181-C511F5DECAC7" otype="Table" vid="929DBF20-0944-9ED0-66FA-780A6B12E9B8">
<hideElementsInCurrentOnly>false</hideElementsInCurrentOnly>
<bounds x="1376" y="564" width="228" height="105"/>
</OView>
<OView class="oracle.dbtools.crest.swingui.relational.TVTable" oid="C0CE60CA-F95C-C280-933B-21047C0868D2" otype="Table" vid="C4B6E196-66DF-D944-218F-D9CE897DF523">
<hideElementsInCurrentOnly>false</hideElementsInCurrentOnly>
<bounds x="313" y="4" width="201" height="86"/>
</OView>
<OView class="oracle.dbtools.crest.swingui.relational.TVTable" oid="C63F162E-A59F-59E1-2C31-D1416255126F" otype="Table" vid="A30E6555-0A69-A24D-4EA5-C60EC3F56095">
<hideElementsInCurrentOnly>false</hideElementsInCurrentOnly>
<bounds x="51" y="517" width="318" height="94"/>
</OView>
<OView class="oracle.dbtools.crest.swingui.relational.TVTable" oid="D6A9E10F-BB2D-5E87-EBF1-65385A6A7EEE" otype="Table" vid="03545B97-87E5-FF7F-62B9-31DBFC578603">
<hideElementsInCurrentOnly>false</hideElementsInCurrentOnly>
<bounds x="634" y="515" width="285" height="98"/>
</OView>
<OView class="oracle.dbtools.crest.swingui.relational.TVTable" oid="DE31B55D-5E49-E507-8F00-806E1AE38F0B" otype="Table" vid="059725B3-DD6C-1C87-35E0-9B9F8D816007">
<hideElementsInCurrentOnly>false</hideElementsInCurrentOnly>
<bounds x="313" y="119" width="237" height="120"/>
</OView>
</objectViews>
<connectors>
<Connector class="oracle.dbtools.crest.swingui.relational.TVFKRelation" oid="01971573-870B-E4AF-8133-6A66B100473C" otype="FKIndexAssociation" vid_source="5D8700BD-4BC6-7860-0073-CC94FCE75E1E" vid_target="59DCF9F4-FCF6-AD1A-090C-7771A66DB8AB">
<hideElementsInCurrentOnly>false</hideElementsInCurrentOnly>
<backgroundColor>-16777216</backgroundColor>
<lineWidth>1</lineWidth>
<points>
<point x="803" y="290"/>
<point x="892" y="290"/>
</points>
</Connector>
<Connector class="oracle.dbtools.crest.swingui.relational.TVFKRelation" oid="29F8A9A0-8F5F-020C-6258-DA525C885A96" otype="FKIndexAssociation" vid_source="EF6BCC4F-776E-7085-B95F-A10E2C84D7A6" vid_target="418978BB-8136-5AA5-5D08-34AE41055A84">
<hideElementsInCurrentOnly>false</hideElementsInCurrentOnly>
<backgroundColor>-16777216</backgroundColor>
<lineWidth>1</lineWidth>
<points>
<point x="1041" y="865"/>
<point x="1041" y="818"/>
</points>
</Connector>
<Connector class="oracle.dbtools.crest.swingui.relational.TVFKRelation" oid="32C756F5-C0A6-6EB4-0493-A40C1C1AC3C5" otype="FKIndexAssociation" vid_source="5D8700BD-4BC6-7860-0073-CC94FCE75E1E" vid_target="A30E6555-0A69-A24D-4EA5-C60EC3F56095">
<hideElementsInCurrentOnly>false</hideElementsInCurrentOnly>
<backgroundColor>-16777216</backgroundColor>
<lineWidth>1</lineWidth>
<points>
<point x="294" y="482"/>
<point x="294" y="517"/>
</points>
</Connector>
<Connector class="oracle.dbtools.crest.swingui.relational.TVFKRelation" oid="339DFA3A-4DE3-2A81-70D4-1C49F1310B6A" otype="FKIndexAssociation" vid_source="C4B6E196-66DF-D944-218F-D9CE897DF523" vid_target="059725B3-DD6C-1C87-35E0-9B9F8D816007">
<hideElementsInCurrentOnly>false</hideElementsInCurrentOnly>
<backgroundColor>-16777216</backgroundColor>
<lineWidth>1</lineWidth>
<points>
<point x="458" y="90"/>
<point x="458" y="119"/>
</points>
</Connector>
<Connector class="oracle.dbtools.crest.swingui.relational.TVFKRelation" oid="35235B01-DDF5-2928-0F39-66CB51075A3C" otype="FKIndexAssociation" vid_source="FFA47026-F7C7-E76B-118E-244BABA1C367" vid_target="E9C3CD29-9E9C-332F-8D31-E9F6B6CAD26D">
<hideElementsInCurrentOnly>false</hideElementsInCurrentOnly>
<backgroundColor>-16777216</backgroundColor>
<lineWidth>1</lineWidth>
<points>
<point x="1013" y="932"/>
<point x="901" y="1038"/>
</points>
</Connector>
<Connector class="oracle.dbtools.crest.swingui.relational.TVFKRelation" oid="4FCB6733-89D1-DE49-1D61-6AA6CF4ED3A7" otype="FKIndexAssociation" vid_source="5D8700BD-4BC6-7860-0073-CC94FCE75E1E" vid_target="03545B97-87E5-FF7F-62B9-31DBFC578603">
<hideElementsInCurrentOnly>false</hideElementsInCurrentOnly>
<backgroundColor>-16777216</backgroundColor>
<lineWidth>1</lineWidth>
<points>
<point x="718" y="482"/>
<point x="718" y="515"/>
</points>
</Connector>
<Connector class="oracle.dbtools.crest.swingui.relational.TVFKRelation" oid="566A53C4-C685-36D8-B72A-06406418CA7D" otype="FKIndexAssociation" vid_source="5D8700BD-4BC6-7860-0073-CC94FCE75E1E" vid_target="4AFA2457-758D-A529-3E7E-B480D28EA22E">
<hideElementsInCurrentOnly>false</hideElementsInCurrentOnly>
<backgroundColor>-16777216</backgroundColor>
<lineWidth>1</lineWidth>
<points>
<point x="615" y="482"/>
<point x="615" y="719"/>
</points>
</Connector>
<Connector class="oracle.dbtools.crest.swingui.relational.TVFKRelation" oid="613886EB-37B4-0D42-C2CE-6D0C0E8B0A19" otype="FKIndexAssociation" vid_source="A34D15FC-0682-C1A1-BAAF-FA7034824639" vid_target="FB73D5E0-3770-66DD-B6B7-2E1C2B9C1F77">
<hideElementsInCurrentOnly>false</hideElementsInCurrentOnly>
<backgroundColor>-16777216</backgroundColor>
<lineWidth>1</lineWidth>
<points>
<point x="183" y="919"/>
<point x="183" y="1011"/>
</points>
</Connector>
<Connector class="oracle.dbtools.crest.swingui.relational.TVFKRelation" oid="6EF4635B-01BD-381E-8DA7-56E989CA3126" otype="FKIndexAssociation" vid_source="5D8700BD-4BC6-7860-0073-CC94FCE75E1E" vid_target="DBAE98F1-CCC3-0ECF-9409-AE8271DC5611">
<hideElementsInCurrentOnly>false</hideElementsInCurrentOnly>
<backgroundColor>-16777216</backgroundColor>
<lineWidth>1</lineWidth>
<points>
<point x="490" y="482"/>
<point x="490" y="514"/>
</points>
</Connector>
<Connector class="oracle.dbtools.crest.swingui.relational.TVFKRelation" oid="7E76A77F-A268-A299-7910-3D17284691BC" otype="FKIndexAssociation" vid_source="AFF3DB18-534D-705D-DF34-D2453A4A9DE1" vid_target="A34D15FC-0682-C1A1-BAAF-FA7034824639">
<hideElementsInCurrentOnly>false</hideElementsInCurrentOnly>
<backgroundColor>-16777216</backgroundColor>
<lineWidth>1</lineWidth>
<points>
<point x="228" y="720"/>
<point x="228" y="809"/>
</points>
</Connector>
<Connector class="oracle.dbtools.crest.swingui.relational.TVFKRelation" oid="8EC775AD-7A18-C89E-4CF5-43E553E605F5" otype="FKIndexAssociation" vid_source="4AFA2457-758D-A529-3E7E-B480D28EA22E" vid_target="E9C3CD29-9E9C-332F-8D31-E9F6B6CAD26D">
<hideElementsInCurrentOnly>false</hideElementsInCurrentOnly>
<backgroundColor>-16777216</backgroundColor>
<lineWidth>1</lineWidth>
<points>
<point x="686" y="911"/>
<point x="686" y="1020"/>
</points>
</Connector>
<Connector class="oracle.dbtools.crest.swingui.relational.TVFKRelation" oid="94108469-E29F-6666-2E11-0C82E17BBFB4" otype="FKIndexAssociation" vid_source="418978BB-8136-5AA5-5D08-34AE41055A84" vid_target="418978BB-8136-5AA5-5D08-34AE41055A84">
<hideElementsInCurrentOnly>false</hideElementsInCurrentOnly>
<backgroundColor>-16777216</backgroundColor>
<lineWidth>1</lineWidth>
<points>
<point x="1161" y="603"/>
<point x="1161" y="645"/>
<point x="1161" y="726"/>
<point x="1059" y="726"/>
<point x="1059" y="818"/>
</points>
</Connector>
<Connector class="oracle.dbtools.crest.swingui.relational.TVFKRelation" oid="A50F0C71-6873-B665-5A6B-B08686EBC925" otype="FKIndexAssociation" vid_source="F32AB6CD-21AF-5442-A519-C1A382FF1CBB" vid_target="418978BB-8136-5AA5-5D08-34AE41055A84">
<hideElementsInCurrentOnly>false</hideElementsInCurrentOnly>
<backgroundColor>-16777216</backgroundColor>
<lineWidth>1</lineWidth>
<points>
<point x="1378" y="766"/>
<point x="1226" y="766"/>
</points>
</Connector>
<Connector class="oracle.dbtools.crest.swingui.relational.TVFKRelation" oid="B039856B-B5EE-EEC4-C416-C2FE940910DD" otype="FKIndexAssociation" vid_source="4AFA2457-758D-A529-3E7E-B480D28EA22E" vid_target="CC117B85-8308-208A-F536-37106F3EA04B">
<hideElementsInCurrentOnly>false</hideElementsInCurrentOnly>
<backgroundColor>-16777216</backgroundColor>
<lineWidth>1</lineWidth>
<points>
<point x="573" y="911"/>
<point x="573" y="1019"/>
</points>
</Connector>
<Connector class="oracle.dbtools.crest.swingui.relational.TVFKRelation" oid="C9257790-0140-94FC-A7E3-3343D49BF800" otype="FKIndexAssociation" vid_source="4AFA2457-758D-A529-3E7E-B480D28EA22E" vid_target="418978BB-8136-5AA5-5D08-34AE41055A84">
<hideElementsInCurrentOnly>false</hideElementsInCurrentOnly>
<backgroundColor>-16777216</backgroundColor>
<lineWidth>1</lineWidth>
<points>
<point x="727" y="768"/>
<point x="951" y="768"/>
</points>
</Connector>
<Connector class="oracle.dbtools.crest.swingui.relational.TVFKRelation" oid="D2A314E1-0488-AF98-28A2-2DDE5F22B11D" otype="FKIndexAssociation" vid_source="059725B3-DD6C-1C87-35E0-9B9F8D816007" vid_target="5D8700BD-4BC6-7860-0073-CC94FCE75E1E">
<hideElementsInCurrentOnly>false</hideElementsInCurrentOnly>
<backgroundColor>-16777216</backgroundColor>
<lineWidth>1</lineWidth>
<points>
<point x="431" y="239"/>
<point x="431" y="277"/>
</points>
</Connector>
<Connector class="oracle.dbtools.crest.swingui.relational.TVFKRelation" oid="D4953685-1AE4-2241-B973-A51F78793836" otype="FKIndexAssociation" vid_source="E9C3CD29-9E9C-332F-8D31-E9F6B6CAD26D" vid_target="4AFA2457-758D-A529-3E7E-B480D28EA22E">
<hideElementsInCurrentOnly>false</hideElementsInCurrentOnly>
<backgroundColor>-16777216</backgroundColor>
<lineWidth>1</lineWidth>
<points>
<point x="701" y="1020"/>
<point x="701" y="911"/>
</points>
</Connector>
<Connector class="oracle.dbtools.crest.swingui.relational.TVFKRelation" oid="D74DFE74-4AFD-700D-7190-25D6BBB5075D" otype="FKIndexAssociation" vid_source="A34D15FC-0682-C1A1-BAAF-FA7034824639" vid_target="4AFA2457-758D-A529-3E7E-B480D28EA22E">
<hideElementsInCurrentOnly>false</hideElementsInCurrentOnly>
<backgroundColor>-16777216</backgroundColor>
<lineWidth>1</lineWidth>
<points>
<point x="408" y="860"/>
<point x="503" y="860"/>
</points>
</Connector>
<Connector class="oracle.dbtools.crest.swingui.relational.TVFKRelation" oid="F5262F16-8943-733E-DAEB-B9371B69F50D" otype="FKIndexAssociation" vid_source="A34D15FC-0682-C1A1-BAAF-FA7034824639" vid_target="0BE180A3-D18D-9D82-D6EE-B1A486FA621A">
<hideElementsInCurrentOnly>false</hideElementsInCurrentOnly>
<backgroundColor>-16777216</backgroundColor>
<lineWidth>1</lineWidth>
<points>
<point x="396" y="919"/>
<point x="396" y="1294"/>
</points>
</Connector>
<Connector class="oracle.dbtools.crest.swingui.relational.TVFKRelation" oid="F917E632-E75B-C0BA-9D2E-486D22CBE909" otype="FKIndexAssociation" vid_source="929DBF20-0944-9ED0-66FA-780A6B12E9B8" vid_target="418978BB-8136-5AA5-5D08-34AE41055A84">
<hideElementsInCurrentOnly>false</hideElementsInCurrentOnly>
<backgroundColor>-16777216</backgroundColor>
<lineWidth>1</lineWidth>
<points>
<point x="1376" y="618"/>
<point x="1226" y="618"/>
</points>
</Connector>
<Connector class="oracle.dbtools.crest.swingui.relational.TVFKRelation" oid="FA207E46-F72F-5E27-7D2E-E4BD48138B27" otype="FKIndexAssociation" vid_source="A34D15FC-0682-C1A1-BAAF-FA7034824639" vid_target="3A1A27B4-F959-2598-11A0-C60702F016DE">
<hideElementsInCurrentOnly>false</hideElementsInCurrentOnly>
<backgroundColor>-16777216</backgroundColor>
<lineWidth>1</lineWidth>
<points>
<point x="247" y="919"/>
<point x="247" y="1221"/>
</points>
</Connector>
</connectors>
<arcs>
<Arc class="oracle.dbtools.crest.swingui.relational.TVFKArc" oid="8EF89AE7-79C7-76B3-0E33-175A814D416D" otype="FKArc" vid="C9D1B6E8-481A-B2BB-822B-9B4711EBBB9F">
<hideElementsInCurrentOnly>false</hideElementsInCurrentOnly>
<bounds x="200" y="257" width="623" height="245"/>
</Arc>
</arcs>
</Diagram>