<?xml version = '1.0' encoding = 'UTF-8'?>
<Diagram class="oracle.dbtools.crest.swingui.relational.DPVRelationalSubView" name="From_LM_Logical - SubView_1" id="C73FA21A-1D31-E5F2-7D79-914D3D4A433E">
<createdBy>fran_</createdBy>
<modifiedBy>fran_</modifiedBy>
<createdTime>2025-09-15 21:10:32 UTC</createdTime>
<autoRoute>false</autoRoute>
<boxInbox>true</boxInbox>
<showLegend>false</showLegend>
<showLabels>false</showLabels>
<showRelAttributes>false</showRelAttributes>
<gridEnabled>false</gridEnabled>
<showGrid>false</showGrid>
<diagramColor>-1</diagramColor>
<display>false</display>
<generatorId>D8E8F40B-683C-2A26-9130-7D5338A38D1E</generatorId>
<notation>1</notation>
<objectViews>
<OView class="oracle.dbtools.crest.swingui.relational.TVTable" oid="AE849BD0-1215-7156-9680-DF83C9974D4F" otype="Table" vid="120A96DA-CCAE-EA4A-5C3B-3420530D0677">
<hideElementsInCurrentOnly>false</hideElementsInCurrentOnly>
<bounds x="214" y="259" width="583" height="166"/>
<generatorID>44E9D119-C54C-C9C9-BEDA-8E50B677E923</generatorID>
</OView>
</objectViews>
</Diagram>