<?xml version = '1.0' encoding = 'UTF-8'?>
<Diagram class="oracle.dbtools.crest.swingui.relational.DPVRelational" name="Relational_1" id="D98B59AE-7009-B34B-488F-818B98497F9C">
<createdBy>fran_</createdBy>
<modifiedBy>fran_</modifiedBy>
<createdTime>2025-10-12 14:11:41 UTC</createdTime>
<autoRoute>false</autoRoute>
<boxInbox>true</boxInbox>
<showLegend>false</showLegend>
<showLabels>false</showLabels>
<showRelAttributes>false</showRelAttributes>
<gridEnabled>false</gridEnabled>
<showGrid>false</showGrid>
<diagramColor>-1</diagramColor>
<display>false</display>
<notation>1</notation>
<objectViews>
<OView class="oracle.dbtools.crest.swingui.relational.TVTable" oid="0A1E6C9F-24F5-A96E-A64A-3E39088EE54D" otype="Table" vid="6D952776-DFF6-22E5-8883-37587322FC0C">
<hideElementsInCurrentOnly>false</hideElementsInCurrentOnly>
<bounds x="62" y="33" width="203" height="97"/>
</OView>
<OView class="oracle.dbtools.crest.swingui.relational.TVTable" oid="10867944-4E11-B711-1398-A434BE47DAF0" otype="Table" vid="014F91EC-2C82-34DB-D98C-D3B076FEEE85">
<hideElementsInCurrentOnly>false</hideElementsInCurrentOnly>
<bounds x="498" y="69" width="712" height="291"/>
</OView>
<OView class="oracle.dbtools.crest.swingui.relational.TVTable" oid="172B6977-A8B1-1ACB-18B8-58C4C8C7D2AD" otype="Table" vid="FD10E2A1-F5C0-FF22-75DB-07E827870C39">
<hideElementsInCurrentOnly>false</hideElementsInCurrentOnly>
<bounds x="29" y="706" width="368" height="154"/>
</OView>
<OView class="oracle.dbtools.crest.swingui.relational.TVTable" oid="2DEF5DC2-C684-0CFE-60CA-C4FC98A892E1" otype="Table" vid="EB6A93B3-D7C2-AEF5-BF5C-98188477C4B6">
<hideElementsInCurrentOnly>false</hideElementsInCurrentOnly>
<bounds x="764" y="393" width="236" height="125"/>
</OView>
<OView class="oracle.dbtools.crest.swingui.relational.TVTable" oid="32584703-7B15-FA03-7B7F-D844DF02B933" otype="Table" vid="C8FBD653-B316-96E0-16E6-24494C984F33">
<hideElementsInCurrentOnly>false</hideElementsInCurrentOnly>
<bounds x="1386" y="207" width="183" height="83"/>
</OView>
<OView class="oracle.dbtools.crest.swingui.relational.TVTable" oid="5244C399-819F-C2F8-800E-7819ADC2535E" otype="Table" vid="2ECDAAE0-8025-9194-65F0-11453E2678A0">
<hideElementsInCurrentOnly>false</hideElementsInCurrentOnly>
<bounds x="1385" y="103" width="189" height="90"/>
</OView>
<OView class="oracle.dbtools.crest.swingui.relational.TVTable" oid="7D44DB74-CEBF-16D7-68F4-1EAE11CC209D" otype="Table" vid="1DBC3FE5-C93E-A349-1CA5-B888C9A05C60">
<hideElementsInCurrentOnly>false</hideElementsInCurrentOnly>
<bounds x="1087" y="633" width="191" height="122"/>
</OView>
<OView class="oracle.dbtools.crest.swingui.relational.TVTable" oid="8E16A8E1-8EC9-35DD-3333-2920F0AF9214" otype="Table" vid="775CE660-20A9-F3BC-3343-424162465F71">
<hideElementsInCurrentOnly>false</hideElementsInCurrentOnly>
<bounds x="54" y="180" width="240" height="108"/>
</OView>
<OView class="oracle.dbtools.crest.swingui.relational.TVTable" oid="9A050970-CA1B-EA40-D56A-CBC341E2D774" otype="Table" vid="C232B34C-B942-EF4A-8CFE-583D07B4B32F">
<hideElementsInCurrentOnly>false</hideElementsInCurrentOnly>
<bounds x="40" y="511" width="278" height="152"/>
</OView>
<OView class="oracle.dbtools.crest.swingui.relational.TVTable" oid="B1A5C446-041B-A043-EC09-4D8512FE19F4" otype="Table" vid="263FF6CA-8B19-078A-2F39-D9535D80384D">
<hideElementsInCurrentOnly>false</hideElementsInCurrentOnly>
<bounds x="501" y="390" width="230" height="118"/>
</OView>
<OView class="oracle.dbtools.crest.swingui.relational.TVTable" oid="C1689FE1-241A-93B6-CE5B-C56F6BFB791B" otype="Table" vid="27A98948-0A3A-9B65-B31C-E9A730BE5E3E">
<hideElementsInCurrentOnly>false</hideElementsInCurrentOnly>
<bounds x="499" y="628" width="487" height="155"/>
</OView>
<OView class="oracle.dbtools.crest.swingui.relational.TVTable" oid="D7933845-0C0C-416F-AEDA-5D8EE9911983" otype="Table" vid="63C52A75-7669-A320-6213-4EE4E7E183ED">
<hideElementsInCurrentOnly>false</hideElementsInCurrentOnly>
<bounds x="1007" y="393" width="298" height="137"/>
</OView>
<OView class="oracle.dbtools.crest.swingui.relational.TVTable" oid="DA01C66A-EFE7-78AC-7618-98E19701529A" otype="Table" vid="E8CAD898-9E5C-CB62-61A2-23D2FCC9274F">
<hideElementsInCurrentOnly>false</hideElementsInCurrentOnly>
<bounds x="50" y="329" width="250" height="124"/>
</OView>
</objectViews>
<connectors>
<Connector class="oracle.dbtools.crest.swingui.relational.TVFKRelation" oid="0D09A6E2-8833-5135-63A2-6D54DAD22D07" otype="FKIndexAssociation" vid_source="014F91EC-2C82-34DB-D98C-D3B076FEEE85" vid_target="EB6A93B3-D7C2-AEF5-BF5C-98188477C4B6">
<hideElementsInCurrentOnly>false</hideElementsInCurrentOnly>
<backgroundColor>-16777216</backgroundColor>
<lineWidth>1</lineWidth>
<points>
<point x="882" y="360"/>
<point x="882" y="393"/>
</points>
</Connector>
<Connector class="oracle.dbtools.crest.swingui.relational.TVFKRelation" oid="10F556F1-32AF-8E91-6C7F-A8212A6967C0" otype="FKIndexAssociation" vid_source="1DBC3FE5-C93E-A349-1CA5-B888C9A05C60" vid_target="27A98948-0A3A-9B65-B31C-E9A730BE5E3E">
<hideElementsInCurrentOnly>false</hideElementsInCurrentOnly>
<backgroundColor>-16777216</backgroundColor>
<lineWidth>1</lineWidth>
<points>
<point x="1087" y="694"/>
<point x="986" y="694"/>
</points>
</Connector>
<Connector class="oracle.dbtools.crest.swingui.relational.TVFKRelation" oid="18A7BE46-F51E-7D31-C83D-239831880D73" otype="FKIndexAssociation" vid_source="014F91EC-2C82-34DB-D98C-D3B076FEEE85" vid_target="63C52A75-7669-A320-6213-4EE4E7E183ED">
<hideElementsInCurrentOnly>false</hideElementsInCurrentOnly>
<backgroundColor>-16777216</backgroundColor>
<lineWidth>1</lineWidth>
<points>
<point x="1108" y="360"/>
<point x="1108" y="393"/>
</points>
</Connector>
<Connector class="oracle.dbtools.crest.swingui.relational.TVFKRelation" oid="1D54B77A-0AB6-E9CE-57EA-5B091A004CC9" otype="FKIndexAssociation" vid_source="2ECDAAE0-8025-9194-65F0-11453E2678A0" vid_target="014F91EC-2C82-34DB-D98C-D3B076FEEE85">
<hideElementsInCurrentOnly>false</hideElementsInCurrentOnly>
<backgroundColor>-16777216</backgroundColor>
<lineWidth>1</lineWidth>
<points>
<point x="1385" y="148"/>
<point x="1210" y="148"/>
</points>
</Connector>
<Connector class="oracle.dbtools.crest.swingui.relational.TVFKRelation" oid="2CE51756-E1B3-60B8-DD83-B12EC2538064" otype="FKIndexAssociation" vid_source="775CE660-20A9-F3BC-3343-424162465F71" vid_target="E8CAD898-9E5C-CB62-61A2-23D2FCC9274F">
<hideElementsInCurrentOnly>false</hideElementsInCurrentOnly>
<backgroundColor>-16777216</backgroundColor>
<lineWidth>1</lineWidth>
<points>
<point x="174" y="288"/>
<point x="174" y="329"/>
</points>
</Connector>
<Connector class="oracle.dbtools.crest.swingui.relational.TVFKRelation" oid="301E2A69-56F6-DA76-1A94-14D90D5F0302" otype="FKIndexAssociation" vid_source="E8CAD898-9E5C-CB62-61A2-23D2FCC9274F" vid_target="C232B34C-B942-EF4A-8CFE-583D07B4B32F">
<hideElementsInCurrentOnly>false</hideElementsInCurrentOnly>
<backgroundColor>-16777216</backgroundColor>
<lineWidth>1</lineWidth>
<points>
<point x="175" y="453"/>
<point x="175" y="511"/>
</points>
</Connector>
<Connector class="oracle.dbtools.crest.swingui.relational.TVFKRelation" oid="3073088F-DC7E-05D5-5A35-5A4FC2E4A00C" otype="FKIndexAssociation" vid_source="014F91EC-2C82-34DB-D98C-D3B076FEEE85" vid_target="263FF6CA-8B19-078A-2F39-D9535D80384D">
<hideElementsInCurrentOnly>false</hideElementsInCurrentOnly>
<backgroundColor>-16777216</backgroundColor>
<lineWidth>1</lineWidth>
<points>
<point x="601" y="360"/>
<point x="601" y="390"/>
</points>
</Connector>
<Connector class="oracle.dbtools.crest.swingui.relational.TVFKRelation" oid="3D3172BD-768B-5896-053C-9468FF56E92E" otype="FKIndexAssociation" vid_source="FD10E2A1-F5C0-FF22-75DB-07E827870C39" vid_target="27A98948-0A3A-9B65-B31C-E9A730BE5E3E">
<hideElementsInCurrentOnly>false</hideElementsInCurrentOnly>
<backgroundColor>-16777216</backgroundColor>
<lineWidth>1</lineWidth>
<points>
<point x="397" y="744"/>
<point x="499" y="744"/>
</points>
</Connector>
<Connector class="oracle.dbtools.crest.swingui.relational.TVFKRelation" oid="557DBBE7-C7A9-2BB7-FCAA-CFA928046DA5" otype="FKIndexAssociation" vid_source="C232B34C-B942-EF4A-8CFE-583D07B4B32F" vid_target="FD10E2A1-F5C0-FF22-75DB-07E827870C39">
<hideElementsInCurrentOnly>false</hideElementsInCurrentOnly>
<backgroundColor>-16777216</backgroundColor>
<lineWidth>1</lineWidth>
<points>
<point x="179" y="663"/>
<point x="179" y="706"/>
</points>
</Connector>
<Connector class="oracle.dbtools.crest.swingui.relational.TVFKRelation" oid="A2239DD6-DB93-D2CC-7C1C-55F655DA87AF" otype="FKIndexAssociation" vid_source="6D952776-DFF6-22E5-8883-37587322FC0C" vid_target="775CE660-20A9-F3BC-3343-424162465F71">
<hideElementsInCurrentOnly>false</hideElementsInCurrentOnly>
<backgroundColor>-16777216</backgroundColor>
<lineWidth>1</lineWidth>
<points>
<point x="148" y="130"/>
<point x="148" y="180"/>
</points>
</Connector>
<Connector class="oracle.dbtools.crest.swingui.relational.TVFKRelation" oid="AA8F3A27-73A0-EFDC-768E-240BEAB209DE" otype="FKIndexAssociation" vid_source="C8FBD653-B316-96E0-16E6-24494C984F33" vid_target="014F91EC-2C82-34DB-D98C-D3B076FEEE85">
<hideElementsInCurrentOnly>false</hideElementsInCurrentOnly>
<backgroundColor>-16777216</backgroundColor>
<lineWidth>1</lineWidth>
<points>
<point x="1386" y="263"/>
<point x="1210" y="263"/>
</points>
</Connector>
<Connector class="oracle.dbtools.crest.swingui.relational.TVFKRelation" oid="BC374C79-1FD2-537D-F452-5328779661C6" otype="FKIndexAssociation" vid_source="263FF6CA-8B19-078A-2F39-D9535D80384D" vid_target="014F91EC-2C82-34DB-D98C-D3B076FEEE85">
<hideElementsInCurrentOnly>false</hideElementsInCurrentOnly>
<backgroundColor>-16777216</backgroundColor>
<lineWidth>1</lineWidth>
<points>
<point x="646" y="390"/>
<point x="646" y="360"/>
</points>
</Connector>
<Connector class="oracle.dbtools.crest.swingui.relational.TVFKRelation" oid="DBD5F7FF-6DC8-8142-164C-569EC2299F8F" otype="FKIndexAssociation" vid_source="014F91EC-2C82-34DB-D98C-D3B076FEEE85" vid_target="27A98948-0A3A-9B65-B31C-E9A730BE5E3E">
<hideElementsInCurrentOnly>false</hideElementsInCurrentOnly>
<backgroundColor>-16777216</backgroundColor>
<lineWidth>1</lineWidth>
<points>
<point x="757" y="360"/>
<point x="757" y="628"/>
</points>
</Connector>
</connectors>
<arcs>
<Arc class="oracle.dbtools.crest.swingui.relational.TVFKArc" oid="25B062A2-CF45-55FA-3BAC-3D1781CE1DA6" otype="FKArc" vid="7ABBD279-D5F2-00D0-8EBA-76A0B7033D68">
<hideElementsInCurrentOnly>false</hideElementsInCurrentOnly>
<bounds x="478" y="49" width="752" height="331"/>
</Arc>
</arcs>
</Diagram>