<?xml version = '1.0' encoding = 'UTF-8'?>
<Entity class="oracle.dbtools.crest.model.design.logical.Entity" directorySegmentName="seg_0" id="093F8816-DD02-9216-9386-4004F6C5AA53" name="VUELO">
<createdBy>fran_</createdBy>
<createdTime>2025-08-17 16:02:09 UTC</createdTime>
<ownerDesignName>Exp1_S1_grupo_6</ownerDesignName>
<engineerTo>
<item key="F1B41D38-F67B-F816-0B03-884CB245C0D7" value="true"/>
</engineerTo>
<adequatelyNormalized>NO</adequatelyNormalized>
<expectedVolumes>0</expectedVolumes>
<fwdEngineeringStrategyName>Single Table</fwdEngineeringStrategyName>
<growthPercent>0</growthPercent>
<growthType>Year</growthType>
<maxVolumes>9999999</maxVolumes>
<minVolumes>0</minVolumes>
<normalForm>Third</normalForm>
<attributes itemClass="oracle.dbtools.crest.model.design.logical.Attribute">
<Attribute name="numero_vuelo" id="8863479D-5892-69D0-25D7-E533B603EFDC">
<createdBy>fran_</createdBy>
<createdTime>2025-08-17 16:02:22 UTC</createdTime>
<ownerDesignName>Exp1_S1_grupo_6</ownerDesignName>
<engineerTo>
<item key="F1B41D38-F67B-F816-0B03-884CB245C0D7" value="true"/>
</engineerTo>
<useDomainConstraints>false</useDomainConstraints>
<use>1</use>
<logicalDatatype>LOGDT019</logicalDatatype>
<dataTypePrecision>5</dataTypePrecision>
<ownDataTypeParameters>,5,</ownDataTypeParameters>
</Attribute>
<Attribute name="fecha_despegue" id="945A1AE8-CC35-C9ED-9C59-4E9C978E46E6">
<createdBy>fran_</createdBy>
<createdTime>2025-08-17 16:06:01 UTC</createdTime>
<ownerDesignName>Exp1_S1_grupo_6</ownerDesignName>
<engineerTo>
<item key="F1B41D38-F67B-F816-0B03-884CB245C0D7" value="true"/>
</engineerTo>
<useDomainConstraints>false</useDomainConstraints>
<use>1</use>
<logicalDatatype>LOGDT007</logicalDatatype>
<ownDataTypeParameters>,,</ownDataTypeParameters>
</Attribute>
<Attribute name="hora_salida" id="FE03B0DB-85FE-B006-4C0C-BA6657496730">
<createdBy>fran_</createdBy>
<createdTime>2025-08-17 16:07:27 UTC</createdTime>
<ownerDesignName>Exp1_S1_grupo_6</ownerDesignName>
<engineerTo>
<item key="F1B41D38-F67B-F816-0B03-884CB245C0D7" value="true"/>
</engineerTo>
<useDomainConstraints>false</useDomainConstraints>
<use>1</use>
<logicalDatatype>LOGDT014</logicalDatatype>
<ownDataTypeParameters>,,</ownDataTypeParameters>
</Attribute>
<Attribute name="fecha_llegada_aeropuerto_destino" id="7A8D9C8B-E73D-3991-31A4-4485C27A86FE">
<createdBy>fran_</createdBy>
<createdTime>2025-08-17 16:09:41 UTC</createdTime>
<ownerDesignName>Exp1_S1_grupo_6</ownerDesignName>
<engineerTo>
<item key="F1B41D38-F67B-F816-0B03-884CB245C0D7" value="true"/>
</engineerTo>
<nullsAllowed>true</nullsAllowed>
<useDomainConstraints>false</useDomainConstraints>
<use>1</use>
<logicalDatatype>LOGDT007</logicalDatatype>
<ownDataTypeParameters>,,</ownDataTypeParameters>
</Attribute>
</attributes>
<identifiers itemClass="oracle.dbtools.crest.model.design.logical.CandidateKey">
<identifier id="3A758FC2-013C-5FA9-FB4C-97C095B6F16B" name="VUELOS PK">
<createdBy>fran_</createdBy>
<createdTime>2025-08-17 16:04:51 UTC</createdTime>
<ownerDesignName>Exp1_S1_grupo_6</ownerDesignName>
<engineerTo>
<item key="F1B41D38-F67B-F816-0B03-884CB245C0D7" value="true"/>
</engineerTo>
<pk>true</pk>
<usedAttributes>
<attributeRef>8863479D-5892-69D0-25D7-E533B603EFDC</attributeRef>
</usedAttributes>
</identifier>
</identifiers>
</Entity>