<?xml version = '1.0' encoding = 'UTF-8'?>
<Entity class="oracle.dbtools.crest.model.design.logical.Entity" directorySegmentName="seg_0" id="306B52F3-53FE-C101-D978-8BC4F88292FE" name="PASAJERO">
<createdBy>fran_</createdBy>
<createdTime>2025-08-17 16:11:02 UTC</createdTime>
<ownerDesignName>Exp1_S1_grupo_6</ownerDesignName>
<engineerTo>
<item key="F1B41D38-F67B-F816-0B03-884CB245C0D7" value="true"/>
</engineerTo>
<adequatelyNormalized>NO</adequatelyNormalized>
<expectedVolumes>0</expectedVolumes>
<fwdEngineeringStrategyName>Single Table</fwdEngineeringStrategyName>
<growthPercent>0</growthPercent>
<growthType>Year</growthType>
<maxVolumes>9999999</maxVolumes>
<minVolumes>0</minVolumes>
<normalForm>Third</normalForm>
<attributes itemClass="oracle.dbtools.crest.model.design.logical.Attribute">
<Attribute name="num_pasaporte_o_rut" id="064ABB36-9D16-BADD-64D8-ADB0C3C70BF1">
<createdBy>fran_</createdBy>
<createdTime>2025-08-17 16:13:26 UTC</createdTime>
<ownerDesignName>Exp1_S1_grupo_6</ownerDesignName>
<engineerTo>
<item key="F1B41D38-F67B-F816-0B03-884CB245C0D7" value="true"/>
</engineerTo>
<useDomainConstraints>false</useDomainConstraints>
<use>1</use>
<logicalDatatype>LOGDT024</logicalDatatype>
<dataTypeSize>9</dataTypeSize>
<ownDataTypeParameters>9,,</ownDataTypeParameters>
</Attribute>
<Attribute name="nombre_completo" id="F1F4AA7A-A981-CCF3-4123-85C264B6CC4E">
<createdBy>fran_</createdBy>
<createdTime>2025-08-17 16:15:06 UTC</createdTime>
<ownerDesignName>Exp1_S1_grupo_6</ownerDesignName>
<engineerTo>
<item key="F1B41D38-F67B-F816-0B03-884CB245C0D7" value="true"/>
</engineerTo>
<useDomainConstraints>false</useDomainConstraints>
<use>1</use>
<logicalDatatype>LOGDT024</logicalDatatype>
<dataTypeSize>35</dataTypeSize>
<ownDataTypeParameters>35,,</ownDataTypeParameters>
</Attribute>
<Attribute name="fecha_nacimiento" id="37AE04DD-340E-98CB-A562-79CC2FDB053A">
<createdBy>fran_</createdBy>
<createdTime>2025-08-17 16:17:06 UTC</createdTime>
<ownerDesignName>Exp1_S1_grupo_6</ownerDesignName>
<engineerTo>
<item key="F1B41D38-F67B-F816-0B03-884CB245C0D7" value="true"/>
</engineerTo>
<useDomainConstraints>false</useDomainConstraints>
<use>1</use>
<logicalDatatype>LOGDT007</logicalDatatype>
<ownDataTypeParameters>,,</ownDataTypeParameters>
</Attribute>
<Attribute name="nacionalidad" id="E6339B4E-A044-0D4E-2373-7D7A23107D0C">
<createdBy>fran_</createdBy>
<createdTime>2025-08-17 16:17:42 UTC</createdTime>
<ownerDesignName>Exp1_S1_grupo_6</ownerDesignName>
<engineerTo>
<item key="F1B41D38-F67B-F816-0B03-884CB245C0D7" value="true"/>
</engineerTo>
<nullsAllowed>true</nullsAllowed>
<useDomainConstraints>false</useDomainConstraints>
<use>1</use>
<logicalDatatype>LOGDT024</logicalDatatype>
<dataTypeSize>25</dataTypeSize>
<ownDataTypeParameters>25,,</ownDataTypeParameters>
</Attribute>
<Attribute name="telefono" id="540243E9-48D9-B731-5428-158C972F6D5C">
<createdBy>fran_</createdBy>
<createdTime>2025-08-17 16:19:33 UTC</createdTime>
<ownerDesignName>Exp1_S1_grupo_6</ownerDesignName>
<engineerTo>
<item key="F1B41D38-F67B-F816-0B03-884CB245C0D7" value="true"/>
</engineerTo>
<nullsAllowed>true</nullsAllowed>
<useDomainConstraints>false</useDomainConstraints>
<use>1</use>
<logicalDatatype>LOGDT019</logicalDatatype>
<dataTypePrecision>12</dataTypePrecision>
<ownDataTypeParameters>,12,</ownDataTypeParameters>
</Attribute>
<Attribute name="correo_electronico" id="447624FD-8246-CA7C-3B91-B3F62F02C2EE">
<createdBy>fran_</createdBy>
<createdTime>2025-08-17 16:21:12 UTC</createdTime>
<ownerDesignName>Exp1_S1_grupo_6</ownerDesignName>
<engineerTo>
<item key="F1B41D38-F67B-F816-0B03-884CB245C0D7" value="true"/>
</engineerTo>
<nullsAllowed>true</nullsAllowed>
<useDomainConstraints>false</useDomainConstraints>
<use>1</use>
<logicalDatatype>LOGDT024</logicalDatatype>
<ownDataTypeParameters>,,</ownDataTypeParameters>
</Attribute>
</attributes>
<identifiers itemClass="oracle.dbtools.crest.model.design.logical.CandidateKey">
<identifier id="0F36D47F-7AD2-26C1-A652-7C2350548E7E" name="PASAJERO PK">
<createdBy>fran_</createdBy>
<createdTime>2025-08-17 16:15:01 UTC</createdTime>
<ownerDesignName>Exp1_S1_grupo_6</ownerDesignName>
<engineerTo>
<item key="F1B41D38-F67B-F816-0B03-884CB245C0D7" value="true"/>
</engineerTo>
<pk>true</pk>
<usedAttributes>
<attributeRef>064ABB36-9D16-BADD-64D8-ADB0C3C70BF1</attributeRef>
</usedAttributes>
</identifier>
</identifiers>
</Entity>