<?xml version = '1.0' encoding = 'UTF-8'?>
<Entity class="oracle.dbtools.crest.model.design.logical.Entity" directorySegmentName="seg_0" id="992B5D40-02E5-5559-B60F-435C89931BC0" name="EMPLEADO">
<createdBy>fran_</createdBy>
<createdTime>2025-08-17 16:22:08 UTC</createdTime>
<ownerDesignName>Exp1_S1_grupo_6</ownerDesignName>
<engineerTo>
<item key="F1B41D38-F67B-F816-0B03-884CB245C0D7" value="true"/>
</engineerTo>
<adequatelyNormalized>NO</adequatelyNormalized>
<expectedVolumes>0</expectedVolumes>
<fwdEngineeringStrategyName>Single Table</fwdEngineeringStrategyName>
<growthPercent>0</growthPercent>
<growthType>Year</growthType>
<maxVolumes>9999999</maxVolumes>
<minVolumes>0</minVolumes>
<normalForm>Third</normalForm>
<attributes itemClass="oracle.dbtools.crest.model.design.logical.Attribute">
<Attribute name="rut" id="BBA36B12-1CDB-91BE-7F10-AB4E885E97AC">
<createdBy>fran_</createdBy>
<createdTime>2025-08-17 16:22:20 UTC</createdTime>
<ownerDesignName>Exp1_S1_grupo_6</ownerDesignName>
<engineerTo>
<item key="F1B41D38-F67B-F816-0B03-884CB245C0D7" value="true"/>
</engineerTo>
<useDomainConstraints>false</useDomainConstraints>
<use>1</use>
<logicalDatatype>LOGDT024</logicalDatatype>
<dataTypeSize>9</dataTypeSize>
<ownDataTypeParameters>9,,</ownDataTypeParameters>
</Attribute>
<Attribute name="nombre_completo" id="89650882-9A1C-45B0-6CD6-7ACFF223C518">
<createdBy>fran_</createdBy>
<createdTime>2025-08-17 16:23:24 UTC</createdTime>
<ownerDesignName>Exp1_S1_grupo_6</ownerDesignName>
<engineerTo>
<item key="F1B41D38-F67B-F816-0B03-884CB245C0D7" value="true"/>
</engineerTo>
<useDomainConstraints>false</useDomainConstraints>
<use>1</use>
<logicalDatatype>LOGDT024</logicalDatatype>
<dataTypeSize>35</dataTypeSize>
<ownDataTypeParameters>35,,</ownDataTypeParameters>
</Attribute>
<Attribute name="direccion" id="B480C009-3DBC-55CC-2686-8CCAF6ED2758">
<createdBy>fran_</createdBy>
<createdTime>2025-08-17 16:24:02 UTC</createdTime>
<ownerDesignName>Exp1_S1_grupo_6</ownerDesignName>
<engineerTo>
<item key="F1B41D38-F67B-F816-0B03-884CB245C0D7" value="true"/>
</engineerTo>
<useDomainConstraints>false</useDomainConstraints>
<use>1</use>
<logicalDatatype>LOGDT024</logicalDatatype>
<dataTypeSize>50</dataTypeSize>
<ownDataTypeParameters>50,,</ownDataTypeParameters>
</Attribute>
<Attribute name="sueldo_base" id="30911E46-F9AF-BD53-2B3E-E854B59FE080">
<createdBy>fran_</createdBy>
<createdTime>2025-08-17 16:24:40 UTC</createdTime>
<ownerDesignName>Exp1_S1_grupo_6</ownerDesignName>
<engineerTo>
<item key="F1B41D38-F67B-F816-0B03-884CB245C0D7" value="true"/>
</engineerTo>
<useDomainConstraints>false</useDomainConstraints>
<use>1</use>
<logicalDatatype>LOGDT019</logicalDatatype>
<dataTypePrecision>10</dataTypePrecision>
<ownDataTypeParameters>,10,</ownDataTypeParameters>
</Attribute>
<Attribute name="fecha_ingreso" id="1C86CA17-A30A-E7AC-E092-6C893A0CAFB2">
<createdBy>fran_</createdBy>
<createdTime>2025-08-17 16:26:56 UTC</createdTime>
<ownerDesignName>Exp1_S1_grupo_6</ownerDesignName>
<engineerTo>
<item key="F1B41D38-F67B-F816-0B03-884CB245C0D7" value="true"/>
</engineerTo>
<useDomainConstraints>false</useDomainConstraints>
<use>1</use>
<logicalDatatype>LOGDT007</logicalDatatype>
<ownDataTypeParameters>,,</ownDataTypeParameters>
</Attribute>
<Attribute name="genero" id="A53ADD48-6D83-E61D-8D7F-5E968A2C8372">
<createdBy>fran_</createdBy>
<createdTime>2025-08-17 16:29:25 UTC</createdTime>
<ownerDesignName>Exp1_S1_grupo_6</ownerDesignName>
<engineerTo>
<item key="F1B41D38-F67B-F816-0B03-884CB245C0D7" value="true"/>
</engineerTo>
<useDomainConstraints>false</useDomainConstraints>
<use>1</use>
<logicalDatatype>LOGDT024</logicalDatatype>
<dataTypeSize>15</dataTypeSize>
<ownDataTypeParameters>15,,</ownDataTypeParameters>
</Attribute>
<Attribute name="telefono" id="0CD92BA8-42A5-FD69-0481-6E69CDFA9CE5">
<createdBy>fran_</createdBy>
<createdTime>2025-08-17 16:31:06 UTC</createdTime>
<ownerDesignName>Exp1_S1_grupo_6</ownerDesignName>
<engineerTo>
<item key="F1B41D38-F67B-F816-0B03-884CB245C0D7" value="true"/>
</engineerTo>
<nullsAllowed>true</nullsAllowed>
<useDomainConstraints>false</useDomainConstraints>
<use>1</use>
<logicalDatatype>LOGDT019</logicalDatatype>
<dataTypePrecision>12</dataTypePrecision>
<ownDataTypeParameters>,12,</ownDataTypeParameters>
</Attribute>
<Attribute name="telefono_contacto" id="F8995EE5-A550-EE7B-9FBF-D5888FA115B3">
<createdBy>fran_</createdBy>
<createdTime>2025-08-17 16:32:16 UTC</createdTime>
<ownerDesignName>Exp1_S1_grupo_6</ownerDesignName>
<engineerTo>
<item key="F1B41D38-F67B-F816-0B03-884CB245C0D7" value="true"/>
</engineerTo>
<nullsAllowed>true</nullsAllowed>
<useDomainConstraints>false</useDomainConstraints>
<use>1</use>
<logicalDatatype>LOGDT019</logicalDatatype>
<dataTypePrecision>12</dataTypePrecision>
<ownDataTypeParameters>,12,</ownDataTypeParameters>
</Attribute>
</attributes>
<identifiers itemClass="oracle.dbtools.crest.model.design.logical.CandidateKey">
<identifier id="31F72C2D-AC64-B026-CC56-7E186A3604A2" name="EMPLEADO PK">
<createdBy>fran_</createdBy>
<createdTime>2025-08-17 16:23:22 UTC</createdTime>
<ownerDesignName>Exp1_S1_grupo_6</ownerDesignName>
<engineerTo>
<item key="F1B41D38-F67B-F816-0B03-884CB245C0D7" value="true"/>
</engineerTo>
<pk>true</pk>
<usedAttributes>
<attributeRef>BBA36B12-1CDB-91BE-7F10-AB4E885E97AC</attributeRef>
</usedAttributes>
</identifier>
</identifiers>
</Entity>