<?xml version = '1.0' encoding = 'UTF-8'?>
<FKIndexAssociation class="oracle.dbtools.crest.model.design.relational.FKIndexAssociation" directorySegmentName="seg_0" id="01971573-870B-E4AF-8133-6A66B100473C" containerWithKeyObject="A6873196-1E55-6EE9-D2AC-A267EDECBC11" localFKIndex="CF6C0C1C-9255-04A8-E880-69530ABD7B88" name="FICHA_M_PACIENTE_FK">
<createdBy>fran_</createdBy>
<createdTime>2025-09-15 21:10:32 UTC</createdTime>
<generatorID>A19C1673-B397-01BD-508D-81FC290A0AF5</generatorID>
<ownerDesignName>Exp2_S5_Francisca_Aguilar</ownerDesignName>
<referredTableLongName>PACIENTE</referredTableLongName>
<deleteRule>NO ACTION</deleteRule>
<referredTableID>AE849BD0-1215-7156-9680-DF83C9974D4F</referredTableID>
<keyObject>D6FCD1CC-D725-12A6-504D-55F6B4BFDD37</keyObject>
<referredKeyID>D6FCD1CC-D725-12A6-504D-55F6B4BFDD37</referredKeyID>
<mandatory>true</mandatory>
<refColNames>rut_pac</refColNames>
<transferable>true</transferable>
<rely>false</rely>
<columnDependencyConstraintGenerateInDDL>true</columnDependencyConstraintGenerateInDDL>
</FKIndexAssociation>