<?xml version = '1.0' encoding = 'UTF-8'?>
<FKIndexAssociation class="oracle.dbtools.crest.model.design.relational.FKIndexAssociation" directorySegmentName="seg_0" id="29F8A9A0-8F5F-020C-6258-DA525C885A96" containerWithKeyObject="0D89C2E1-1C48-59F7-65E1-13D83BB1B2BE" localFKIndex="979848FD-072B-0583-D2A2-4A9408C5C030" name="MEDICO_AFP_FK">
<createdBy>fran_</createdBy>
<createdTime>2025-09-15 21:10:32 UTC</createdTime>
<generatorID>87A787AF-44F2-DB74-5B4B-B46531822C14</generatorID>
<ownerDesignName>Exp2_S5_Francisca_Aguilar</ownerDesignName>
<referredTableLongName>AFP</referredTableLongName>
<deleteRule>NO ACTION</deleteRule>
<referredTableID>B0E40AAF-1459-84A3-6C93-DF5058DA7294</referredTableID>
<keyObject>431C7771-AFE1-26DE-230C-C22FAA7D4F75</keyObject>
<referredKeyID>431C7771-AFE1-26DE-230C-C22FAA7D4F75</referredKeyID>
<mandatory>false</mandatory>
<refColNames>cod_afp</refColNames>
<transferable>true</transferable>
<rely>false</rely>
<columnDependencyConstraintGenerateInDDL>true</columnDependencyConstraintGenerateInDDL>
</FKIndexAssociation>