<?xml version = '1.0' encoding = 'UTF-8'?>
<FKIndexAssociation class="oracle.dbtools.crest.model.design.relational.FKIndexAssociation" directorySegmentName="seg_0" id="32C756F5-C0A6-6EB4-0493-A40C1C1AC3C5" containerWithKeyObject="C63F162E-A59F-59E1-2C31-D1416255126F" localFKIndex="1EAED375-7A2B-EC83-8BB6-E2B8382D9E21" name="PERSONAL_ADMINISTRATIVOv1_PACIENTE_FK">
<createdBy>fran_</createdBy>
<createdTime>2025-09-16 00:46:21 UTC</createdTime>
<generatorID>E84093CA-E558-4425-A680-31AB361A9A5B</generatorID>
<ownerDesignName>Exp2_S5_Francisca_Aguilar</ownerDesignName>
<referredTableLongName>PACIENTE</referredTableLongName>
<arc>8EF89AE7-79C7-76B3-0E33-175A814D416D</arc>
<deleteRule>NO ACTION</deleteRule>
<referredTableID>AE849BD0-1215-7156-9680-DF83C9974D4F</referredTableID>
<keyObject>D6FCD1CC-D725-12A6-504D-55F6B4BFDD37</keyObject>
<referredKeyID>D6FCD1CC-D725-12A6-504D-55F6B4BFDD37</referredKeyID>
<mandatory>true</mandatory>
<refColNames>rut_pac</refColNames>
<transferable>true</transferable>
<rely>false</rely>
<columnDependencyConstraintGenerateInDDL>true</columnDependencyConstraintGenerateInDDL>
</FKIndexAssociation>