<?xml version = '1.0' encoding = 'UTF-8'?>
<FKIndexAssociation class="oracle.dbtools.crest.model.design.relational.FKIndexAssociation" directorySegmentName="seg_0" id="339DFA3A-4DE3-2A81-70D4-1C49F1310B6A" containerWithKeyObject="DE31B55D-5E49-E507-8F00-806E1AE38F0B" localFKIndex="F941490D-4D48-12BE-7A0F-4A68DE4AD76E" name="COMUNA_REGION_FK">
<createdBy>fran_</createdBy>
<createdTime>2025-09-15 21:10:32 UTC</createdTime>
<generatorID>DF7B8B19-66F6-5C24-3857-19A99F23EEB1</generatorID>
<ownerDesignName>Exp2_S5_Francisca_Aguilar</ownerDesignName>
<referredTableLongName>REGION</referredTableLongName>
<deleteRule>NO ACTION</deleteRule>
<referredTableID>C0CE60CA-F95C-C280-933B-21047C0868D2</referredTableID>
<keyObject>2863438C-EFA6-C0B7-1F86-6528ABA0D2AD</keyObject>
<referredKeyID>2863438C-EFA6-C0B7-1F86-6528ABA0D2AD</referredKeyID>
<mandatory>true</mandatory>
<refColNames>id_region</refColNames>
<transferable>true</transferable>
<rely>false</rely>
<columnDependencyConstraintGenerateInDDL>true</columnDependencyConstraintGenerateInDDL>
</FKIndexAssociation>