<?xml version = '1.0' encoding = 'UTF-8'?>
<FKIndexAssociation class="oracle.dbtools.crest.model.design.relational.FKIndexAssociation" directorySegmentName="seg_0" id="35235B01-DDF5-2928-0F39-66CB51075A3C" containerWithKeyObject="88B43A36-8C85-FE0E-53F5-FE76CB7365A3" localFKIndex="9A2D1A06-5AC5-1F3E-FAD3-0C8E1D6D5F75" name="PAGO_A_T_PAGO_FK">
<createdBy>fran_</createdBy>
<createdTime>2025-09-15 21:10:32 UTC</createdTime>
<generatorID>CB4CB821-0EFF-79E3-7503-D1A61DA1482A</generatorID>
<ownerDesignName>Exp2_S5_Francisca_Aguilar</ownerDesignName>
<referredTableLongName>T_PAGO</referredTableLongName>
<deleteRule>NO ACTION</deleteRule>
<referredTableID>22B4DED2-8776-BF2D-B195-E158A23950CC</referredTableID>
<keyObject>087FFF1E-5752-7B83-36D2-0341F7586F30</keyObject>
<referredKeyID>087FFF1E-5752-7B83-36D2-0341F7586F30</referredKeyID>
<mandatory>true</mandatory>
<refColNames>id_tipo_p</refColNames>
<transferable>true</transferable>
<rely>false</rely>
<columnDependencyConstraintGenerateInDDL>true</columnDependencyConstraintGenerateInDDL>
</FKIndexAssociation>