<?xml version = '1.0' encoding = 'UTF-8'?>
<FKIndexAssociation class="oracle.dbtools.crest.model.design.relational.FKIndexAssociation" directorySegmentName="seg_0" id="4FCB6733-89D1-DE49-1D61-6AA6CF4ED3A7" containerWithKeyObject="D6A9E10F-BB2D-5E87-EBF1-65385A6A7EEE" localFKIndex="B52BBA5C-A5BD-640E-8D81-3FA1A16FD66B" name="PERSONAL_ACADEMICOv1_PACIENTE_FK">
<createdBy>fran_</createdBy>
<createdTime>2025-09-16 00:46:21 UTC</createdTime>
<generatorID>44584FEE-38B6-B850-770B-DD6DEFF426F8</generatorID>
<ownerDesignName>Exp2_S5_Francisca_Aguilar</ownerDesignName>
<referredTableLongName>PACIENTE</referredTableLongName>
<arc>8EF89AE7-79C7-76B3-0E33-175A814D416D</arc>
<deleteRule>NO ACTION</deleteRule>
<referredTableID>AE849BD0-1215-7156-9680-DF83C9974D4F</referredTableID>
<keyObject>D6FCD1CC-D725-12A6-504D-55F6B4BFDD37</keyObject>
<referredKeyID>D6FCD1CC-D725-12A6-504D-55F6B4BFDD37</referredKeyID>
<mandatory>true</mandatory>
<refColNames>rut_pac</refColNames>
<transferable>true</transferable>
<rely>false</rely>
<columnDependencyConstraintGenerateInDDL>true</columnDependencyConstraintGenerateInDDL>
</FKIndexAssociation>