<?xml version = '1.0' encoding = 'UTF-8'?>
<FKIndexAssociation class="oracle.dbtools.crest.model.design.relational.FKIndexAssociation" directorySegmentName="seg_0" id="566A53C4-C685-36D8-B72A-06406418CA7D" containerWithKeyObject="2A0EA76A-A92A-BCE0-FD45-8DD73931FC57" localFKIndex="2FE9C03A-DCE6-888A-EB00-B271A2403BD0" name="C_MEDICA_PACIENTE_FK">
<createdBy>fran_</createdBy>
<createdTime>2025-09-15 21:10:32 UTC</createdTime>
<generatorID>3002B6ED-BA97-98E2-7AB0-463C1B18E735</generatorID>
<ownerDesignName>Exp2_S5_Francisca_Aguilar</ownerDesignName>
<referredTableLongName>PACIENTE</referredTableLongName>
<deleteRule>NO ACTION</deleteRule>
<referredTableID>AE849BD0-1215-7156-9680-DF83C9974D4F</referredTableID>
<keyObject>D6FCD1CC-D725-12A6-504D-55F6B4BFDD37</keyObject>
<referredKeyID>D6FCD1CC-D725-12A6-504D-55F6B4BFDD37</referredKeyID>
<mandatory>true</mandatory>
<refColNames>rut_pac</refColNames>
<transferable>true</transferable>
<rely>false</rely>
<columnDependencyConstraintGenerateInDDL>true</columnDependencyConstraintGenerateInDDL>
</FKIndexAssociation>