<?xml version = '1.0' encoding = 'UTF-8'?>
<FKIndexAssociation class="oracle.dbtools.crest.model.design.relational.FKIndexAssociation" directorySegmentName="seg_0" id="613886EB-37B4-0D42-C2CE-6D0C0E8B0A19" containerWithKeyObject="9660A715-84AF-EDC5-C7E1-44CE97F8D97B" localFKIndex="1B17D41E-3A69-A428-6A46-DF6BC0BBBD2E" name="R_CLINICOS_U_ATENCION_FK">
<createdBy>fran_</createdBy>
<createdTime>2025-09-15 21:10:32 UTC</createdTime>
<generatorID>64C91A6C-AA3A-B10C-F77A-D2EA9F3AE80C</generatorID>
<ownerDesignName>Exp2_S5_Francisca_Aguilar</ownerDesignName>
<referredTableLongName>U_ATENCION</referredTableLongName>
<deleteRule>NO ACTION</deleteRule>
<referredTableID>11AE4419-D498-E1D0-3F13-40B0E2A328AE</referredTableID>
<keyObject>8D782E88-F98A-E2C7-7AF3-717A1A2EB5BD</keyObject>
<referredKeyID>8D782E88-F98A-E2C7-7AF3-717A1A2EB5BD</referredKeyID>
<mandatory>true</mandatory>
<refColNames>id_u</refColNames>
<transferable>true</transferable>
<rely>false</rely>
<columnDependencyConstraintGenerateInDDL>true</columnDependencyConstraintGenerateInDDL>
</FKIndexAssociation>