<?xml version = '1.0' encoding = 'UTF-8'?>
<FKIndexAssociation class="oracle.dbtools.crest.model.design.relational.FKIndexAssociation" directorySegmentName="seg_0" id="6EF4635B-01BD-381E-8DA7-56E989CA3126" containerWithKeyObject="8C0650CF-916F-61B4-F87E-BD61A018A8AA" localFKIndex="D3E9C5BF-0217-04F2-7F39-7910220A51E7" name="ESTUDIANTEv1_PACIENTE_FK">
<createdBy>fran_</createdBy>
<createdTime>2025-09-16 01:57:51 UTC</createdTime>
<generatorID>F217FB9C-22B6-3199-FFAE-2C9FAB48FAF7</generatorID>
<ownerDesignName>Exp2_S5_Francisca_Aguilar</ownerDesignName>
<referredTableLongName>PACIENTE</referredTableLongName>
<arc>8EF89AE7-79C7-76B3-0E33-175A814D416D</arc>
<deleteRule>NO ACTION</deleteRule>
<referredTableID>AE849BD0-1215-7156-9680-DF83C9974D4F</referredTableID>
<keyObject>D6FCD1CC-D725-12A6-504D-55F6B4BFDD37</keyObject>
<referredKeyID>D6FCD1CC-D725-12A6-504D-55F6B4BFDD37</referredKeyID>
<mandatory>true</mandatory>
<refColNames>rut_pac</refColNames>
<transferable>true</transferable>
<rely>false</rely>
<columnDependencyConstraintGenerateInDDL>true</columnDependencyConstraintGenerateInDDL>
</FKIndexAssociation>