<?xml version = '1.0' encoding = 'UTF-8'?>
<FKIndexAssociation class="oracle.dbtools.crest.model.design.relational.FKIndexAssociation" directorySegmentName="seg_0" id="7E76A77F-A268-A299-7910-3D17284691BC" containerWithKeyObject="11AE4419-D498-E1D0-3F13-40B0E2A328AE" localFKIndex="59023CDC-76D2-D6B1-F2FA-1F27D3552753" name="U_ATENCION_INS_SALUD_FK">
<createdBy>fran_</createdBy>
<createdTime>2025-09-15 21:10:32 UTC</createdTime>
<generatorID>E47F992C-FDD7-8423-9A67-85B8452936F0</generatorID>
<ownerDesignName>Exp2_S5_Francisca_Aguilar</ownerDesignName>
<referredTableLongName>INS_SALUD</referredTableLongName>
<deleteRule>NO ACTION</deleteRule>
<referredTableID>7C8F1D59-5242-DA43-2203-A2EE83B92149</referredTableID>
<keyObject>66C29F03-D2EF-ACEE-4FEB-C576270017D0</keyObject>
<referredKeyID>66C29F03-D2EF-ACEE-4FEB-C576270017D0</referredKeyID>
<mandatory>true</mandatory>
<refColNames>id_insti</refColNames>
<transferable>true</transferable>
<rely>false</rely>
<columnDependencyConstraintGenerateInDDL>true</columnDependencyConstraintGenerateInDDL>
</FKIndexAssociation>