<?xml version = '1.0' encoding = 'UTF-8'?>
<FKIndexAssociation class="oracle.dbtools.crest.model.design.relational.FKIndexAssociation" directorySegmentName="seg_0" id="8EC775AD-7A18-C89E-4CF5-43E553E605F5" containerWithKeyObject="88B43A36-8C85-FE0E-53F5-FE76CB7365A3" localFKIndex="61FEA6FF-8B78-580F-2228-E3A74BE44F57" name="PAGO_A_C_MEDICA_FK">
<createdBy>fran_</createdBy>
<createdTime>2025-09-16 02:00:39 UTC</createdTime>
<generatorID>2E71889B-9184-D6C0-B52F-0EDD32FE906F</generatorID>
<ownerDesignName>Exp2_S5_Francisca_Aguilar</ownerDesignName>
<referredTableLongName>C_MEDICA</referredTableLongName>
<deleteRule>NO ACTION</deleteRule>
<referredTableID>2A0EA76A-A92A-BCE0-FD45-8DD73931FC57</referredTableID>
<keyObject>18E34A4E-BC01-07A1-E994-CCB1E792EC5B</keyObject>
<referredKeyID>18E34A4E-BC01-07A1-E994-CCB1E792EC5B</referredKeyID>
<mandatory>true</mandatory>
<refColNames>id_consulta</refColNames>
<transferable>true</transferable>
<rely>false</rely>
<columnDependencyConstraintGenerateInDDL>true</columnDependencyConstraintGenerateInDDL>
</FKIndexAssociation>