<?xml version = '1.0' encoding = 'UTF-8'?>
<FKIndexAssociation class="oracle.dbtools.crest.model.design.relational.FKIndexAssociation" directorySegmentName="seg_0" id="94108469-E29F-6666-2E11-0C82E17BBFB4" containerWithKeyObject="0D89C2E1-1C48-59F7-65E1-13D83BB1B2BE" localFKIndex="34945860-F20F-0D20-1057-C9BD0DF48F00" name="MEDICO_MEDICO_FK">
<createdBy>fran_</createdBy>
<createdTime>2025-09-15 21:10:32 UTC</createdTime>
<generatorID>986E3251-328A-99EA-8632-ED341AFDA061</generatorID>
<ownerDesignName>Exp2_S5_Francisca_Aguilar</ownerDesignName>
<referredTableLongName>MEDICO</referredTableLongName>
<deleteRule>NO ACTION</deleteRule>
<referredTableID>0D89C2E1-1C48-59F7-65E1-13D83BB1B2BE</referredTableID>
<keyObject>72E09DB5-1AA7-080D-4EB3-5123CDB80D98</keyObject>
<referredKeyID>72E09DB5-1AA7-080D-4EB3-5123CDB80D98</referredKeyID>
<mandatory>true</mandatory>
<refColNames>rut_m</refColNames>
<transferable>true</transferable>
<rely>false</rely>
<columnDependencyConstraintGenerateInDDL>true</columnDependencyConstraintGenerateInDDL>
</FKIndexAssociation>