<?xml version = '1.0' encoding = 'UTF-8'?>
<FKIndexAssociation class="oracle.dbtools.crest.model.design.relational.FKIndexAssociation" directorySegmentName="seg_0" id="A50F0C71-6873-B665-5A6B-B08686EBC925" containerWithKeyObject="0D89C2E1-1C48-59F7-65E1-13D83BB1B2BE" localFKIndex="A23D219B-AD9D-BB76-7AFC-620AFA1840D0" name="MEDICO_I_SALUD_FK">
<createdBy>fran_</createdBy>
<createdTime>2025-09-15 21:10:32 UTC</createdTime>
<generatorID>A98AB03D-1668-149E-6B80-5B1E953506FC</generatorID>
<ownerDesignName>Exp2_S5_Francisca_Aguilar</ownerDesignName>
<referredTableLongName>I_SALUD</referredTableLongName>
<deleteRule>NO ACTION</deleteRule>
<referredTableID>46E88F3A-70D1-7581-38CB-31FE23401728</referredTableID>
<keyObject>3AB38486-8254-06C3-5635-66DC987FE883</keyObject>
<referredKeyID>3AB38486-8254-06C3-5635-66DC987FE883</referredKeyID>
<mandatory>true</mandatory>
<refColNames>codigo_inst</refColNames>
<transferable>true</transferable>
<rely>false</rely>
<columnDependencyConstraintGenerateInDDL>true</columnDependencyConstraintGenerateInDDL>
</FKIndexAssociation>