<?xml version = '1.0' encoding = 'UTF-8'?>
<FKIndexAssociation class="oracle.dbtools.crest.model.design.relational.FKIndexAssociation" directorySegmentName="seg_0" id="B039856B-B5EE-EEC4-C416-C2FE940910DD" containerWithKeyObject="6A7601C7-127D-C3B5-31B8-AB294574AB56" localFKIndex="2E848D56-E7AD-F999-874C-D6B2C3FF9E38" name="EXAMENES_C_MEDICA_FK">
<createdBy>fran_</createdBy>
<createdTime>2025-09-15 21:10:32 UTC</createdTime>
<generatorID>7D0BFBFF-A783-D88B-121C-920C830A5171</generatorID>
<ownerDesignName>Exp2_S5_Francisca_Aguilar</ownerDesignName>
<referredTableLongName>C_MEDICA</referredTableLongName>
<deleteRule>NO ACTION</deleteRule>
<referredTableID>2A0EA76A-A92A-BCE0-FD45-8DD73931FC57</referredTableID>
<keyObject>18E34A4E-BC01-07A1-E994-CCB1E792EC5B</keyObject>
<referredKeyID>18E34A4E-BC01-07A1-E994-CCB1E792EC5B</referredKeyID>
<mandatory>true</mandatory>
<refColNames>id_consulta</refColNames>
<transferable>true</transferable>
<rely>false</rely>
<columnDependencyConstraintGenerateInDDL>true</columnDependencyConstraintGenerateInDDL>
</FKIndexAssociation>