<?xml version = '1.0' encoding = 'UTF-8'?>
<FKIndexAssociation class="oracle.dbtools.crest.model.design.relational.FKIndexAssociation" directorySegmentName="seg_0" id="C9257790-0140-94FC-A7E3-3343D49BF800" containerWithKeyObject="0D89C2E1-1C48-59F7-65E1-13D83BB1B2BE" localFKIndex="4A468868-0A24-EC18-AFD1-FFDD5A956EE5" name="MEDICO_C_MEDICA_FK">
<createdBy>fran_</createdBy>
<createdTime>2025-09-15 21:10:32 UTC</createdTime>
<generatorID>8D984C95-61E7-6688-1BE7-97E33BE0D99E</generatorID>
<ownerDesignName>Exp2_S5_Francisca_Aguilar</ownerDesignName>
<referredTableLongName>C_MEDICA</referredTableLongName>
<deleteRule>NO ACTION</deleteRule>
<referredTableID>2A0EA76A-A92A-BCE0-FD45-8DD73931FC57</referredTableID>
<keyObject>18E34A4E-BC01-07A1-E994-CCB1E792EC5B</keyObject>
<referredKeyID>18E34A4E-BC01-07A1-E994-CCB1E792EC5B</referredKeyID>
<mandatory>true</mandatory>
<refColNames>id_consulta</refColNames>
<transferable>true</transferable>
<rely>false</rely>
<columnDependencyConstraintGenerateInDDL>true</columnDependencyConstraintGenerateInDDL>
</FKIndexAssociation>