<?xml version = '1.0' encoding = 'UTF-8'?>
<FKIndexAssociation class="oracle.dbtools.crest.model.design.relational.FKIndexAssociation" directorySegmentName="seg_0" id="D2A314E1-0488-AF98-28A2-2DDE5F22B11D" containerWithKeyObject="AE849BD0-1215-7156-9680-DF83C9974D4F" localFKIndex="7A5304D3-C510-5EB6-5F97-EEBB7934B02E" name="PACIENTE_COMUNA_FK">
<createdBy>fran_</createdBy>
<createdTime>2025-09-15 21:10:32 UTC</createdTime>
<generatorID>76E01C66-BD87-625A-BA3F-56E9AB59507E</generatorID>
<ownerDesignName>Exp2_S5_Francisca_Aguilar</ownerDesignName>
<referredTableLongName>COMUNA</referredTableLongName>
<deleteRule>NO ACTION</deleteRule>
<referredTableID>DE31B55D-5E49-E507-8F00-806E1AE38F0B</referredTableID>
<keyObject>8DD58E73-9FC3-2E7F-D6F5-90305D61B172</keyObject>
<referredKeyID>8DD58E73-9FC3-2E7F-D6F5-90305D61B172</referredKeyID>
<mandatory>true</mandatory>
<refColNames>id_comuna</refColNames>
<transferable>true</transferable>
<rely>false</rely>
<columnDependencyConstraintGenerateInDDL>true</columnDependencyConstraintGenerateInDDL>
</FKIndexAssociation>