<?xml version = '1.0' encoding = 'UTF-8'?>
<FKIndexAssociation class="oracle.dbtools.crest.model.design.relational.FKIndexAssociation" directorySegmentName="seg_0" id="D4953685-1AE4-2241-B973-A51F78793836" containerWithKeyObject="2A0EA76A-A92A-BCE0-FD45-8DD73931FC57" localFKIndex="A63E2159-A9AF-ADEA-04E5-9CB9CCC087B8" name="C_MEDICA_PAGO_A_FK">
<createdBy>fran_</createdBy>
<createdTime>2025-09-16 02:00:39 UTC</createdTime>
<generatorID>2E71889B-9184-D6C0-B52F-0EDD32FE906F</generatorID>
<ownerDesignName>Exp2_S5_Francisca_Aguilar</ownerDesignName>
<referredTableLongName>PAGO_A</referredTableLongName>
<deleteRule>NO ACTION</deleteRule>
<referredTableID>88B43A36-8C85-FE0E-53F5-FE76CB7365A3</referredTableID>
<keyObject>DA3B20F3-A045-17C6-EE09-72BE469C6589</keyObject>
<referredKeyID>DA3B20F3-A045-17C6-EE09-72BE469C6589</referredKeyID>
<mandatory>true</mandatory>
<refColNames>id_p</refColNames>
<transferable>true</transferable>
<rely>false</rely>
<columnDependencyConstraintGenerateInDDL>true</columnDependencyConstraintGenerateInDDL>
</FKIndexAssociation>