<?xml version = '1.0' encoding = 'UTF-8'?>
<FKIndexAssociation class="oracle.dbtools.crest.model.design.relational.FKIndexAssociation" directorySegmentName="seg_0" id="D74DFE74-4AFD-700D-7190-25D6BBB5075D" containerWithKeyObject="2A0EA76A-A92A-BCE0-FD45-8DD73931FC57" localFKIndex="D66F8CCF-927B-D0C0-5626-EFE921922141" name="C_MEDICA_U_ATENCION_FK">
<createdBy>fran_</createdBy>
<createdTime>2025-09-15 21:10:32 UTC</createdTime>
<generatorID>689E6239-AB64-7E86-AD17-BD31BDA5C380</generatorID>
<ownerDesignName>Exp2_S5_Francisca_Aguilar</ownerDesignName>
<referredTableLongName>U_ATENCION</referredTableLongName>
<deleteRule>NO ACTION</deleteRule>
<referredTableID>11AE4419-D498-E1D0-3F13-40B0E2A328AE</referredTableID>
<keyObject>8D782E88-F98A-E2C7-7AF3-717A1A2EB5BD</keyObject>
<referredKeyID>8D782E88-F98A-E2C7-7AF3-717A1A2EB5BD</referredKeyID>
<mandatory>true</mandatory>
<refColNames>id_u</refColNames>
<transferable>true</transferable>
<rely>false</rely>
<columnDependencyConstraintGenerateInDDL>true</columnDependencyConstraintGenerateInDDL>
</FKIndexAssociation>