<?xml version = '1.0' encoding = 'UTF-8'?>
<FKIndexAssociation class="oracle.dbtools.crest.model.design.relational.FKIndexAssociation" directorySegmentName="seg_0" id="F5262F16-8943-733E-DAEB-B9371B69F50D" containerWithKeyObject="6D80AA13-1217-2DE3-BE34-BD01F88715F5" localFKIndex="CC100AEF-D249-E944-BF58-721E50D13CA9" name="EQUIPAMIENTO_U_ATENCION_FK">
<createdBy>fran_</createdBy>
<createdTime>2025-09-15 21:10:32 UTC</createdTime>
<generatorID>E4AF3EBE-F412-B072-B204-E6FD5136A746</generatorID>
<ownerDesignName>Exp2_S5_Francisca_Aguilar</ownerDesignName>
<referredTableLongName>U_ATENCION</referredTableLongName>
<deleteRule>NO ACTION</deleteRule>
<referredTableID>11AE4419-D498-E1D0-3F13-40B0E2A328AE</referredTableID>
<keyObject>8D782E88-F98A-E2C7-7AF3-717A1A2EB5BD</keyObject>
<referredKeyID>8D782E88-F98A-E2C7-7AF3-717A1A2EB5BD</referredKeyID>
<mandatory>true</mandatory>
<refColNames>id_u</refColNames>
<transferable>true</transferable>
<rely>false</rely>
<columnDependencyConstraintGenerateInDDL>true</columnDependencyConstraintGenerateInDDL>
</FKIndexAssociation>