<?xml version = '1.0' encoding = 'UTF-8'?>
<FKIndexAssociation class="oracle.dbtools.crest.model.design.relational.FKIndexAssociation" directorySegmentName="seg_0" id="F917E632-E75B-C0BA-9D2E-486D22CBE909" containerWithKeyObject="0D89C2E1-1C48-59F7-65E1-13D83BB1B2BE" localFKIndex="EF54E9B7-B661-65F0-A7A4-0569A0085C8B" name="MEDICO_ESPECIALIDAD_FK">
<createdBy>fran_</createdBy>
<createdTime>2025-09-15 21:10:32 UTC</createdTime>
<generatorID>34456B8D-9768-AFB7-716A-817D799FF83C</generatorID>
<ownerDesignName>Exp2_S5_Francisca_Aguilar</ownerDesignName>
<referredTableLongName>ESPECIALIDAD</referredTableLongName>
<deleteRule>NO ACTION</deleteRule>
<referredTableID>BCD255B6-EDE0-47C8-9181-C511F5DECAC7</referredTableID>
<keyObject>3525C00E-4115-1CB1-F92F-0AEEBF03E71F</keyObject>
<referredKeyID>3525C00E-4115-1CB1-F92F-0AEEBF03E71F</referredKeyID>
<mandatory>true</mandatory>
<refColNames>id_esp</refColNames>
<transferable>true</transferable>
<rely>false</rely>
<columnDependencyConstraintGenerateInDDL>true</columnDependencyConstraintGenerateInDDL>
</FKIndexAssociation>