<?xml version = '1.0' encoding = 'UTF-8'?>
<FKIndexAssociation class="oracle.dbtools.crest.model.design.relational.FKIndexAssociation" directorySegmentName="seg_0" id="FA207E46-F72F-5E27-7D2E-E4BD48138B27" containerWithKeyObject="51C20439-A5EC-CA0B-6380-ACC0B7B3E0B7" localFKIndex="24F10BDA-205C-6A3A-749F-A1CF047F7E6E" name="EQUIPO_M_U_ATENCION_FK">
<createdBy>fran_</createdBy>
<createdTime>2025-09-15 21:10:32 UTC</createdTime>
<generatorID>9DF1BF53-E2A5-5B04-483E-68424F0BD942</generatorID>
<ownerDesignName>Exp2_S5_Francisca_Aguilar</ownerDesignName>
<referredTableLongName>U_ATENCION</referredTableLongName>
<deleteRule>NO ACTION</deleteRule>
<referredTableID>11AE4419-D498-E1D0-3F13-40B0E2A328AE</referredTableID>
<keyObject>8D782E88-F98A-E2C7-7AF3-717A1A2EB5BD</keyObject>
<referredKeyID>8D782E88-F98A-E2C7-7AF3-717A1A2EB5BD</referredKeyID>
<mandatory>true</mandatory>
<refColNames>id_u</refColNames>
<transferable>true</transferable>
<rely>false</rely>
<columnDependencyConstraintGenerateInDDL>true</columnDependencyConstraintGenerateInDDL>
</FKIndexAssociation>