<?xml version = '1.0' encoding = 'UTF-8'?>
<FKIndexAssociation class="oracle.dbtools.crest.model.design.relational.FKIndexAssociation" directorySegmentName="seg_0" id="0D09A6E2-8833-5135-63A2-6D54DAD22D07" containerWithKeyObject="2DEF5DC2-C684-0CFE-60CA-C4FC98A892E1" localFKIndex="0072F7A5-1DB3-85CA-034E-563B4FD7895D" name="OPERARIO_PERSONAL_FK">
<createdBy>fran_</createdBy>
<createdTime>2025-10-12 14:11:41 UTC</createdTime>
<generatorID>D78D1A03-74FF-F542-24AF-7C9C99E32860</generatorID>
<ownerDesignName>EFT_S9_Francisca_Aguilar</ownerDesignName>
<referredTableLongName>PERSONAL</referredTableLongName>
<arc>25B062A2-CF45-55FA-3BAC-3D1781CE1DA6</arc>
<deleteRule>NO ACTION</deleteRule>
<referredTableID>10867944-4E11-B711-1398-A434BE47DAF0</referredTableID>
<keyObject>071D5EAF-43E3-5648-794A-45BEB8E77D0A</keyObject>
<referredKeyID>071D5EAF-43E3-5648-794A-45BEB8E77D0A</referredKeyID>
<mandatory>true</mandatory>
<refColNames>cod_personal</refColNames>
<transferable>true</transferable>
<rely>false</rely>
<columnDependencyConstraintGenerateInDDL>true</columnDependencyConstraintGenerateInDDL>
</FKIndexAssociation>