<?xml version = '1.0' encoding = 'UTF-8'?>
<FKIndexAssociation class="oracle.dbtools.crest.model.design.relational.FKIndexAssociation" directorySegmentName="seg_0" id="10F556F1-32AF-8E91-6C7F-A8212A6967C0" containerWithKeyObject="C1689FE1-241A-93B6-CE5B-C56F6BFB791B" localFKIndex="653D94C8-0BE9-7A37-8B5C-C155952BED0E" name="DOTACION_TURNO_FK">
<createdBy>fran_</createdBy>
<createdTime>2025-10-12 14:11:41 UTC</createdTime>
<generatorID>CA916D90-7758-C9D7-2BDF-FEE59075D4BD</generatorID>
<ownerDesignName>EFT_S9_Francisca_Aguilar</ownerDesignName>
<referredTableLongName>TURNO</referredTableLongName>
<deleteRule>NO ACTION</deleteRule>
<referredTableID>7D44DB74-CEBF-16D7-68F4-1EAE11CC209D</referredTableID>
<keyObject>107B9D2F-2A48-C0A4-56FE-3F3C1CE258C3</keyObject>
<referredKeyID>107B9D2F-2A48-C0A4-56FE-3F3C1CE258C3</referredKeyID>
<mandatory>true</mandatory>
<refColNames>id_turno</refColNames>
<transferable>true</transferable>
<rely>false</rely>
<columnDependencyConstraintGenerateInDDL>true</columnDependencyConstraintGenerateInDDL>
</FKIndexAssociation>