<?xml version = '1.0' encoding = 'UTF-8'?>
<FKIndexAssociation class="oracle.dbtools.crest.model.design.relational.FKIndexAssociation" directorySegmentName="seg_0" id="18A7BE46-F51E-7D31-C83D-239831880D73" containerWithKeyObject="D7933845-0C0C-416F-AEDA-5D8EE9911983" localFKIndex="3C1E5111-4C1E-9BC8-52ED-EB8F903B5481" name="TECNICO_MANTENCION_PERSONAL_FK">
<createdBy>fran_</createdBy>
<createdTime>2025-10-12 14:11:41 UTC</createdTime>
<generatorID>A26E87D1-4B60-D225-4AC2-902AEDA30E89</generatorID>
<ownerDesignName>EFT_S9_Francisca_Aguilar</ownerDesignName>
<referredTableLongName>PERSONAL</referredTableLongName>
<arc>25B062A2-CF45-55FA-3BAC-3D1781CE1DA6</arc>
<deleteRule>NO ACTION</deleteRule>
<referredTableID>10867944-4E11-B711-1398-A434BE47DAF0</referredTableID>
<keyObject>071D5EAF-43E3-5648-794A-45BEB8E77D0A</keyObject>
<referredKeyID>071D5EAF-43E3-5648-794A-45BEB8E77D0A</referredKeyID>
<mandatory>true</mandatory>
<refColNames>cod_personal</refColNames>
<transferable>true</transferable>
<rely>false</rely>
<columnDependencyConstraintGenerateInDDL>true</columnDependencyConstraintGenerateInDDL>
</FKIndexAssociation>