<?xml version = '1.0' encoding = 'UTF-8'?>
<FKIndexAssociation class="oracle.dbtools.crest.model.design.relational.FKIndexAssociation" directorySegmentName="seg_0" id="1D54B77A-0AB6-E9CE-57EA-5B091A004CC9" containerWithKeyObject="10867944-4E11-B711-1398-A434BE47DAF0" localFKIndex="60717A0C-91D6-7521-D291-73668120CCB5" name="PERSONAL_AFP_FK">
<createdBy>fran_</createdBy>
<createdTime>2025-10-12 14:11:41 UTC</createdTime>
<generatorID>471E0401-9B61-3210-BCC9-2939081455A6</generatorID>
<ownerDesignName>EFT_S9_Francisca_Aguilar</ownerDesignName>
<referredTableLongName>AFP</referredTableLongName>
<deleteRule>NO ACTION</deleteRule>
<referredTableID>5244C399-819F-C2F8-800E-7819ADC2535E</referredTableID>
<keyObject>BB64B722-4985-ACC6-9E60-B1508259F44E</keyObject>
<referredKeyID>BB64B722-4985-ACC6-9E60-B1508259F44E</referredKeyID>
<mandatory>true</mandatory>
<refColNames>id_afp</refColNames>
<transferable>true</transferable>
<rely>false</rely>
<columnDependencyConstraintGenerateInDDL>true</columnDependencyConstraintGenerateInDDL>
</FKIndexAssociation>