<?xml version = '1.0' encoding = 'UTF-8'?>
<FKIndexAssociation class="oracle.dbtools.crest.model.design.relational.FKIndexAssociation" directorySegmentName="seg_0" id="2CE51756-E1B3-60B8-DD83-B12EC2538064" containerWithKeyObject="DA01C66A-EFE7-78AC-7618-98E19701529A" localFKIndex="5105E9C8-F435-A89A-5433-49C081DA0BB6" name="PLANTA_COMUNA_FK">
<createdBy>fran_</createdBy>
<createdTime>2025-10-12 14:11:41 UTC</createdTime>
<generatorID>1908D4BE-91A6-491B-6B94-9EA68BE4518B</generatorID>
<ownerDesignName>EFT_S9_Francisca_Aguilar</ownerDesignName>
<referredTableLongName>COMUNA</referredTableLongName>
<deleteRule>NO ACTION</deleteRule>
<referredTableID>8E16A8E1-8EC9-35DD-3333-2920F0AF9214</referredTableID>
<keyObject>6FCF5665-1E07-EBEA-D057-0D2CA582B655</keyObject>
<referredKeyID>6FCF5665-1E07-EBEA-D057-0D2CA582B655</referredKeyID>
<mandatory>true</mandatory>
<refColNames>id_comuna</refColNames>
<transferable>true</transferable>
<rely>false</rely>
<columnDependencyConstraintGenerateInDDL>true</columnDependencyConstraintGenerateInDDL>
</FKIndexAssociation>