<?xml version = '1.0' encoding = 'UTF-8'?>
<FKIndexAssociation class="oracle.dbtools.crest.model.design.relational.FKIndexAssociation" directorySegmentName="seg_0" id="301E2A69-56F6-DA76-1A94-14D90D5F0302" containerWithKeyObject="9A050970-CA1B-EA40-D56A-CBC341E2D774" localFKIndex="B1B98EBC-C1F7-A13F-CA59-8052E2D5211F" name="TIPOS_MAQUINA_PLANTA_FK">
<createdBy>fran_</createdBy>
<createdTime>2025-10-12 14:11:41 UTC</createdTime>
<generatorID>E0FF46E9-85ED-F849-A893-74B181E6F444</generatorID>
<ownerDesignName>EFT_S9_Francisca_Aguilar</ownerDesignName>
<referredTableLongName>PLANTA</referredTableLongName>
<deleteRule>NO ACTION</deleteRule>
<referredTableID>DA01C66A-EFE7-78AC-7618-98E19701529A</referredTableID>
<keyObject>CBE41DFD-DAED-687D-FA12-E6EFEE575CC8</keyObject>
<referredKeyID>CBE41DFD-DAED-687D-FA12-E6EFEE575CC8</referredKeyID>
<mandatory>true</mandatory>
<refColNames>id_planta</refColNames>
<transferable>true</transferable>
<rely>false</rely>
<columnDependencyConstraintGenerateInDDL>true</columnDependencyConstraintGenerateInDDL>
</FKIndexAssociation>