<?xml version = '1.0' encoding = 'UTF-8'?>
<FKIndexAssociation class="oracle.dbtools.crest.model.design.relational.FKIndexAssociation" directorySegmentName="seg_0" id="3073088F-DC7E-05D5-5A35-5A4FC2E4A00C" containerWithKeyObject="B1A5C446-041B-A043-EC09-4D8512FE19F4" localFKIndex="DE6D1896-EC23-1FFE-8067-B1EC30B2C3B0" name="JEFE_T_PERSONAL_FK">
<createdBy>fran_</createdBy>
<createdTime>2025-10-12 14:11:41 UTC</createdTime>
<generatorID>EBF1B373-FE3A-8E48-1FDC-D729302E8393</generatorID>
<ownerDesignName>EFT_S9_Francisca_Aguilar</ownerDesignName>
<referredTableLongName>PERSONAL</referredTableLongName>
<arc>25B062A2-CF45-55FA-3BAC-3D1781CE1DA6</arc>
<deleteRule>NO ACTION</deleteRule>
<referredTableID>10867944-4E11-B711-1398-A434BE47DAF0</referredTableID>
<keyObject>071D5EAF-43E3-5648-794A-45BEB8E77D0A</keyObject>
<referredKeyID>071D5EAF-43E3-5648-794A-45BEB8E77D0A</referredKeyID>
<mandatory>true</mandatory>
<refColNames>cod_personal</refColNames>
<transferable>true</transferable>
<rely>false</rely>
<columnDependencyConstraintGenerateInDDL>true</columnDependencyConstraintGenerateInDDL>
</FKIndexAssociation>