<?xml version = '1.0' encoding = 'UTF-8'?>
<FKIndexAssociation class="oracle.dbtools.crest.model.design.relational.FKIndexAssociation" directorySegmentName="seg_0" id="3D3172BD-768B-5896-053C-9468FF56E92E" containerWithKeyObject="C1689FE1-241A-93B6-CE5B-C56F6BFB791B" localFKIndex="A86AB791-A59A-8316-35EB-2C43607D8E68" name="DOTACION_MANTENCION_FK">
<createdBy>fran_</createdBy>
<createdTime>2025-10-12 14:11:41 UTC</createdTime>
<generatorID>6C4B3EE5-B652-9125-0CC9-5D1B90E3CA04</generatorID>
<ownerDesignName>EFT_S9_Francisca_Aguilar</ownerDesignName>
<referredTableLongName>MANTENCION</referredTableLongName>
<deleteRule>NO ACTION</deleteRule>
<referredTableID>172B6977-A8B1-1ACB-18B8-58C4C8C7D2AD</referredTableID>
<keyObject>EEA77D18-CEF9-91ED-DD75-3433C36389E0</keyObject>
<referredKeyID>EEA77D18-CEF9-91ED-DD75-3433C36389E0</referredKeyID>
<mandatory>true</mandatory>
<refColNames>cod_mantencion</refColNames>
<transferable>true</transferable>
<rely>false</rely>
<columnDependencyConstraintGenerateInDDL>true</columnDependencyConstraintGenerateInDDL>
</FKIndexAssociation>