<?xml version = '1.0' encoding = 'UTF-8'?>
<FKIndexAssociation class="oracle.dbtools.crest.model.design.relational.FKIndexAssociation" directorySegmentName="seg_0" id="557DBBE7-C7A9-2BB7-FCAA-CFA928046DA5" containerWithKeyObject="172B6977-A8B1-1ACB-18B8-58C4C8C7D2AD" localFKIndex="CE0085B1-8415-2855-7006-3471D8E2D8FA" name="MANTENCION_TIPOS_MAQUINA_FK">
<createdBy>fran_</createdBy>
<createdTime>2025-10-12 14:11:41 UTC</createdTime>
<generatorID>A0F119A3-1526-F7E1-CF8E-128DCDD5322E</generatorID>
<ownerDesignName>EFT_S9_Francisca_Aguilar</ownerDesignName>
<referredTableLongName>TIPOS_MAQUINA</referredTableLongName>
<deleteRule>NO ACTION</deleteRule>
<referredTableID>9A050970-CA1B-EA40-D56A-CBC341E2D774</referredTableID>
<keyObject>CDF86610-48AA-A025-2AC2-21752A6BD86D</keyObject>
<referredKeyID>CDF86610-48AA-A025-2AC2-21752A6BD86D</referredKeyID>
<mandatory>true</mandatory>
<refColNames>cod_maquina</refColNames>
<transferable>true</transferable>
<rely>false</rely>
<columnDependencyConstraintGenerateInDDL>true</columnDependencyConstraintGenerateInDDL>
</FKIndexAssociation>