<?xml version = '1.0' encoding = 'UTF-8'?>
<FKIndexAssociation class="oracle.dbtools.crest.model.design.relational.FKIndexAssociation" directorySegmentName="seg_0" id="A2239DD6-DB93-D2CC-7C1C-55F655DA87AF" containerWithKeyObject="8E16A8E1-8EC9-35DD-3333-2920F0AF9214" localFKIndex="6975D166-358F-B84E-A091-2CA1D25F50E5" name="COMUNA_REGION_FK">
<createdBy>fran_</createdBy>
<createdTime>2025-10-12 14:11:41 UTC</createdTime>
<generatorID>CF26CECC-3C24-8C77-9E81-F9C507785F56</generatorID>
<ownerDesignName>EFT_S9_Francisca_Aguilar</ownerDesignName>
<referredTableLongName>REGION</referredTableLongName>
<deleteRule>NO ACTION</deleteRule>
<referredTableID>0A1E6C9F-24F5-A96E-A64A-3E39088EE54D</referredTableID>
<keyObject>91516E90-40EB-A80B-7432-5EB7633C520F</keyObject>
<referredKeyID>91516E90-40EB-A80B-7432-5EB7633C520F</referredKeyID>
<mandatory>true</mandatory>
<refColNames>id_region</refColNames>
<transferable>true</transferable>
<rely>false</rely>
<columnDependencyConstraintGenerateInDDL>true</columnDependencyConstraintGenerateInDDL>
</FKIndexAssociation>