<?xml version = '1.0' encoding = 'UTF-8'?>
<FKIndexAssociation class="oracle.dbtools.crest.model.design.relational.FKIndexAssociation" directorySegmentName="seg_0" id="AA8F3A27-73A0-EFDC-768E-240BEAB209DE" containerWithKeyObject="10867944-4E11-B711-1398-A434BE47DAF0" localFKIndex="420B380B-21D0-94BE-FAA1-D11A81366E0B" name="PERSONAL_SISTEMA_SALUD_FK">
<createdBy>fran_</createdBy>
<createdTime>2025-10-12 14:16:09 UTC</createdTime>
<generatorID>82087139-C63A-2366-9C29-32330F80F8F3</generatorID>
<ownerDesignName>EFT_S9_Francisca_Aguilar</ownerDesignName>
<referredTableLongName>SISTEMA_SALUD</referredTableLongName>
<deleteRule>NO ACTION</deleteRule>
<referredTableID>32584703-7B15-FA03-7B7F-D844DF02B933</referredTableID>
<keyObject>C1B5FF0A-4C5B-3E47-B7E6-094B04935FEF</keyObject>
<referredKeyID>C1B5FF0A-4C5B-3E47-B7E6-094B04935FEF</referredKeyID>
<mandatory>true</mandatory>
<refColNames>id_salud</refColNames>
<transferable>true</transferable>
<rely>false</rely>
<columnDependencyConstraintGenerateInDDL>true</columnDependencyConstraintGenerateInDDL>
</FKIndexAssociation>