<?xml version = '1.0' encoding = 'UTF-8'?>
<FKIndexAssociation class="oracle.dbtools.crest.model.design.relational.FKIndexAssociation" directorySegmentName="seg_0" id="BC374C79-1FD2-537D-F452-5328779661C6" containerWithKeyObject="10867944-4E11-B711-1398-A434BE47DAF0" localFKIndex="BC1E44C8-90FE-6D8F-89CB-0C4AA7469349" name="PERSONAL_JEFE_T_FK">
<createdBy>fran_</createdBy>
<createdTime>2025-10-12 14:11:41 UTC</createdTime>
<generatorID>808B13C2-958D-689C-D8FD-FF3E7DBC441D</generatorID>
<ownerDesignName>EFT_S9_Francisca_Aguilar</ownerDesignName>
<referredTableLongName>JEFE_T</referredTableLongName>
<deleteRule>NO ACTION</deleteRule>
<referredTableID>B1A5C446-041B-A043-EC09-4D8512FE19F4</referredTableID>
<keyObject>464758D4-2710-87F0-BD54-18067311C54D</keyObject>
<referredKeyID>464758D4-2710-87F0-BD54-18067311C54D</referredKeyID>
<mandatory>true</mandatory>
<refColNames>cod_personal</refColNames>
<transferable>true</transferable>
<rely>false</rely>
<columnDependencyConstraintGenerateInDDL>true</columnDependencyConstraintGenerateInDDL>
</FKIndexAssociation>