<?xml version = '1.0' encoding = 'UTF-8'?>
<FKIndexAssociation class="oracle.dbtools.crest.model.design.relational.FKIndexAssociation" directorySegmentName="seg_0" id="DBD5F7FF-6DC8-8142-164C-569EC2299F8F" containerWithKeyObject="C1689FE1-241A-93B6-CE5B-C56F6BFB791B" localFKIndex="2935680D-E87C-076E-7E31-30C7C694FE20" name="DOTACION_PERSONAL_FK">
<createdBy>fran_</createdBy>
<createdTime>2025-10-12 14:11:41 UTC</createdTime>
<generatorID>CABBE078-3468-2813-A347-4A9802553813</generatorID>
<ownerDesignName>EFT_S9_Francisca_Aguilar</ownerDesignName>
<referredTableLongName>PERSONAL</referredTableLongName>
<deleteRule>NO ACTION</deleteRule>
<referredTableID>10867944-4E11-B711-1398-A434BE47DAF0</referredTableID>
<keyObject>071D5EAF-43E3-5648-794A-45BEB8E77D0A</keyObject>
<referredKeyID>071D5EAF-43E3-5648-794A-45BEB8E77D0A</referredKeyID>
<mandatory>true</mandatory>
<refColNames>cod_personal</refColNames>
<transferable>true</transferable>
<rely>false</rely>
<columnDependencyConstraintGenerateInDDL>true</columnDependencyConstraintGenerateInDDL>
</FKIndexAssociation>