<?xml version = '1.0' encoding = 'UTF-8'?>
<Relation class="oracle.dbtools.crest.model.design.logical.Relation" name="anexo_contra" directorySegmentName="seg_0" id="10C98BA5-D8C9-0DBC-B2EE-DFE713B1D067">
<createdBy>fran_</createdBy>
<createdTime>2025-09-01 01:54:03 UTC</createdTime>
<ownerDesignName>Exp1_S3_Francisca_Aguilar</ownerDesignName>
<engineerTo>
<item key="D66B9A21-A7B8-A87C-44F1-46D4028F16C5" value="true"/>
</engineerTo>
<sourcePk>F131332E-E260-2B93-5EFC-5E19A4BA60A5</sourcePk>
<identifying>false</identifying>
<optionalSource>true</optionalSource>
<optionalTarget>false</optionalTarget>
<sourceCardinality>1</sourceCardinality>
<sourceEntity>6D45A908-CC3F-3D11-C0A1-EB52C3474323</sourceEntity>
<targetCardinalityString>*</targetCardinalityString>
<targetEntity>F012DF17-08E7-4EDA-98E0-B6BF1D31AA27</targetEntity>
<transferable>true</transferable>
<deleteRule>NO ACTION</deleteRule>
</Relation>
