<?xml version = '1.0' encoding = 'UTF-8'?>
<Relation class="oracle.dbtools.crest.model.design.logical.Relation" name="comuna_resi" directorySegmentName="seg_0" id="61373CE3-DE4B-82F9-8B29-13C79C397DDB">
<createdBy>fran_</createdBy>
<createdTime>2025-09-01 02:22:19 UTC</createdTime>
<ownerDesignName>Exp1_S3_Francisca_Aguilar</ownerDesignName>
<engineerTo>
<item key="D66B9A21-A7B8-A87C-44F1-46D4028F16C5" value="true"/>
</engineerTo>
<identifying>false</identifying>
<optionalSource>true</optionalSource>
<optionalTarget>true</optionalTarget>
<sourceCardinality>*</sourceCardinality>
<sourceEntity>22AADA28-41EA-A24E-3A55-C16B37DB131B</sourceEntity>
<targetCardinalityString>*</targetCardinalityString>
<targetEntity>0E285E82-36BD-7A99-1059-F14B9D334AFA</targetEntity>
<transferable>true</transferable>
<deleteRule>NO ACTION</deleteRule>
</Relation>
