<?xml version = '1.0' encoding = 'UTF-8'?>
<Relation class="oracle.dbtools.crest.model.design.logical.Relation" name="contrato_apo" directorySegmentName="seg_0" id="64767DAC-03B4-DA79-E34B-C1860DB7CB12">
<createdBy>fran_</createdBy>
<createdTime>2025-09-01 02:24:33 UTC</createdTime>
<ownerDesignName>Exp1_S3_Francisca_Aguilar</ownerDesignName>
<engineerTo>
<item key="D66B9A21-A7B8-A87C-44F1-46D4028F16C5" value="true"/>
</engineerTo>
<sourcePk>03A239E9-7AAF-D5F2-FEA1-CFAAC2281CD8</sourcePk>
<identifying>false</identifying>
<optionalSource>true</optionalSource>
<optionalTarget>false</optionalTarget>
<sourceCardinality>1</sourceCardinality>
<sourceEntity>FC1DD612-2A71-8B0E-C8CD-91A9D0FC1B1B</sourceEntity>
<targetCardinalityString>*</targetCardinalityString>
<targetEntity>6D45A908-CC3F-3D11-C0A1-EB52C3474323</targetEntity>
<transferable>true</transferable>
<deleteRule>NO ACTION</deleteRule>
</Relation>
