<?xml version = '1.0' encoding = 'UTF-8'?>
<Relation class="oracle.dbtools.crest.model.design.logical.Relation" name="cuidador_pers" directorySegmentName="seg_0" id="7DF65922-09CA-CDCF-3E63-1584A3B82EAA">
<createdBy>fran_</createdBy>
<createdTime>2025-09-01 02:16:31 UTC</createdTime>
<ownerDesignName>Exp1_S3_Francisca_Aguilar</ownerDesignName>
<engineerTo>
<item key="D66B9A21-A7B8-A87C-44F1-46D4028F16C5" value="true"/>
</engineerTo>
<sourcePk>CDB40CE4-8C4A-DAA4-8FBF-6704FF7EFD86</sourcePk>
<arc>14842381-6D00-4376-E78E-EA9094C80B82</arc>
<identifying>false</identifying>
<optionalSource>true</optionalSource>
<optionalTarget>false</optionalTarget>
<sourceCardinality>1</sourceCardinality>
<sourceEntity>8D2BDC85-B3FB-4978-BFBF-68D682F2056F</sourceEntity>
<targetCardinalityString>*</targetCardinalityString>
<targetEntity>3B810C88-CC9B-CDBE-668F-DA2B5F4F4051</targetEntity>
<transferable>true</transferable>
<deleteRule>NO ACTION</deleteRule>
</Relation>
