<?xml version = '1.0' encoding = 'UTF-8'?>
<Relation class="oracle.dbtools.crest.model.design.logical.Relation" name="medico" directorySegmentName="seg_0" id="981506F6-8C79-8DA2-C9B3-797789D24D8F">
<createdBy>fran_</createdBy>
<createdTime>2025-09-01 14:43:09 UTC</createdTime>
<ownerDesignName>Exp1_S3_Francisca_Aguilar</ownerDesignName>
<engineerTo>
<item key="D66B9A21-A7B8-A87C-44F1-46D4028F16C5" value="true"/>
</engineerTo>
<identifying>false</identifying>
<optionalSource>true</optionalSource>
<optionalTarget>false</optionalTarget>
<sourceCardinality>1</sourceCardinality>
<sourceEntity>C39D20F7-33AD-A431-6769-FEDAF4B66464</sourceEntity>
<targetCardinalityString>1</targetCardinalityString>
<targetEntity>C39D20F7-33AD-A431-6769-FEDAF4B66464</targetEntity>
<transferable>true</transferable>
<deleteRule>NO ACTION</deleteRule>
</Relation>
