<?xml version = '1.0' encoding = 'UTF-8'?>
<Relation class="oracle.dbtools.crest.model.design.logical.Relation" name="resi_habitacion" directorySegmentName="seg_0" id="A928FC6B-FC23-8117-7431-B8692F21D0A7">
<createdBy>fran_</createdBy>
<createdTime>2025-09-01 14:48:23 UTC</createdTime>
<ownerDesignName>Exp1_S3_Francisca_Aguilar</ownerDesignName>
<engineerTo>
<item key="D66B9A21-A7B8-A87C-44F1-46D4028F16C5" value="true"/>
</engineerTo>
<sourcePk>C94C58B0-3257-6EA5-F234-0588A397B5E9</sourcePk>
<targetPk>B428C2AA-A02D-90FE-4963-C49D07C02EEF</targetPk>
<identifying>false</identifying>
<optionalSource>false</optionalSource>
<optionalTarget>false</optionalTarget>
<sourceCardinality>1</sourceCardinality>
<sourceEntity>EC38E98E-D6BC-D8D2-B92C-357FF7F9B069</sourceEntity>
<targetCardinalityString>1</targetCardinalityString>
<targetEntity>DED95FAB-F550-B78B-23DD-A2EF7B7DD752</targetEntity>
<transferable>true</transferable>
<deleteRule>NO ACTION</deleteRule>
</Relation>
