<?xml version = '1.0' encoding = 'UTF-8'?>
<Relation class="oracle.dbtools.crest.model.design.logical.Relation" name="Resi_contrato" directorySegmentName="seg_0" id="D5AD539D-DBB6-92D4-5544-D2927012D484">
<createdBy>fran_</createdBy>
<createdTime>2025-09-01 14:47:02 UTC</createdTime>
<ownerDesignName>Exp1_S3_Francisca_Aguilar</ownerDesignName>
<engineerTo>
<item key="D66B9A21-A7B8-A87C-44F1-46D4028F16C5" value="true"/>
</engineerTo>
<sourcePk>C94C58B0-3257-6EA5-F234-0588A397B5E9</sourcePk>
<targetPk>F131332E-E260-2B93-5EFC-5E19A4BA60A5</targetPk>
<identifying>false</identifying>
<optionalSource>false</optionalSource>
<optionalTarget>true</optionalTarget>
<sourceCardinality>*</sourceCardinality>
<sourceEntity>EC38E98E-D6BC-D8D2-B92C-357FF7F9B069</sourceEntity>
<targetCardinalityString>1</targetCardinalityString>
<targetEntity>6D45A908-CC3F-3D11-C0A1-EB52C3474323</targetEntity>
<transferable>true</transferable>
<deleteRule>NO ACTION</deleteRule>
</Relation>
