<?xml version = '1.0' encoding = 'UTF-8'?>
<Relation class="oracle.dbtools.crest.model.design.logical.Relation" name="apo_residente" directorySegmentName="seg_0" id="D6216BEA-2B18-B7E6-97B2-DC34C2166C10">
<createdBy>fran_</createdBy>
<createdTime>2025-09-01 01:31:41 UTC</createdTime>
<ownerDesignName>Exp1_S3_Francisca_Aguilar</ownerDesignName>
<engineerTo>
<item key="D66B9A21-A7B8-A87C-44F1-46D4028F16C5" value="true"/>
</engineerTo>
<sourcePk>03A239E9-7AAF-D5F2-FEA1-CFAAC2281CD8</sourcePk>
<identifying>false</identifying>
<optionalSource>true</optionalSource>
<optionalTarget>false</optionalTarget>
<sourceCardinality>1</sourceCardinality>
<sourceEntity>FC1DD612-2A71-8B0E-C8CD-91A9D0FC1B1B</sourceEntity>
<targetCardinalityString>*</targetCardinalityString>
<targetEntity>EC38E98E-D6BC-D8D2-B92C-357FF7F9B069</targetEntity>
<transferable>true</transferable>
<deleteRule>NO ACTION</deleteRule>
</Relation>
