<?xml version = '1.0' encoding = 'UTF-8'?>
<Relation class="oracle.dbtools.crest.model.design.logical.Relation" name="contrato_resi" directorySegmentName="seg_0" id="DE199DCC-642F-DDC5-095F-39716E8B8395">
<createdBy>fran_</createdBy>
<createdTime>2025-09-01 02:23:41 UTC</createdTime>
<ownerDesignName>Exp1_S3_Francisca_Aguilar</ownerDesignName>
<engineerTo>
<item key="D66B9A21-A7B8-A87C-44F1-46D4028F16C5" value="true"/>
</engineerTo>
<sourcePk>29717DD6-99BD-950B-0A28-38B7868E51CA</sourcePk>
<identifying>false</identifying>
<optionalSource>true</optionalSource>
<optionalTarget>false</optionalTarget>
<sourceCardinality>1</sourceCardinality>
<sourceEntity>22AADA28-41EA-A24E-3A55-C16B37DB131B</sourceEntity>
<targetCardinalityString>*</targetCardinalityString>
<targetEntity>6D45A908-CC3F-3D11-C0A1-EB52C3474323</targetEntity>
<transferable>true</transferable>
<deleteRule>NO ACTION</deleteRule>
</Relation>
