<?xml version = '1.0' encoding = 'UTF-8'?>
<Relation class="oracle.dbtools.crest.model.design.logical.Relation" name="medico_pers" directorySegmentName="seg_0" id="F2AF159A-E1B8-F757-D1CC-EB4B01D76F7A">
<createdBy>fran_</createdBy>
<createdTime>2025-09-01 02:17:33 UTC</createdTime>
<ownerDesignName>Exp1_S3_Francisca_Aguilar</ownerDesignName>
<engineerTo>
<item key="D66B9A21-A7B8-A87C-44F1-46D4028F16C5" value="true"/>
</engineerTo>
<sourcePk>CDB40CE4-8C4A-DAA4-8FBF-6704FF7EFD86</sourcePk>
<arc>14842381-6D00-4376-E78E-EA9094C80B82</arc>
<identifying>false</identifying>
<optionalSource>true</optionalSource>
<optionalTarget>false</optionalTarget>
<sourceCardinality>1</sourceCardinality>
<sourceEntity>8D2BDC85-B3FB-4978-BFBF-68D682F2056F</sourceEntity>
<targetCardinalityString>*</targetCardinalityString>
<targetEntity>C39D20F7-33AD-A431-6769-FEDAF4B66464</targetEntity>
<transferable>true</transferable>
<deleteRule>NO ACTION</deleteRule>
</Relation>
