<?xml version = '1.0' encoding = 'UTF-8'?>
<Diagram class="oracle.dbtools.crest.swingui.logical.DPVLogical" name="Logical" id="6492257A-1B0A-D1B5-8A63-3A31BFB76628">
<createdBy>fran_</createdBy>
<modifiedBy>fran_</modifiedBy>
<createdTime>2025-08-31 22:21:34 UTC</createdTime>
<autoRoute>false</autoRoute>
<boxInbox>true</boxInbox>
<showLegend>false</showLegend>
<showLabels>true</showLabels>
<showRelAttributes>false</showRelAttributes>
<gridEnabled>true</gridEnabled>
<showGrid>false</showGrid>
<diagramColor>-1</diagramColor>
<display>false</display>
<notation>1</notation>
<objectViews>
<OView class="oracle.dbtools.crest.swingui.logical.TVEntity" oid="0E285E82-36BD-7A99-1059-F14B9D334AFA" otype="Entity" vid="D4780144-1E52-7A5E-2DD7-720F9582C4CD">
<hideElementsInCurrentOnly>false</hideElementsInCurrentOnly>
<bounds x="680" y="410" width="191" height="81"/>
</OView>
<OView class="oracle.dbtools.crest.swingui.logical.TVEntity" oid="22AADA28-41EA-A24E-3A55-C16B37DB131B" otype="Entity" vid="85ECFCF5-08CA-7734-099E-480D864B45CD">
<hideElementsInCurrentOnly>false</hideElementsInCurrentOnly>
<bounds x="310" y="410" width="211" height="107"/>
</OView>
<OView class="oracle.dbtools.crest.swingui.logical.TVEntity" oid="2B781CF6-733E-9886-5887-8E69D201BB40" otype="Entity" vid="2D5A2D4E-DFFD-D378-7F13-FC165ED6EDD0">
<hideElementsInCurrentOnly>false</hideElementsInCurrentOnly>
<bounds x="200" y="140" width="141" height="48"/>
</OView>
<OView class="oracle.dbtools.crest.swingui.logical.TVEntity" oid="3B810C88-CC9B-CDBE-668F-DA2B5F4F4051" otype="Entity" vid="144DD69F-C6D4-D2B7-5408-126D399B9230">
<hideElementsInCurrentOnly>false</hideElementsInCurrentOnly>
<bounds x="480" y="20" width="151" height="61"/>
</OView>
<OView class="oracle.dbtools.crest.swingui.logical.TVEntity" oid="6D45A908-CC3F-3D11-C0A1-EB52C3474323" otype="Entity" vid="6FA0B40C-4476-9D93-192F-817558F56F0D">
<hideElementsInCurrentOnly>false</hideElementsInCurrentOnly>
<bounds x="130" y="590" width="261" height="110"/>
</OView>
<OView class="oracle.dbtools.crest.swingui.logical.TVEntity" oid="8D2BDC85-B3FB-4978-BFBF-68D682F2056F" otype="Entity" vid="58D4BE9F-1FB0-44BD-FCD5-6B4A134D0AE9">
<hideElementsInCurrentOnly>false</hideElementsInCurrentOnly>
<bounds x="500" y="130" width="235" height="121"/>
</OView>
<OView class="oracle.dbtools.crest.swingui.logical.TVEntity" oid="C39D20F7-33AD-A431-6769-FEDAF4B66464" otype="Entity" vid="EE98A8E4-6517-2A82-921C-B5892ABA0A29">
<hideElementsInCurrentOnly>false</hideElementsInCurrentOnly>
<bounds x="660" y="20" width="231" height="61"/>
</OView>
<OView class="oracle.dbtools.crest.swingui.logical.TVEntity" oid="C45A4435-E058-3467-9A13-13D878FA9E95" otype="Entity" vid="A5F5C549-1B65-5156-01F6-2AFE4B9F326A">
<hideElementsInCurrentOnly>false</hideElementsInCurrentOnly>
<bounds x="40" y="140" width="147" height="51"/>
</OView>
<OView class="oracle.dbtools.crest.swingui.logical.TVEntity" oid="DED95FAB-F550-B78B-23DD-A2EF7B7DD752" otype="Entity" vid="C233AD11-F9D6-83C5-303A-A215BED4307D">
<hideElementsInCurrentOnly>false</hideElementsInCurrentOnly>
<bounds x="170" y="260" width="201" height="111"/>
</OView>
<OView class="oracle.dbtools.crest.swingui.logical.TVEntity" oid="EC38E98E-D6BC-D8D2-B92C-357FF7F9B069" otype="Entity" vid="DD591CF1-4270-8625-5010-14E40C001728">
<hideElementsInCurrentOnly>false</hideElementsInCurrentOnly>
<bounds x="30" y="20" width="411" height="191"/>
</OView>
<OView class="oracle.dbtools.crest.swingui.logical.TVEntity" oid="F012DF17-08E7-4EDA-98E0-B6BF1D31AA27" otype="Entity" vid="06C8DCDF-2DC5-BF88-7428-D0698A978068">
<hideElementsInCurrentOnly>false</hideElementsInCurrentOnly>
<bounds x="150" y="730" width="201" height="110"/>
</OView>
<OView class="oracle.dbtools.crest.swingui.logical.TVEntity" oid="FC1DD612-2A71-8B0E-C8CD-91A9D0FC1B1B" otype="Entity" vid="6DE3E95C-9BAD-4635-D2F6-EAB43FA1C4BC">
<hideElementsInCurrentOnly>false</hideElementsInCurrentOnly>
<bounds x="20" y="420" width="201" height="110"/>
</OView>
</objectViews>
<connectors>
<Connector class="oracle.dbtools.crest.swingui.logical.TVRelation" oid="10C98BA5-D8C9-0DBC-B2EE-DFE713B1D067" otype="Relation" vid_source="6FA0B40C-4476-9D93-192F-817558F56F0D" vid_target="06C8DCDF-2DC5-BF88-7428-D0698A978068">
<hideElementsInCurrentOnly>false</hideElementsInCurrentOnly>
<backgroundColor>-16777216</backgroundColor>
<lineWidth>1</lineWidth>
<points>
<point x="295" y="610"/>
<point x="265" y="730"/>
</points>
</Connector>
<Connector class="oracle.dbtools.crest.swingui.logical.TVRelation" oid="61373CE3-DE4B-82F9-8B29-13C79C397DDB" otype="Relation" vid_source="85ECFCF5-08CA-7734-099E-480D864B45CD" vid_target="D4780144-1E52-7A5E-2DD7-720F9582C4CD">
<hideElementsInCurrentOnly>false</hideElementsInCurrentOnly>
<backgroundColor>-16777216</backgroundColor>
<lineWidth>1</lineWidth>
<points>
<point x="521" y="450"/>
<point x="680" y="450"/>
</points>
</Connector>
<Connector class="oracle.dbtools.crest.swingui.logical.TVRelation" oid="64767DAC-03B4-DA79-E34B-C1860DB7CB12" otype="Relation" vid_source="6DE3E95C-9BAD-4635-D2F6-EAB43FA1C4BC" vid_target="6FA0B40C-4476-9D93-192F-817558F56F0D">
<hideElementsInCurrentOnly>false</hideElementsInCurrentOnly>
<backgroundColor>-16777216</backgroundColor>
<lineWidth>1</lineWidth>
<points>
<point x="160" y="530"/>
<point x="160" y="590"/>
</points>
</Connector>
<Connector class="oracle.dbtools.crest.swingui.logical.TVRelation" oid="7DF65922-09CA-CDCF-3E63-1584A3B82EAA" otype="Relation" vid_source="58D4BE9F-1FB0-44BD-FCD5-6B4A134D0AE9" vid_target="144DD69F-C6D4-D2B7-5408-126D399B9230">
<hideElementsInCurrentOnly>false</hideElementsInCurrentOnly>
<backgroundColor>-16777216</backgroundColor>
<lineWidth>1</lineWidth>
<points>
<point x="455" y="190"/>
<point x="565" y="81"/>
</points>
</Connector>
<Connector class="oracle.dbtools.crest.swingui.logical.TVRelation" oid="981506F6-8C79-8DA2-C9B3-797789D24D8F" otype="Relation" vid_source="EE98A8E4-6517-2A82-921C-B5892ABA0A29" vid_target="EE98A8E4-6517-2A82-921C-B5892ABA0A29">
<hideElementsInCurrentOnly>false</hideElementsInCurrentOnly>
<backgroundColor>-16777216</backgroundColor>
<lineWidth>1</lineWidth>
<points>
<point x="891" y="55"/>
<point x="906" y="55"/>
<point x="906" y="106"/>
<point x="785" y="106"/>
<point x="785" y="81"/>
</points>
</Connector>
<Connector class="oracle.dbtools.crest.swingui.logical.TVRelation" oid="A928FC6B-FC23-8117-7431-B8692F21D0A7" otype="Relation" vid_source="DD591CF1-4270-8625-5010-14E40C001728" vid_target="C233AD11-F9D6-83C5-303A-A215BED4307D">
<hideElementsInCurrentOnly>false</hideElementsInCurrentOnly>
<backgroundColor>-16777216</backgroundColor>
<lineWidth>1</lineWidth>
<points>
<point x="265" y="211"/>
<point x="270" y="260"/>
</points>
</Connector>
<Connector class="oracle.dbtools.crest.swingui.logical.TVRelation" oid="B1AD3B7A-3B28-3889-2507-AA86C5960D50" otype="Relation" vid_source="85ECFCF5-08CA-7734-099E-480D864B45CD" vid_target="58D4BE9F-1FB0-44BD-FCD5-6B4A134D0AE9">
<hideElementsInCurrentOnly>false</hideElementsInCurrentOnly>
<backgroundColor>-16777216</backgroundColor>
<lineWidth>1</lineWidth>
<points>
<point x="510" y="410"/>
<point x="510" y="251"/>
</points>
</Connector>
<Connector class="oracle.dbtools.crest.swingui.logical.TVInheritanceRelation" oid="BE4F808F-1FF9-6EB9-4093-582389EF41E8" otype="Hierarchy relation" vid_source="DD591CF1-4270-8625-5010-14E40C001728" vid_target="2D5A2D4E-DFFD-D378-7F13-FC165ED6EDD0">
<hideElementsInCurrentOnly>false</hideElementsInCurrentOnly>
<backgroundColor>-65536</backgroundColor>
<lineWidth>1</lineWidth>
</Connector>
<Connector class="oracle.dbtools.crest.swingui.logical.TVInheritanceRelation" oid="C2AF7C92-E4A6-2349-718D-110F3A99CF03" otype="Hierarchy relation" vid_source="DD591CF1-4270-8625-5010-14E40C001728" vid_target="A5F5C549-1B65-5156-01F6-2AFE4B9F326A">
<hideElementsInCurrentOnly>false</hideElementsInCurrentOnly>
<backgroundColor>-65536</backgroundColor>
<lineWidth>1</lineWidth>
</Connector>
<Connector class="oracle.dbtools.crest.swingui.logical.TVRelation" oid="CABF43C8-A314-407E-F80A-90CE33CA8B28" otype="Relation" vid_source="85ECFCF5-08CA-7734-099E-480D864B45CD" vid_target="C233AD11-F9D6-83C5-303A-A215BED4307D">
<hideElementsInCurrentOnly>false</hideElementsInCurrentOnly>
<backgroundColor>-16777216</backgroundColor>
<lineWidth>1</lineWidth>
<points>
<point x="340" y="410"/>
<point x="310" y="371"/>
</points>
</Connector>
<Connector class="oracle.dbtools.crest.swingui.logical.TVRelation" oid="D5AD539D-DBB6-92D4-5544-D2927012D484" otype="Relation" vid_source="DD591CF1-4270-8625-5010-14E40C001728" vid_target="6FA0B40C-4476-9D93-192F-817558F56F0D">
<hideElementsInCurrentOnly>false</hideElementsInCurrentOnly>
<backgroundColor>-16777216</backgroundColor>
<lineWidth>1</lineWidth>
<points>
<point x="230" y="211"/>
<point x="260" y="590"/>
</points>
</Connector>
<Connector class="oracle.dbtools.crest.swingui.logical.TVRelation" oid="D6216BEA-2B18-B7E6-97B2-DC34C2166C10" otype="Relation" vid_source="6DE3E95C-9BAD-4635-D2F6-EAB43FA1C4BC" vid_target="DD591CF1-4270-8625-5010-14E40C001728">
<hideElementsInCurrentOnly>false</hideElementsInCurrentOnly>
<backgroundColor>-16777216</backgroundColor>
<lineWidth>1</lineWidth>
<points>
<point x="125" y="420"/>
<point x="125" y="211"/>
</points>
</Connector>
<Connector class="oracle.dbtools.crest.swingui.logical.TVRelation" oid="DE199DCC-642F-DDC5-095F-39716E8B8395" otype="Relation" vid_source="85ECFCF5-08CA-7734-099E-480D864B45CD" vid_target="6FA0B40C-4476-9D93-192F-817558F56F0D">
<hideElementsInCurrentOnly>false</hideElementsInCurrentOnly>
<backgroundColor>-16777216</backgroundColor>
<lineWidth>1</lineWidth>
<points>
<point x="365" y="517"/>
<point x="365" y="590"/>
</points>
</Connector>
<Connector class="oracle.dbtools.crest.swingui.logical.TVRelation" oid="F2AF159A-E1B8-F757-D1CC-EB4B01D76F7A" otype="Relation" vid_source="58D4BE9F-1FB0-44BD-FCD5-6B4A134D0AE9" vid_target="EE98A8E4-6517-2A82-921C-B5892ABA0A29">
<hideElementsInCurrentOnly>false</hideElementsInCurrentOnly>
<backgroundColor>-16777216</backgroundColor>
<lineWidth>1</lineWidth>
<points>
<point x="577" y="190"/>
<point x="697" y="81"/>
</points>
</Connector>
</connectors>
<arcs>
<Arc class="oracle.dbtools.crest.swingui.logical.TVArc" oid="14842381-6D00-4376-E78E-EA9094C80B82" otype="Arc" vid="F0A9D8A3-B070-249D-29F2-4089DF0B9FBA">
<hideElementsInCurrentOnly>false</hideElementsInCurrentOnly>
<bounds x="480" y="110" width="275" height="161"/>
</Arc>
</arcs>
</Diagram>
