<?xml version = '1.0' encoding = 'UTF-8'?>
<Entity class="oracle.dbtools.crest.model.design.logical.Entity" directorySegmentName="seg_0" id="27ADE29D-AFA5-84F9-A8CA-C58018695DCE" name="POSTULANTE">
<createdBy>fran_</createdBy>
<createdTime>2025-09-08 17:04:54 UTC</createdTime>
<ownerDesignName>Exp2_S4_grupo6</ownerDesignName>
<engineerTo>
<item key="4C3F3CF4-97C4-EA16-D35B-D8C526C926B3" value="true"/>
</engineerTo>
<adequatelyNormalized>NO</adequatelyNormalized>
<expectedVolumes>0</expectedVolumes>
<fwdEngineeringStrategyName>Single Table</fwdEngineeringStrategyName>
<growthPercent>0</growthPercent>
<growthType>Year</growthType>
<maxVolumes>9999999</maxVolumes>
<minVolumes>0</minVolumes>
<normalForm>Third</normalForm>
<attributes itemClass="oracle.dbtools.crest.model.design.logical.Attribute">
<Attribute name="id_postulante" id="A3150368-A00D-C74C-68F8-07DCC0E03918">
<createdBy>fran_</createdBy>
<createdTime>2025-09-08 17:05:05 UTC</createdTime>
<ownerDesignName>Exp2_S4_grupo6</ownerDesignName>
<engineerTo>
<item key="4C3F3CF4-97C4-EA16-D35B-D8C526C926B3" value="true"/>
</engineerTo>
<useDomainConstraints>false</useDomainConstraints>
<use>1</use>
<logicalDatatype>LOGDT019</logicalDatatype>
<dataTypePrecision>20</dataTypePrecision>
<ownDataTypeParameters>,20,</ownDataTypeParameters>
</Attribute>
<Attribute name="nombre" id="D844B17A-BF8A-142D-F860-2738F2D824F5">
<createdBy>fran_</createdBy>
<createdTime>2025-09-08 17:09:19 UTC</createdTime>
<ownerDesignName>Exp2_S4_grupo6</ownerDesignName>
<engineerTo>
<item key="4C3F3CF4-97C4-EA16-D35B-D8C526C926B3" value="true"/>
</engineerTo>
<useDomainConstraints>false</useDomainConstraints>
<use>1</use>
<logicalDatatype>LOGDT024</logicalDatatype>
<dataTypeSize>25</dataTypeSize>
<ownDataTypeParameters>25,,</ownDataTypeParameters>
</Attribute>
<Attribute name="apellido" id="AB431FFF-047B-B3F0-6252-B55F0D03D830">
<createdBy>fran_</createdBy>
<createdTime>2025-09-08 17:09:37 UTC</createdTime>
<ownerDesignName>Exp2_S4_grupo6</ownerDesignName>
<engineerTo>
<item key="4C3F3CF4-97C4-EA16-D35B-D8C526C926B3" value="true"/>
</engineerTo>
<useDomainConstraints>false</useDomainConstraints>
<use>1</use>
<logicalDatatype>LOGDT024</logicalDatatype>
<dataTypeSize>25</dataTypeSize>
<ownDataTypeParameters>25,,</ownDataTypeParameters>
</Attribute>
<Attribute name="fecha_nacimiento " id="09DC4539-FF5A-07AE-A82E-36A515BD5704">
<createdBy>fran_</createdBy>
<createdTime>2025-09-08 17:09:53 UTC</createdTime>
<ownerDesignName>Exp2_S4_grupo6</ownerDesignName>
<engineerTo>
<item key="4C3F3CF4-97C4-EA16-D35B-D8C526C926B3" value="true"/>
</engineerTo>
<useDomainConstraints>false</useDomainConstraints>
<use>1</use>
<logicalDatatype>LOGDT007</logicalDatatype>
<ownDataTypeParameters>,,</ownDataTypeParameters>
</Attribute>
<Attribute name="genero" id="2E7B3EDB-0D69-9DB9-F457-1CAFEA049604">
<createdBy>fran_</createdBy>
<createdTime>2025-09-08 17:10:15 UTC</createdTime>
<ownerDesignName>Exp2_S4_grupo6</ownerDesignName>
<engineerTo>
<item key="4C3F3CF4-97C4-EA16-D35B-D8C526C926B3" value="true"/>
</engineerTo>
<useDomainConstraints>false</useDomainConstraints>
<use>1</use>
<logicalDatatype>LOGDT024</logicalDatatype>
<dataTypeSize>10</dataTypeSize>
<ownDataTypeParameters>10,,</ownDataTypeParameters>
</Attribute>
<Attribute name="estado_civil" id="01ABA832-74EC-DA0E-6B0E-267BD48E7FC6">
<createdBy>fran_</createdBy>
<createdTime>2025-09-08 17:11:01 UTC</createdTime>
<ownerDesignName>Exp2_S4_grupo6</ownerDesignName>
<engineerTo>
<item key="4C3F3CF4-97C4-EA16-D35B-D8C526C926B3" value="true"/>
</engineerTo>
<useDomainConstraints>false</useDomainConstraints>
<use>1</use>
<logicalDatatype>LOGDT024</logicalDatatype>
<dataTypeSize>15</dataTypeSize>
<ownDataTypeParameters>15,,</ownDataTypeParameters>
</Attribute>
<Attribute name="pais_origen" id="97BD8DA4-0A34-670C-25AA-3B4E5AC572E7">
<createdBy>fran_</createdBy>
<createdTime>2025-09-08 17:25:44 UTC</createdTime>
<ownerDesignName>Exp2_S4_grupo6</ownerDesignName>
<engineerTo>
<item key="4C3F3CF4-97C4-EA16-D35B-D8C526C926B3" value="true"/>
</engineerTo>
<useDomainConstraints>false</useDomainConstraints>
<use>1</use>
<logicalDatatype>LOGDT024</logicalDatatype>
<dataTypeSize>25</dataTypeSize>
<ownDataTypeParameters>25,,</ownDataTypeParameters>
</Attribute>
<Attribute name="folio_postulante" id="02F320F2-CB2F-0694-93AD-9B3A21C34EAA">
<createdBy>fran_</createdBy>
<createdTime>2025-09-08 19:53:55 UTC</createdTime>
<generatorID>588D649F-5EC2-940E-6406-7AB5849DC16E</generatorID>
<ownerDesignName>Exp2_S4_grupo6</ownerDesignName>
<engineerTo>
<item key="4C3F3CF4-97C4-EA16-D35B-D8C526C926B3" value="true"/>
</engineerTo>
<referedAttribute>DF3292C3-DF22-9CE6-7902-65F9C3CC6994</referedAttribute>
<useDomainConstraints>false</useDomainConstraints>
<use>1</use>
<logicalDatatype>LOGDT024</logicalDatatype>
<dataTypeSize>7</dataTypeSize>
<ownDataTypeParameters>,,</ownDataTypeParameters>
</Attribute>
</attributes>
<identifiers itemClass="oracle.dbtools.crest.model.design.logical.CandidateKey">
<identifier id="5CE18955-1AC1-22CE-3E14-ED03FDE93329" name="POSTULANTE PK">
<createdBy>fran_</createdBy>
<createdTime>2025-09-08 17:09:16 UTC</createdTime>
<ownerDesignName>Exp2_S4_grupo6</ownerDesignName>
<engineerTo>
<item key="4C3F3CF4-97C4-EA16-D35B-D8C526C926B3" value="true"/>
</engineerTo>
<pk>true</pk>
<usedAttributes>
<attributeRef>A3150368-A00D-C74C-68F8-07DCC0E03918</attributeRef>
</usedAttributes>
</identifier>
</identifiers>
</Entity>