<?xml version = '1.0' encoding = 'UTF-8'?>
<Entity class="oracle.dbtools.crest.model.design.logical.Entity" directorySegmentName="seg_0" id="AB52DE4F-1EB3-F65D-D60D-3BC86825F7C9" name="POSTULANTE_CHILENO">
<createdBy>fran_</createdBy>
<createdTime>2025-09-08 17:17:55 UTC</createdTime>
<ownerDesignName>Exp2_S4_grupo6</ownerDesignName>
<engineerTo>
<item key="4C3F3CF4-97C4-EA16-D35B-D8C526C926B3" value="true"/>
</engineerTo>
<adequatelyNormalized>NO</adequatelyNormalized>
<expectedVolumes>0</expectedVolumes>
<fwdEngineeringStrategyName>Single Table</fwdEngineeringStrategyName>
<growthPercent>0</growthPercent>
<growthType>Year</growthType>
<hierarchicalParent>27ADE29D-AFA5-84F9-A8CA-C58018695DCE</hierarchicalParent>
<maxVolumes>9999999</maxVolumes>
<minVolumes>0</minVolumes>
<normalForm>Third</normalForm>
<attributes itemClass="oracle.dbtools.crest.model.design.logical.Attribute">
<Attribute name="rut" id="57D171CA-C309-C733-3723-DE0EE3865DF5">
<createdBy>fran_</createdBy>
<createdTime>2025-09-08 17:18:43 UTC</createdTime>
<ownerDesignName>Exp2_S4_grupo6</ownerDesignName>
<engineerTo>
<item key="4C3F3CF4-97C4-EA16-D35B-D8C526C926B3" value="true"/>
</engineerTo>
<useDomainConstraints>false</useDomainConstraints>
<use>1</use>
<logicalDatatype>LOGDT024</logicalDatatype>
<dataTypeSize>10</dataTypeSize>
<ownDataTypeParameters>10,,</ownDataTypeParameters>
</Attribute>
</attributes>
</Entity>