<?xml version = '1.0' encoding = 'UTF-8'?>
<Entity class="oracle.dbtools.crest.model.design.logical.Entity" directorySegmentName="seg_0" id="C7967160-2856-603A-37C5-48FA77C1DF16" name="RESIDENCIA_CHILENA">
<createdBy>fran_</createdBy>
<createdTime>2025-09-08 19:42:33 UTC</createdTime>
<ownerDesignName>Exp2_S4_grupo6</ownerDesignName>
<engineerTo>
<item key="4C3F3CF4-97C4-EA16-D35B-D8C526C926B3" value="true"/>
</engineerTo>
<adequatelyNormalized>NO</adequatelyNormalized>
<expectedVolumes>0</expectedVolumes>
<fwdEngineeringStrategyName>Single Table</fwdEngineeringStrategyName>
<growthPercent>0</growthPercent>
<growthType>Year</growthType>
<maxVolumes>9999999</maxVolumes>
<minVolumes>0</minVolumes>
<normalForm>Third</normalForm>
<attributes itemClass="oracle.dbtools.crest.model.design.logical.Attribute">
<Attribute name="id_residencia" id="A3E8308D-32BF-A866-5C31-0524D68B3E89">
<createdBy>fran_</createdBy>
<createdTime>2025-09-08 19:43:37 UTC</createdTime>
<ownerDesignName>Exp2_S4_grupo6</ownerDesignName>
<engineerTo>
<item key="4C3F3CF4-97C4-EA16-D35B-D8C526C926B3" value="true"/>
</engineerTo>
<use>0</use>
<ownDataTypeParameters>,,</ownDataTypeParameters>
</Attribute>
<Attribute name="direc_resi" id="9C9E6FA2-1730-B6AF-A478-7F1A59EFABD7">
<createdBy>fran_</createdBy>
<createdTime>2025-09-08 19:43:53 UTC</createdTime>
<ownerDesignName>Exp2_S4_grupo6</ownerDesignName>
<engineerTo>
<item key="4C3F3CF4-97C4-EA16-D35B-D8C526C926B3" value="true"/>
</engineerTo>
<use>0</use>
<ownDataTypeParameters>,,</ownDataTypeParameters>
</Attribute>
<Attribute name="ciudad_resi" id="486C4663-BCF9-2792-13BA-31F056D98E61">
<createdBy>fran_</createdBy>
<createdTime>2025-09-08 19:44:44 UTC</createdTime>
<ownerDesignName>Exp2_S4_grupo6</ownerDesignName>
<engineerTo>
<item key="4C3F3CF4-97C4-EA16-D35B-D8C526C926B3" value="true"/>
</engineerTo>
<useDomainConstraints>false</useDomainConstraints>
<use>1</use>
<logicalDatatype>LOGDT024</logicalDatatype>
<dataTypeSize>25</dataTypeSize>
<ownDataTypeParameters>25,,</ownDataTypeParameters>
</Attribute>
<Attribute name="ciudad_resi_1" id="EEA7B1F9-F863-44FE-556F-AD7EE8D77805">
<createdBy>fran_</createdBy>
<createdTime>2025-09-08 19:45:26 UTC</createdTime>
<ownerDesignName>Exp2_S4_grupo6</ownerDesignName>
<engineerTo>
<item key="4C3F3CF4-97C4-EA16-D35B-D8C526C926B3" value="true"/>
</engineerTo>
<useDomainConstraints>false</useDomainConstraints>
<use>1</use>
<logicalDatatype>LOGDT024</logicalDatatype>
<dataTypeSize>25</dataTypeSize>
<ownDataTypeParameters>25,,</ownDataTypeParameters>
</Attribute>
<Attribute name="id_postulante" id="A092B50E-E02B-809B-CEEC-D6A483552555">
<createdBy>fran_</createdBy>
<createdTime>2025-09-08 19:56:44 UTC</createdTime>
<generatorID>6DB21D91-EDD1-C886-2150-66E18BE0993C</generatorID>
<ownerDesignName>Exp2_S4_grupo6</ownerDesignName>
<engineerTo>
<item key="4C3F3CF4-97C4-EA16-D35B-D8C526C926B3" value="true"/>
</engineerTo>
<referedAttribute>A3150368-A00D-C74C-68F8-07DCC0E03918</referedAttribute>
<useDomainConstraints>false</useDomainConstraints>
<use>1</use>
<logicalDatatype>LOGDT019</logicalDatatype>
<dataTypePrecision>20</dataTypePrecision>
<ownDataTypeParameters>,,</ownDataTypeParameters>
</Attribute>
</attributes>
<identifiers itemClass="oracle.dbtools.crest.model.design.logical.CandidateKey">
<identifier id="FCE8BCB6-AEB9-D3F5-B125-9C30EE9E63DC" name="RESIDENCIA_CHILENA PK">
<createdBy>fran_</createdBy>
<createdTime>2025-09-08 19:45:24 UTC</createdTime>
<ownerDesignName>Exp2_S4_grupo6</ownerDesignName>
<engineerTo>
<item key="4C3F3CF4-97C4-EA16-D35B-D8C526C926B3" value="true"/>
</engineerTo>
<pk>true</pk>
<usedAttributes>
<attributeRef>A3E8308D-32BF-A866-5C31-0524D68B3E89</attributeRef>
</usedAttributes>
</identifier>
</identifiers>
</Entity>