<?xml version = '1.0' encoding = 'UTF-8'?>
<relationalModel class="oracle.dbtools.crest.model.design.relational.RelationalDesign" name="Relational_1" id="F4188C02-A745-2EC0-714C-98B733559253" mainViewID="D98B59AE-7009-B34B-488F-818B98497F9C">
<createdBy>fran_</createdBy>
<createdTime>2025-10-12 13:38:02 UTC</createdTime>
<ownerDesignName>EFT_S9_Francisca_Aguilar</ownerDesignName>
<shouldBeOpen>false</shouldBeOpen>
<selectedRDBMSSite>32076570-2523-435C-2E92-BF29817DFF70</selectedRDBMSSite>
</relationalModel>