<?xml version = '1.0' encoding = 'UTF-8'?>
<Table class="oracle.dbtools.crest.model.design.relational.Table" directorySegmentName="seg_0" id="0D89C2E1-1C48-59F7-65E1-13D83BB1B2BE" name="MEDICO">
<createdBy>fran_</createdBy>
<createdTime>2025-09-15 21:10:32 UTC</createdTime>
<generatorID>65A4EF60-3AE2-B2CD-F7DA-D689CD6DFD21</generatorID>
<ownerDesignName>Exp2_S5_Francisca_Aguilar</ownerDesignName>
<allowColumnReorder>false</allowColumnReorder>
<existDependencyGenerateInDDl>true</existDependencyGenerateInDDl>
<parsed>true</parsed>
<columns itemClass="oracle.dbtools.crest.model.design.relational.Column">
<Column name="rut_m" id="04BF4534-7C50-B49F-E9BF-15A62A2C2840">
<createdBy>fran_</createdBy>
<createdTime>2025-09-15 21:10:32 UTC</createdTime>
<generatorID>AB476AF1-2EC2-69F7-B434-D09B5D5335FE</generatorID>
<ownerDesignName>Exp2_S5_Francisca_Aguilar</ownerDesignName>
<useDomainConstraints>false</useDomainConstraints>
<use>1</use>
<logicalDatatype>LOGDT019</logicalDatatype>
<dataTypePrecision>8</dataTypePrecision>
<ownDataTypeParameters>,8,</ownDataTypeParameters>
<autoIncrementCycle>false</autoIncrementCycle>
</Column>
<Column name="dv_m" id="8223E10E-D580-39EA-AB28-5997F5788229">
<createdBy>fran_</createdBy>
<createdTime>2025-09-15 21:10:32 UTC</createdTime>
<generatorID>03EEE795-4767-745C-F446-E893985A0B86</generatorID>
<ownerDesignName>Exp2_S5_Francisca_Aguilar</ownerDesignName>
<constraintName>CK_MEDICO_DV_M</constraintName>
<useDomainConstraints>false</useDomainConstraints>
<use>1</use>
<logicalDatatype>LOGDT024</logicalDatatype>
<dataTypeSize>1</dataTypeSize>
<listOfValues>
<valueDef value="&quot;0&quot;" description=""/>
<valueDef value="&quot;1&quot;" description=""/>
<valueDef value="&quot;2&quot;" description=""/>
<valueDef value="&quot;3&quot;" description=""/>
<valueDef value="&quot;4&quot;" description=""/>
<valueDef value="&quot;5&quot;" description=""/>
<valueDef value="&quot;6&quot;" description=""/>
<valueDef value="&quot;7&quot;" description=""/>
<valueDef value="&quot;8&quot;" description=""/>
<valueDef value="&quot;9&quot;" description=""/>
<valueDef value="&quot;K&quot;" description=""/>
</listOfValues>
<ownDataTypeParameters>1,,</ownDataTypeParameters>
<autoIncrementCycle>false</autoIncrementCycle>
</Column>
<Column name="nom_m" id="EDB36C13-9BC9-D7C8-3DFB-6AE9266C52A6">
<createdBy>fran_</createdBy>
<createdTime>2025-09-15 21:10:32 UTC</createdTime>
<generatorID>A8B6A7EE-95B1-4A73-62E6-15CB9DD1CAA6</generatorID>
<ownerDesignName>Exp2_S5_Francisca_Aguilar</ownerDesignName>
<useDomainConstraints>false</useDomainConstraints>
<use>1</use>
<logicalDatatype>LOGDT024</logicalDatatype>
<dataTypeSize>25</dataTypeSize>
<ownDataTypeParameters>25,,</ownDataTypeParameters>
<autoIncrementCycle>false</autoIncrementCycle>
</Column>
<Column name="apell_m" id="BC22391B-CF06-142D-3E9A-918C6149C580">
<createdBy>fran_</createdBy>
<createdTime>2025-09-15 21:10:32 UTC</createdTime>
<generatorID>5EA1C46A-3C18-AD4C-04FA-F12FEF45CBA5</generatorID>
<ownerDesignName>Exp2_S5_Francisca_Aguilar</ownerDesignName>
<useDomainConstraints>false</useDomainConstraints>
<use>1</use>
<logicalDatatype>LOGDT024</logicalDatatype>
<dataTypeSize>25</dataTypeSize>
<ownDataTypeParameters>25,,</ownDataTypeParameters>
<autoIncrementCycle>false</autoIncrementCycle>
</Column>
<Column name="fecha_in" id="7759C7F3-45F0-851B-01DD-63855470A0D3">
<createdBy>fran_</createdBy>
<createdTime>2025-09-15 21:10:32 UTC</createdTime>
<generatorID>A12902EB-56F7-E474-2AF1-04F9D17DE5EA</generatorID>
<ownerDesignName>Exp2_S5_Francisca_Aguilar</ownerDesignName>
<useDomainConstraints>false</useDomainConstraints>
<use>1</use>
<logicalDatatype>LOGDT007</logicalDatatype>
<ownDataTypeParameters>,,</ownDataTypeParameters>
<autoIncrementCycle>false</autoIncrementCycle>
</Column>
<Column name="MEDICO_rut_m" id="B361BA87-3C85-49B9-705D-80B9B73E8683">
<createdBy>fran_</createdBy>
<createdTime>2025-09-15 21:10:32 UTC</createdTime>
<generatorID>43DDCA2C-976C-2856-A1F2-A55BD96120DE</generatorID>
<ownerDesignName>Exp2_S5_Francisca_Aguilar</ownerDesignName>
<useDomainConstraints>false</useDomainConstraints>
<use>1</use>
<logicalDatatype>LOGDT019</logicalDatatype>
<dataTypePrecision>8</dataTypePrecision>
<ownDataTypeParameters>,,</ownDataTypeParameters>
<previousColumn>false</previousColumn>
<autoIncrementCycle>false</autoIncrementCycle>
<associations>
<colAssociation fkAssociation="94108469-E29F-6666-2E11-0C82E17BBFB4" referredColumn="04BF4534-7C50-B49F-E9BF-15A62A2C2840"/>
</associations>
</Column>
<Column name="C_MEDICA_id_consulta" id="06D92FDC-CEFD-5B5E-90C0-984E6A44F074">
<createdBy>fran_</createdBy>
<createdTime>2025-09-15 21:10:32 UTC</createdTime>
<generatorID>DA2CA88E-9A65-75E4-20F9-BF5D5BC4CA49</generatorID>
<ownerDesignName>Exp2_S5_Francisca_Aguilar</ownerDesignName>
<useDomainConstraints>false</useDomainConstraints>
<use>1</use>
<logicalDatatype>LOGDT019</logicalDatatype>
<dataTypePrecision>10</dataTypePrecision>
<ownDataTypeParameters>,,</ownDataTypeParameters>
<previousColumn>false</previousColumn>
<autoIncrementCycle>false</autoIncrementCycle>
<associations>
<colAssociation fkAssociation="C9257790-0140-94FC-A7E3-3343D49BF800" referredColumn="6A44408F-D78E-AF8E-AA03-A8DD996D7F7E"/>
</associations>
</Column>
<Column name="AFP_cod_afp" id="DFF22624-0E8E-1429-7B41-7995C708C96A">
<createdBy>fran_</createdBy>
<createdTime>2025-09-15 21:10:32 UTC</createdTime>
<generatorID>92E552CF-04EE-6D4D-91C9-0C0D402AFDB7</generatorID>
<ownerDesignName>Exp2_S5_Francisca_Aguilar</ownerDesignName>
<nullsAllowed>true</nullsAllowed>
<useDomainConstraints>false</useDomainConstraints>
<use>1</use>
<logicalDatatype>LOGDT019</logicalDatatype>
<dataTypePrecision>10</dataTypePrecision>
<ownDataTypeParameters>,,</ownDataTypeParameters>
<previousColumn>false</previousColumn>
<autoIncrementCycle>false</autoIncrementCycle>
<associations>
<colAssociation fkAssociation="29F8A9A0-8F5F-020C-6258-DA525C885A96" referredColumn="50F02A1D-F849-FE56-9524-8B84EB52D595"/>
</associations>
</Column>
<Column name="ESPECIALIDAD_id_esp" id="593EC5A8-E0A8-2D82-DD09-D9665D53FCA6">
<createdBy>fran_</createdBy>
<createdTime>2025-09-15 21:10:32 UTC</createdTime>
<generatorID>519D5EFA-4F3F-5B76-A2D4-8F86B0B1E376</generatorID>
<ownerDesignName>Exp2_S5_Francisca_Aguilar</ownerDesignName>
<useDomainConstraints>false</useDomainConstraints>
<use>1</use>
<logicalDatatype>LOGDT019</logicalDatatype>
<dataTypePrecision>10</dataTypePrecision>
<ownDataTypeParameters>,,</ownDataTypeParameters>
<previousColumn>false</previousColumn>
<autoIncrementCycle>false</autoIncrementCycle>
<associations>
<colAssociation fkAssociation="F917E632-E75B-C0BA-9D2E-486D22CBE909" referredColumn="AACEDE90-C3F8-1050-6EEC-0DE28EAF80D1"/>
</associations>
</Column>
<Column name="I_SALUD_codigo_inst" id="6975D797-D45A-1377-2991-22181985B3CF">
<createdBy>fran_</createdBy>
<createdTime>2025-09-15 21:10:32 UTC</createdTime>
<generatorID>65BBBE4B-0D0C-3F94-7A55-AFFA17D24879</generatorID>
<ownerDesignName>Exp2_S5_Francisca_Aguilar</ownerDesignName>
<useDomainConstraints>false</useDomainConstraints>
<use>1</use>
<logicalDatatype>LOGDT019</logicalDatatype>
<dataTypePrecision>10</dataTypePrecision>
<ownDataTypeParameters>,,</ownDataTypeParameters>
<previousColumn>false</previousColumn>
<autoIncrementCycle>false</autoIncrementCycle>
<associations>
<colAssociation fkAssociation="A50F0C71-6873-B665-5A6B-B08686EBC925" referredColumn="0A6A6CDB-3FE1-B9AE-8505-744C32A395CB"/>
</associations>
</Column>
</columns>
<indexes itemClass="oracle.dbtools.crest.model.design.relational.Index">
<ind_PK_UK id="72E09DB5-1AA7-080D-4EB3-5123CDB80D98" name="MEDICO_PK">
<createdBy>fran_</createdBy>
<createdTime>2025-09-15 21:10:32 UTC</createdTime>
<generatorID>30CB6881-1BFB-2DD7-E7A5-B5B7B602348A</generatorID>
<ownerDesignName>Exp2_S5_Francisca_Aguilar</ownerDesignName>
<pk>true</pk>
<indexState>Primary Constraint</indexState>
<isSurrogateKey>false</isSurrogateKey>
<indexColumnUsage>
<colUsage columnID="04BF4534-7C50-B49F-E9BF-15A62A2C2840"/>
</indexColumnUsage>
</ind_PK_UK>
<ind_PK_UK id="979848FD-072B-0583-D2A2-4A9408C5C030" name="MEDICO_AFP_FK">
<createdBy>fran_</createdBy>
<createdTime>2025-09-15 21:10:32 UTC</createdTime>
<generatorID>87A787AF-44F2-DB74-5B4B-B46531822C14</generatorID>
<ownerDesignName>Exp2_S5_Francisca_Aguilar</ownerDesignName>
<indexState>Foreign Key</indexState>
<isSurrogateKey>false</isSurrogateKey>
<indexColumnUsage>
<colUsage columnID="DFF22624-0E8E-1429-7B41-7995C708C96A"/>
</indexColumnUsage>
</ind_PK_UK>
<ind_PK_UK id="4A468868-0A24-EC18-AFD1-FFDD5A956EE5" name="MEDICO_C_MEDICA_FK">
<createdBy>fran_</createdBy>
<createdTime>2025-09-15 21:10:32 UTC</createdTime>
<generatorID>8D984C95-61E7-6688-1BE7-97E33BE0D99E</generatorID>
<ownerDesignName>Exp2_S5_Francisca_Aguilar</ownerDesignName>
<indexState>Foreign Key</indexState>
<isSurrogateKey>false</isSurrogateKey>
<indexColumnUsage>
<colUsage columnID="06D92FDC-CEFD-5B5E-90C0-984E6A44F074"/>
</indexColumnUsage>
</ind_PK_UK>
<ind_PK_UK id="EF54E9B7-B661-65F0-A7A4-0569A0085C8B" name="MEDICO_ESPECIALIDAD_FK">
<createdBy>fran_</createdBy>
<createdTime>2025-09-15 21:10:32 UTC</createdTime>
<generatorID>34456B8D-9768-AFB7-716A-817D799FF83C</generatorID>
<ownerDesignName>Exp2_S5_Francisca_Aguilar</ownerDesignName>
<indexState>Foreign Key</indexState>
<isSurrogateKey>false</isSurrogateKey>
<indexColumnUsage>
<colUsage columnID="593EC5A8-E0A8-2D82-DD09-D9665D53FCA6"/>
</indexColumnUsage>
</ind_PK_UK>
<ind_PK_UK id="A23D219B-AD9D-BB76-7AFC-620AFA1840D0" name="MEDICO_I_SALUD_FK">
<createdBy>fran_</createdBy>
<createdTime>2025-09-15 21:10:32 UTC</createdTime>
<generatorID>A98AB03D-1668-149E-6B80-5B1E953506FC</generatorID>
<ownerDesignName>Exp2_S5_Francisca_Aguilar</ownerDesignName>
<indexState>Foreign Key</indexState>
<isSurrogateKey>false</isSurrogateKey>
<indexColumnUsage>
<colUsage columnID="6975D797-D45A-1377-2991-22181985B3CF"/>
</indexColumnUsage>
</ind_PK_UK>
<ind_PK_UK id="34945860-F20F-0D20-1057-C9BD0DF48F00" name="MEDICO_MEDICO_FK">
<createdBy>fran_</createdBy>
<createdTime>2025-09-15 21:10:32 UTC</createdTime>
<generatorID>986E3251-328A-99EA-8632-ED341AFDA061</generatorID>
<ownerDesignName>Exp2_S5_Francisca_Aguilar</ownerDesignName>
<indexState>Foreign Key</indexState>
<isSurrogateKey>false</isSurrogateKey>
<indexColumnUsage>
<colUsage columnID="B361BA87-3C85-49B9-705D-80B9B73E8683"/>
</indexColumnUsage>
</ind_PK_UK>
</indexes>
</Table>