<?xml version = '1.0' encoding = 'UTF-8'?>
<Table class="oracle.dbtools.crest.model.design.relational.Table" directorySegmentName="seg_0" id="22B4DED2-8776-BF2D-B195-E158A23950CC" name="T_PAGO">
<createdBy>fran_</createdBy>
<createdTime>2025-09-15 21:10:32 UTC</createdTime>
<generatorID>2731C705-D6A8-CA7E-CBDB-D39E36989DCF</generatorID>
<ownerDesignName>Exp2_S5_Francisca_Aguilar</ownerDesignName>
<allowColumnReorder>false</allowColumnReorder>
<existDependencyGenerateInDDl>true</existDependencyGenerateInDDl>
<parsed>true</parsed>
<columns itemClass="oracle.dbtools.crest.model.design.relational.Column">
<Column name="id_tipo_p" id="FF67C3C2-1669-CDDD-57F0-D479F4200C2B">
<createdBy>fran_</createdBy>
<createdTime>2025-09-15 21:10:32 UTC</createdTime>
<generatorID>EBFBAC39-9669-6B07-7C77-5E132846C94C</generatorID>
<ownerDesignName>Exp2_S5_Francisca_Aguilar</ownerDesignName>
<useDomainConstraints>false</useDomainConstraints>
<use>1</use>
<logicalDatatype>LOGDT019</logicalDatatype>
<ownDataTypeParameters>,,</ownDataTypeParameters>
<autoIncrementCycle>false</autoIncrementCycle>
</Column>
<Column name="tipo_p" id="0136908F-F60A-0B0C-9B16-0B9C5DA592AD">
<createdBy>fran_</createdBy>
<createdTime>2025-09-15 21:10:32 UTC</createdTime>
<generatorID>ABC0D9C9-3E24-3110-3758-055463F2527C</generatorID>
<ownerDesignName>Exp2_S5_Francisca_Aguilar</ownerDesignName>
<constraintName>CK_TIPO_PAGO_TIPO_PAGO</constraintName>
<useDomainConstraints>false</useDomainConstraints>
<use>1</use>
<logicalDatatype>LOGDT024</logicalDatatype>
<dataTypeSize>15</dataTypeSize>
<listOfValues>
<valueDef value="&quot;CONVENIO&quot;" description=""/>
<valueDef value="&quot;EFECTIVO&quot;" description=""/>
<valueDef value="&quot;TARJETA&quot;" description=""/>
</listOfValues>
<ownDataTypeParameters>15,,</ownDataTypeParameters>
<autoIncrementCycle>false</autoIncrementCycle>
</Column>
</columns>
<indexes itemClass="oracle.dbtools.crest.model.design.relational.Index">
<ind_PK_UK id="087FFF1E-5752-7B83-36D2-0341F7586F30" name="TIPO_PAGO_PK">
<createdBy>fran_</createdBy>
<createdTime>2025-09-15 21:10:32 UTC</createdTime>
<generatorID>A11C64F5-9416-5EA5-D629-C564AB7013C5</generatorID>
<ownerDesignName>Exp2_S5_Francisca_Aguilar</ownerDesignName>
<pk>true</pk>
<indexState>Primary Constraint</indexState>
<isSurrogateKey>false</isSurrogateKey>
<indexColumnUsage>
<colUsage columnID="FF67C3C2-1669-CDDD-57F0-D479F4200C2B"/>
</indexColumnUsage>
</ind_PK_UK>
</indexes>
</Table>