<?xml version = '1.0' encoding = 'UTF-8'?>
<Table class="oracle.dbtools.crest.model.design.relational.Table" directorySegmentName="seg_0" id="2A0EA76A-A92A-BCE0-FD45-8DD73931FC57" name="C_MEDICA">
<createdBy>fran_</createdBy>
<createdTime>2025-09-15 21:10:32 UTC</createdTime>
<generatorID>86F82A91-74E4-85DF-4FFE-BE75FC077F05</generatorID>
<ownerDesignName>Exp2_S5_Francisca_Aguilar</ownerDesignName>
<allowColumnReorder>false</allowColumnReorder>
<existDependencyGenerateInDDl>true</existDependencyGenerateInDDl>
<parsed>true</parsed>
<columns itemClass="oracle.dbtools.crest.model.design.relational.Column">
<Column name="id_consulta" id="6A44408F-D78E-AF8E-AA03-A8DD996D7F7E">
<createdBy>fran_</createdBy>
<createdTime>2025-09-15 21:10:32 UTC</createdTime>
<generatorID>B32AEC57-AD31-5185-C7E5-A66F6CEAE315</generatorID>
<ownerDesignName>Exp2_S5_Francisca_Aguilar</ownerDesignName>
<useDomainConstraints>false</useDomainConstraints>
<use>1</use>
<logicalDatatype>LOGDT019</logicalDatatype>
<dataTypePrecision>10</dataTypePrecision>
<ownDataTypeParameters>,10,</ownDataTypeParameters>
<autoIncrementCycle>false</autoIncrementCycle>
</Column>
<Column name="tipo_con" id="9A6B506B-C29F-B541-577A-960D3E3B8F1C">
<createdBy>fran_</createdBy>
<createdTime>2025-09-15 21:10:32 UTC</createdTime>
<generatorID>37BC4E31-6A3C-7F10-8587-FFF745E8A59F</generatorID>
<ownerDesignName>Exp2_S5_Francisca_Aguilar</ownerDesignName>
<constraintName>CK_C_MEDICA_TIPO_CON</constraintName>
<useDomainConstraints>false</useDomainConstraints>
<use>1</use>
<logicalDatatype>LOGDT024</logicalDatatype>
<dataTypeSize>15</dataTypeSize>
<listOfValues>
<valueDef value="&quot;presencial&quot;" description=""/>
<valueDef value="&quot;virtual&quot;" description=""/>
</listOfValues>
<ownDataTypeParameters>15,,</ownDataTypeParameters>
<autoIncrementCycle>false</autoIncrementCycle>
</Column>
<Column name="m_tratante" id="87F07096-0401-5F36-24A2-4876C21AB898">
<createdBy>fran_</createdBy>
<createdTime>2025-09-15 21:10:32 UTC</createdTime>
<generatorID>0ECF6D01-590E-E6E8-4C37-851FCB9CC0BF</generatorID>
<ownerDesignName>Exp2_S5_Francisca_Aguilar</ownerDesignName>
<useDomainConstraints>false</useDomainConstraints>
<use>1</use>
<logicalDatatype>LOGDT024</logicalDatatype>
<dataTypeSize>25</dataTypeSize>
<ownDataTypeParameters>25,,</ownDataTypeParameters>
<autoIncrementCycle>false</autoIncrementCycle>
</Column>
<Column name="fecha_cons" id="C3FE87AA-744E-29F5-6266-D6BE617A536C">
<createdBy>fran_</createdBy>
<createdTime>2025-09-15 21:10:32 UTC</createdTime>
<generatorID>19561F4F-7437-DAB0-F336-D7D183D01279</generatorID>
<ownerDesignName>Exp2_S5_Francisca_Aguilar</ownerDesignName>
<useDomainConstraints>false</useDomainConstraints>
<use>1</use>
<logicalDatatype>LOGDT007</logicalDatatype>
<ownDataTypeParameters>,,</ownDataTypeParameters>
<autoIncrementCycle>false</autoIncrementCycle>
</Column>
<Column name="hora_cons" id="948711BD-40A5-1FE8-CF01-E7FA68C82CB7">
<createdBy>fran_</createdBy>
<createdTime>2025-09-15 21:10:32 UTC</createdTime>
<generatorID>CE3CE74E-EE62-550A-EDE2-8B196B9A32F6</generatorID>
<ownerDesignName>Exp2_S5_Francisca_Aguilar</ownerDesignName>
<useDomainConstraints>false</useDomainConstraints>
<use>1</use>
<logicalDatatype>LOGDT007</logicalDatatype>
<ownDataTypeParameters>,,</ownDataTypeParameters>
<autoIncrementCycle>false</autoIncrementCycle>
</Column>
<Column name="diagnostico" id="2AFB6251-734D-A1C4-5265-A055BB6938CF">
<createdBy>fran_</createdBy>
<createdTime>2025-09-15 21:10:32 UTC</createdTime>
<generatorID>F816F961-B8CE-4C08-6242-8EDB10A9D4D5</generatorID>
<ownerDesignName>Exp2_S5_Francisca_Aguilar</ownerDesignName>
<useDomainConstraints>false</useDomainConstraints>
<use>1</use>
<logicalDatatype>LOGDT024</logicalDatatype>
<dataTypeSize>50</dataTypeSize>
<ownDataTypeParameters>50,,</ownDataTypeParameters>
<autoIncrementCycle>false</autoIncrementCycle>
</Column>
<Column name="examen_soli" id="3DB835F6-FC25-2190-7F84-70CEF16AC46B">
<createdBy>fran_</createdBy>
<createdTime>2025-09-15 21:10:32 UTC</createdTime>
<generatorID>5016FCF7-8650-C484-7B3A-AD68FB0A0BAC</generatorID>
<ownerDesignName>Exp2_S5_Francisca_Aguilar</ownerDesignName>
<nullsAllowed>true</nullsAllowed>
<useDomainConstraints>false</useDomainConstraints>
<use>1</use>
<logicalDatatype>LOGDT024</logicalDatatype>
<dataTypeSize>50</dataTypeSize>
<ownDataTypeParameters>50,,</ownDataTypeParameters>
<autoIncrementCycle>false</autoIncrementCycle>
</Column>
<Column name="U_ATENCION_id_u" id="708CA7D0-E9EF-1AF1-4E90-9D9B34370E7A">
<createdBy>fran_</createdBy>
<createdTime>2025-09-15 21:10:32 UTC</createdTime>
<generatorID>860D9C4C-AFEA-3D4A-C1AF-003E7A061EF2</generatorID>
<ownerDesignName>Exp2_S5_Francisca_Aguilar</ownerDesignName>
<useDomainConstraints>false</useDomainConstraints>
<use>1</use>
<logicalDatatype>LOGDT019</logicalDatatype>
<dataTypePrecision>10</dataTypePrecision>
<ownDataTypeParameters>,,</ownDataTypeParameters>
<previousColumn>false</previousColumn>
<autoIncrementCycle>false</autoIncrementCycle>
<associations>
<colAssociation fkAssociation="D74DFE74-4AFD-700D-7190-25D6BBB5075D" referredColumn="8CAC0BA6-58BD-2EBD-90A6-E3E7B2C3E6C2"/>
</associations>
</Column>
<Column name="PAGO_A_id_p" id="6D5FC738-F453-A4DB-642E-AAB40B096A0A">
<createdBy>fran_</createdBy>
<createdTime>2025-09-15 21:10:32 UTC</createdTime>
<generatorID>3E5DEDA9-2D23-D0A8-6EF2-00134A34A927</generatorID>
<ownerDesignName>Exp2_S5_Francisca_Aguilar</ownerDesignName>
<useDomainConstraints>false</useDomainConstraints>
<use>1</use>
<logicalDatatype>LOGDT019</logicalDatatype>
<dataTypePrecision>10</dataTypePrecision>
<ownDataTypeParameters>,,</ownDataTypeParameters>
<previousColumn>false</previousColumn>
<autoIncrementCycle>false</autoIncrementCycle>
<associations>
<colAssociation fkAssociation="D4953685-1AE4-2241-B973-A51F78793836" referredColumn="25401F5B-AF32-9E6B-D482-69D4A88F1412"/>
</associations>
</Column>
<Column name="PACIENTE_rut_pac" id="AF55C17B-EF06-0903-0AE4-A0BBBD4CC50D">
<createdBy>fran_</createdBy>
<createdTime>2025-09-15 21:10:32 UTC</createdTime>
<generatorID>FBFC6E2C-5B73-AE30-3533-C2BC8562E98D</generatorID>
<ownerDesignName>Exp2_S5_Francisca_Aguilar</ownerDesignName>
<useDomainConstraints>false</useDomainConstraints>
<use>1</use>
<logicalDatatype>LOGDT019</logicalDatatype>
<dataTypePrecision>8</dataTypePrecision>
<ownDataTypeParameters>,,</ownDataTypeParameters>
<previousColumn>false</previousColumn>
<autoIncrementCycle>false</autoIncrementCycle>
<associations>
<colAssociation fkAssociation="566A53C4-C685-36D8-B72A-06406418CA7D" referredColumn="9DD8B63D-2227-0D70-DFAF-6D7A47DEA427"/>
</associations>
</Column>
</columns>
<indexes itemClass="oracle.dbtools.crest.model.design.relational.Index">
<ind_PK_UK id="18E34A4E-BC01-07A1-E994-CCB1E792EC5B" name="CONSULTA_MEDICA_PK">
<createdBy>fran_</createdBy>
<createdTime>2025-09-15 21:10:32 UTC</createdTime>
<generatorID>CCFA96A0-E030-6ADA-EC2E-C8C3BE78525A</generatorID>
<ownerDesignName>Exp2_S5_Francisca_Aguilar</ownerDesignName>
<pk>true</pk>
<indexState>Primary Constraint</indexState>
<isSurrogateKey>false</isSurrogateKey>
<indexColumnUsage>
<colUsage columnID="6A44408F-D78E-AF8E-AA03-A8DD996D7F7E"/>
</indexColumnUsage>
</ind_PK_UK>
<ind_PK_UK id="5D5A9CC4-2532-8F1E-4E44-8179DD40768F" name="CONSULTA_MEDICA__IDX">
<createdBy>fran_</createdBy>
<createdTime>2025-09-15 21:10:32 UTC</createdTime>
<ownerDesignName>Exp2_S5_Francisca_Aguilar</ownerDesignName>
<indexState>Unique Plain Index</indexState>
<isSurrogateKey>false</isSurrogateKey>
<relationGeneratorID>2E71889B-9184-D6C0-B52F-0EDD32FE906F</relationGeneratorID>
<indexColumnUsage>
<colUsage columnID="6D5FC738-F453-A4DB-642E-AAB40B096A0A"/>
</indexColumnUsage>
</ind_PK_UK>
<ind_PK_UK id="2FE9C03A-DCE6-888A-EB00-B271A2403BD0" name="C_MEDICA_PACIENTE_FK">
<createdBy>fran_</createdBy>
<createdTime>2025-09-15 21:10:32 UTC</createdTime>
<generatorID>3002B6ED-BA97-98E2-7AB0-463C1B18E735</generatorID>
<ownerDesignName>Exp2_S5_Francisca_Aguilar</ownerDesignName>
<indexState>Foreign Key</indexState>
<isSurrogateKey>false</isSurrogateKey>
<indexColumnUsage>
<colUsage columnID="AF55C17B-EF06-0903-0AE4-A0BBBD4CC50D"/>
</indexColumnUsage>
</ind_PK_UK>
<ind_PK_UK id="D66F8CCF-927B-D0C0-5626-EFE921922141" name="C_MEDICA_U_ATENCION_FK">
<createdBy>fran_</createdBy>
<createdTime>2025-09-15 21:10:32 UTC</createdTime>
<generatorID>689E6239-AB64-7E86-AD17-BD31BDA5C380</generatorID>
<ownerDesignName>Exp2_S5_Francisca_Aguilar</ownerDesignName>
<indexState>Foreign Key</indexState>
<isSurrogateKey>false</isSurrogateKey>
<indexColumnUsage>
<colUsage columnID="708CA7D0-E9EF-1AF1-4E90-9D9B34370E7A"/>
</indexColumnUsage>
</ind_PK_UK>
<ind_PK_UK id="A63E2159-A9AF-ADEA-04E5-9CB9CCC087B8" name="C_MEDICA_PAGO_A_FK">
<createdBy>fran_</createdBy>
<createdTime>2025-09-16 02:00:39 UTC</createdTime>
<generatorID>2E71889B-9184-D6C0-B52F-0EDD32FE906F</generatorID>
<ownerDesignName>Exp2_S5_Francisca_Aguilar</ownerDesignName>
<indexState>Foreign Key</indexState>
<isSurrogateKey>false</isSurrogateKey>
<indexColumnUsage>
<colUsage columnID="6D5FC738-F453-A4DB-642E-AAB40B096A0A"/>
</indexColumnUsage>
</ind_PK_UK>
</indexes>
</Table>