<?xml version = '1.0' encoding = 'UTF-8'?>
<Table class="oracle.dbtools.crest.model.design.relational.Table" directorySegmentName="seg_0" id="88B43A36-8C85-FE0E-53F5-FE76CB7365A3" name="PAGO_A">
<createdBy>fran_</createdBy>
<createdTime>2025-09-15 21:10:32 UTC</createdTime>
<generatorID>2B49F5BC-70C4-F185-606C-B15845F2B01A</generatorID>
<ownerDesignName>Exp2_S5_Francisca_Aguilar</ownerDesignName>
<allowColumnReorder>false</allowColumnReorder>
<existDependencyGenerateInDDl>true</existDependencyGenerateInDDl>
<parsed>true</parsed>
<columns itemClass="oracle.dbtools.crest.model.design.relational.Column">
<Column name="id_p" id="25401F5B-AF32-9E6B-D482-69D4A88F1412">
<createdBy>fran_</createdBy>
<createdTime>2025-09-15 21:10:32 UTC</createdTime>
<generatorID>47590E05-EFAD-714E-0F98-C0EADFB9BA9A</generatorID>
<ownerDesignName>Exp2_S5_Francisca_Aguilar</ownerDesignName>
<useDomainConstraints>false</useDomainConstraints>
<use>1</use>
<logicalDatatype>LOGDT019</logicalDatatype>
<dataTypePrecision>10</dataTypePrecision>
<ownDataTypeParameters>,10,</ownDataTypeParameters>
<autoIncrementCycle>false</autoIncrementCycle>
</Column>
<Column name="fecha_p" id="28666FDD-1D06-0B0D-F1C5-19F8D806FE6B">
<createdBy>fran_</createdBy>
<createdTime>2025-09-15 21:10:32 UTC</createdTime>
<generatorID>DDA866CD-19BA-E4EC-87AD-0280B6F47E8F</generatorID>
<ownerDesignName>Exp2_S5_Francisca_Aguilar</ownerDesignName>
<useDomainConstraints>false</useDomainConstraints>
<use>1</use>
<logicalDatatype>LOGDT007</logicalDatatype>
<ownDataTypeParameters>,,</ownDataTypeParameters>
<autoIncrementCycle>false</autoIncrementCycle>
</Column>
<Column name="monto_canc" id="8375B287-0860-8470-3D4D-A721978440D0">
<createdBy>fran_</createdBy>
<createdTime>2025-09-15 21:10:32 UTC</createdTime>
<generatorID>D0B19475-A4D8-D2EE-1E33-EF9E6A9502B3</generatorID>
<ownerDesignName>Exp2_S5_Francisca_Aguilar</ownerDesignName>
<constraintName>CK_PAGO_A_MONTO_CANC</constraintName>
<useDomainConstraints>false</useDomainConstraints>
<use>1</use>
<logicalDatatype>LOGDT019</logicalDatatype>
<dataTypePrecision>6</dataTypePrecision>
<checkConstraint>
<implementationDef dbType="Generic Constraint" definition="monto_cancelado &gt; 0"/>
</checkConstraint>
<ownDataTypeParameters>,6,</ownDataTypeParameters>
<autoIncrementCycle>false</autoIncrementCycle>
</Column>
<Column name="atencion_aso" id="AF425C99-2852-FB22-0B64-B3BA3BDA4C0D">
<createdBy>fran_</createdBy>
<createdTime>2025-09-15 21:10:32 UTC</createdTime>
<generatorID>F493C2F0-49D8-D948-7874-0E6A9F17C6A4</generatorID>
<ownerDesignName>Exp2_S5_Francisca_Aguilar</ownerDesignName>
<useDomainConstraints>false</useDomainConstraints>
<use>1</use>
<logicalDatatype>LOGDT024</logicalDatatype>
<dataTypeSize>25</dataTypeSize>
<ownDataTypeParameters>25,,</ownDataTypeParameters>
<autoIncrementCycle>false</autoIncrementCycle>
</Column>
<Column name="C_MEDICA_id_consulta" id="31A910BF-2F2B-DC23-59CB-8D83F068C4BF">
<createdBy>fran_</createdBy>
<createdTime>2025-09-15 21:10:32 UTC</createdTime>
<generatorID>84AE5635-6A1B-89A4-9F55-5A24A91A7387</generatorID>
<ownerDesignName>Exp2_S5_Francisca_Aguilar</ownerDesignName>
<useDomainConstraints>false</useDomainConstraints>
<use>1</use>
<logicalDatatype>LOGDT019</logicalDatatype>
<dataTypePrecision>10</dataTypePrecision>
<ownDataTypeParameters>,,</ownDataTypeParameters>
<previousColumn>false</previousColumn>
<autoIncrementCycle>false</autoIncrementCycle>
<associations>
<colAssociation fkAssociation="8EC775AD-7A18-C89E-4CF5-43E553E605F5" referredColumn="6A44408F-D78E-AF8E-AA03-A8DD996D7F7E"/>
</associations>
</Column>
<Column name="T_PAGO_id_tipo_p" id="1F3C9DC4-B20B-070B-8D69-13BFF8E9A5EC">
<createdBy>fran_</createdBy>
<createdTime>2025-09-15 21:10:32 UTC</createdTime>
<generatorID>68BF57E6-DCD5-1872-1336-EC9A4EDA09D2</generatorID>
<ownerDesignName>Exp2_S5_Francisca_Aguilar</ownerDesignName>
<useDomainConstraints>false</useDomainConstraints>
<use>1</use>
<logicalDatatype>LOGDT019</logicalDatatype>
<ownDataTypeParameters>,,</ownDataTypeParameters>
<previousColumn>false</previousColumn>
<autoIncrementCycle>false</autoIncrementCycle>
<associations>
<colAssociation fkAssociation="35235B01-DDF5-2928-0F39-66CB51075A3C" referredColumn="FF67C3C2-1669-CDDD-57F0-D479F4200C2B"/>
</associations>
</Column>
</columns>
<indexes itemClass="oracle.dbtools.crest.model.design.relational.Index">
<ind_PK_UK id="DA3B20F3-A045-17C6-EE09-72BE469C6589" name="PAGO_ATENCION_PK">
<createdBy>fran_</createdBy>
<createdTime>2025-09-15 21:10:32 UTC</createdTime>
<generatorID>9331968E-AF30-B958-4E86-527B13CA516C</generatorID>
<ownerDesignName>Exp2_S5_Francisca_Aguilar</ownerDesignName>
<pk>true</pk>
<indexState>Primary Constraint</indexState>
<isSurrogateKey>false</isSurrogateKey>
<indexColumnUsage>
<colUsage columnID="25401F5B-AF32-9E6B-D482-69D4A88F1412"/>
</indexColumnUsage>
</ind_PK_UK>
<ind_PK_UK id="508269A9-D7E3-2A07-5CAB-5EC1DA07B131" name="PAGO_ATENCION__IDX">
<createdBy>fran_</createdBy>
<createdTime>2025-09-15 21:10:32 UTC</createdTime>
<ownerDesignName>Exp2_S5_Francisca_Aguilar</ownerDesignName>
<indexState>Unique Plain Index</indexState>
<isSurrogateKey>false</isSurrogateKey>
<relationGeneratorID>2E71889B-9184-D6C0-B52F-0EDD32FE906F</relationGeneratorID>
<indexColumnUsage>
<colUsage columnID="31A910BF-2F2B-DC23-59CB-8D83F068C4BF"/>
</indexColumnUsage>
</ind_PK_UK>
<ind_PK_UK id="9A2D1A06-5AC5-1F3E-FAD3-0C8E1D6D5F75" name="PAGO_A_T_PAGO_FK">
<createdBy>fran_</createdBy>
<createdTime>2025-09-15 21:10:32 UTC</createdTime>
<generatorID>CB4CB821-0EFF-79E3-7503-D1A61DA1482A</generatorID>
<ownerDesignName>Exp2_S5_Francisca_Aguilar</ownerDesignName>
<indexState>Foreign Key</indexState>
<isSurrogateKey>false</isSurrogateKey>
<indexColumnUsage>
<colUsage columnID="1F3C9DC4-B20B-070B-8D69-13BFF8E9A5EC"/>
</indexColumnUsage>
</ind_PK_UK>
<ind_PK_UK id="61FEA6FF-8B78-580F-2228-E3A74BE44F57" name="PAGO_A_C_MEDICA_FK">
<createdBy>fran_</createdBy>
<createdTime>2025-09-16 02:00:39 UTC</createdTime>
<generatorID>2E71889B-9184-D6C0-B52F-0EDD32FE906F</generatorID>
<ownerDesignName>Exp2_S5_Francisca_Aguilar</ownerDesignName>
<indexState>Foreign Key</indexState>
<isSurrogateKey>false</isSurrogateKey>
<indexColumnUsage>
<colUsage columnID="31A910BF-2F2B-DC23-59CB-8D83F068C4BF"/>
</indexColumnUsage>
</ind_PK_UK>
</indexes>
</Table>