<?xml version = '1.0' encoding = 'UTF-8'?>
<Table class="oracle.dbtools.crest.model.design.relational.Table" directorySegmentName="seg_0" id="8C0650CF-916F-61B4-F87E-BD61A018A8AA" name="ESTUDIANTE">
<createdBy>fran_</createdBy>
<createdTime>2025-09-16 01:57:50 UTC</createdTime>
<generatorID>B159A039-F0BA-6A5A-8A15-5D859C0FA93D</generatorID>
<ownerDesignName>Exp2_S5_Francisca_Aguilar</ownerDesignName>
<ordsAlias>estudiantev1</ordsAlias>
<allowColumnReorder>false</allowColumnReorder>
<existDependencyGenerateInDDl>true</existDependencyGenerateInDDl>
<parsed>true</parsed>
<columns itemClass="oracle.dbtools.crest.model.design.relational.Column">
<Column name="rut_pac" id="7EA0135C-CB9C-54B6-F3D6-4D12C94110D2">
<createdBy>fran_</createdBy>
<createdTime>2025-09-16 01:57:51 UTC</createdTime>
<generatorID>7FD26555-0F18-BF94-6B55-446BAF3250D9</generatorID>
<ownerDesignName>Exp2_S5_Francisca_Aguilar</ownerDesignName>
<useDomainConstraints>false</useDomainConstraints>
<use>1</use>
<logicalDatatype>LOGDT019</logicalDatatype>
<dataTypePrecision>8</dataTypePrecision>
<ownDataTypeParameters>,,</ownDataTypeParameters>
<autoIncrementCycle>false</autoIncrementCycle>
<associations>
<colAssociation fkAssociation="6EF4635B-01BD-381E-8DA7-56E989CA3126" referredColumn="9DD8B63D-2227-0D70-DFAF-6D7A47DEA427"/>
</associations>
</Column>
<Column name="carrera" id="CB117490-ADFF-F6EF-2FA4-F8FF22BBCE8B">
<createdBy>fran_</createdBy>
<createdTime>2025-09-16 01:57:51 UTC</createdTime>
<generatorID>B5FB3BE2-9EC7-AEC3-8AE8-93319AAB7DF4</generatorID>
<ownerDesignName>Exp2_S5_Francisca_Aguilar</ownerDesignName>
<useDomainConstraints>false</useDomainConstraints>
<use>1</use>
<logicalDatatype>LOGDT024</logicalDatatype>
<dataTypeSize>25</dataTypeSize>
<ownDataTypeParameters>25,,</ownDataTypeParameters>
<autoIncrementCycle>false</autoIncrementCycle>
</Column>
</columns>
<indexes itemClass="oracle.dbtools.crest.model.design.relational.Index">
<ind_PK_UK id="96EE4119-07CE-D252-48B8-41A4BFD6F38B" name="ESTUDIANTEv1_PK">
<createdBy>fran_</createdBy>
<createdTime>2025-09-16 01:57:51 UTC</createdTime>
<generatorID>6F30E091-681C-25F2-7FCB-445750F5678D</generatorID>
<ownerDesignName>Exp2_S5_Francisca_Aguilar</ownerDesignName>
<pk>true</pk>
<indexState>Primary Constraint</indexState>
<isSurrogateKey>false</isSurrogateKey>
<indexColumnUsage>
<colUsage columnID="7EA0135C-CB9C-54B6-F3D6-4D12C94110D2"/>
</indexColumnUsage>
</ind_PK_UK>
<ind_PK_UK id="D3E9C5BF-0217-04F2-7F39-7910220A51E7" name="ESTUDIANTEv1_PACIENTE_FK">
<createdBy>fran_</createdBy>
<createdTime>2025-09-16 01:57:51 UTC</createdTime>
<generatorID>F217FB9C-22B6-3199-FFAE-2C9FAB48FAF7</generatorID>
<ownerDesignName>Exp2_S5_Francisca_Aguilar</ownerDesignName>
<indexState>Foreign Key</indexState>
<isSurrogateKey>false</isSurrogateKey>
<indexColumnUsage>
<colUsage columnID="7EA0135C-CB9C-54B6-F3D6-4D12C94110D2"/>
</indexColumnUsage>
</ind_PK_UK>
</indexes>
</Table>