<?xml version = '1.0' encoding = 'UTF-8'?>
<Table class="oracle.dbtools.crest.model.design.relational.Table" directorySegmentName="seg_0" id="9660A715-84AF-EDC5-C7E1-44CE97F8D97B" name="R_CLINICOS">
<createdBy>fran_</createdBy>
<createdTime>2025-09-15 21:10:32 UTC</createdTime>
<generatorID>5BAAED2F-7C91-0CF0-8234-8F2B3D737D70</generatorID>
<ownerDesignName>Exp2_S5_Francisca_Aguilar</ownerDesignName>
<allowColumnReorder>false</allowColumnReorder>
<existDependencyGenerateInDDl>true</existDependencyGenerateInDDl>
<parsed>true</parsed>
<columns itemClass="oracle.dbtools.crest.model.design.relational.Column">
<Column name="id_registros" id="274A0233-5BBC-CCCF-625E-EA4128A02A04">
<createdBy>fran_</createdBy>
<createdTime>2025-09-15 21:10:32 UTC</createdTime>
<generatorID>7D0E0947-F601-D036-3E97-4AD42A5AEB91</generatorID>
<ownerDesignName>Exp2_S5_Francisca_Aguilar</ownerDesignName>
<useDomainConstraints>false</useDomainConstraints>
<use>1</use>
<logicalDatatype>LOGDT019</logicalDatatype>
<dataTypePrecision>10</dataTypePrecision>
<ownDataTypeParameters>,10,</ownDataTypeParameters>
<autoIncrementCycle>false</autoIncrementCycle>
</Column>
<Column name="U_ATENCION_id_u" id="0A77D5BD-6072-2DDC-76FC-972C036AB56B">
<createdBy>fran_</createdBy>
<createdTime>2025-09-15 21:10:32 UTC</createdTime>
<generatorID>2479BD24-8E5F-74D7-4BA2-C07FAC01829F</generatorID>
<ownerDesignName>Exp2_S5_Francisca_Aguilar</ownerDesignName>
<useDomainConstraints>false</useDomainConstraints>
<use>1</use>
<logicalDatatype>LOGDT019</logicalDatatype>
<dataTypePrecision>10</dataTypePrecision>
<ownDataTypeParameters>,,</ownDataTypeParameters>
<previousColumn>false</previousColumn>
<autoIncrementCycle>false</autoIncrementCycle>
<associations>
<colAssociation fkAssociation="613886EB-37B4-0D42-C2CE-6D0C0E8B0A19" referredColumn="8CAC0BA6-58BD-2EBD-90A6-E3E7B2C3E6C2"/>
</associations>
</Column>
</columns>
<indexes itemClass="oracle.dbtools.crest.model.design.relational.Index">
<ind_PK_UK id="5BC7B52B-A448-3356-666F-2DF2345863BE" name="REGISTROS_CLINICOS_PK">
<createdBy>fran_</createdBy>
<createdTime>2025-09-15 21:10:32 UTC</createdTime>
<generatorID>165CA1EC-9FC7-5296-3761-3D68E206A034</generatorID>
<ownerDesignName>Exp2_S5_Francisca_Aguilar</ownerDesignName>
<pk>true</pk>
<indexState>Primary Constraint</indexState>
<isSurrogateKey>false</isSurrogateKey>
<indexColumnUsage>
<colUsage columnID="274A0233-5BBC-CCCF-625E-EA4128A02A04"/>
</indexColumnUsage>
</ind_PK_UK>
<ind_PK_UK id="1B17D41E-3A69-A428-6A46-DF6BC0BBBD2E" name="R_CLINICOS_U_ATENCION_FK">
<createdBy>fran_</createdBy>
<createdTime>2025-09-15 21:10:32 UTC</createdTime>
<generatorID>64C91A6C-AA3A-B10C-F77A-D2EA9F3AE80C</generatorID>
<ownerDesignName>Exp2_S5_Francisca_Aguilar</ownerDesignName>
<indexState>Foreign Key</indexState>
<isSurrogateKey>false</isSurrogateKey>
<indexColumnUsage>
<colUsage columnID="0A77D5BD-6072-2DDC-76FC-972C036AB56B"/>
</indexColumnUsage>
</ind_PK_UK>
</indexes>
</Table>