<?xml version = '1.0' encoding = 'UTF-8'?>
<Table class="oracle.dbtools.crest.model.design.relational.Table" directorySegmentName="seg_0" id="A6873196-1E55-6EE9-D2AC-A267EDECBC11" name="FICHA_M">
<createdBy>fran_</createdBy>
<createdTime>2025-09-15 21:10:32 UTC</createdTime>
<generatorID>27980124-5DF8-7459-C792-3269022E9445</generatorID>
<ownerDesignName>Exp2_S5_Francisca_Aguilar</ownerDesignName>
<allowColumnReorder>false</allowColumnReorder>
<existDependencyGenerateInDDl>true</existDependencyGenerateInDDl>
<parsed>true</parsed>
<columns itemClass="oracle.dbtools.crest.model.design.relational.Column">
<Column name="id_historial" id="B677A371-3C99-AC21-F9B5-3065F74FF1C5">
<createdBy>fran_</createdBy>
<createdTime>2025-09-15 21:10:32 UTC</createdTime>
<generatorID>0BF210DF-D21E-8258-AE29-97B6B22B19E3</generatorID>
<ownerDesignName>Exp2_S5_Francisca_Aguilar</ownerDesignName>
<useDomainConstraints>false</useDomainConstraints>
<use>1</use>
<logicalDatatype>LOGDT019</logicalDatatype>
<dataTypePrecision>10</dataTypePrecision>
<ownDataTypeParameters>,10,</ownDataTypeParameters>
<autoIncrementCycle>false</autoIncrementCycle>
</Column>
<Column name="h_atenciones" id="AAB95891-96ED-A1E4-A35A-6C25D365707A">
<createdBy>fran_</createdBy>
<createdTime>2025-09-15 21:10:32 UTC</createdTime>
<generatorID>7ECDB1BD-3887-6508-6EFC-167D835522E0</generatorID>
<ownerDesignName>Exp2_S5_Francisca_Aguilar</ownerDesignName>
<useDomainConstraints>false</useDomainConstraints>
<use>1</use>
<logicalDatatype>LOGDT024</logicalDatatype>
<dataTypeSize>50</dataTypeSize>
<ownDataTypeParameters>50,,</ownDataTypeParameters>
<autoIncrementCycle>false</autoIncrementCycle>
</Column>
<Column name="PACIENTE_rut_pac" id="8BD19006-95B0-3EA8-AD7C-0BBBE0D02B76">
<createdBy>fran_</createdBy>
<createdTime>2025-09-15 21:10:32 UTC</createdTime>
<generatorID>5846240C-B08C-A7D4-74AB-2FDC5D6F18D1</generatorID>
<ownerDesignName>Exp2_S5_Francisca_Aguilar</ownerDesignName>
<useDomainConstraints>false</useDomainConstraints>
<use>1</use>
<logicalDatatype>LOGDT019</logicalDatatype>
<dataTypePrecision>8</dataTypePrecision>
<ownDataTypeParameters>,,</ownDataTypeParameters>
<previousColumn>false</previousColumn>
<autoIncrementCycle>false</autoIncrementCycle>
<associations>
<colAssociation fkAssociation="01971573-870B-E4AF-8133-6A66B100473C" referredColumn="9DD8B63D-2227-0D70-DFAF-6D7A47DEA427"/>
</associations>
</Column>
</columns>
<indexes itemClass="oracle.dbtools.crest.model.design.relational.Index">
<ind_PK_UK id="8E131470-B003-CE21-448C-C5E9D8A83E55" name="FICHA_MEDICA_PK">
<createdBy>fran_</createdBy>
<createdTime>2025-09-15 21:10:32 UTC</createdTime>
<generatorID>28752898-CBE6-A0C9-358D-068D5E8A6A16</generatorID>
<ownerDesignName>Exp2_S5_Francisca_Aguilar</ownerDesignName>
<pk>true</pk>
<indexState>Primary Constraint</indexState>
<isSurrogateKey>false</isSurrogateKey>
<indexColumnUsage>
<colUsage columnID="B677A371-3C99-AC21-F9B5-3065F74FF1C5"/>
</indexColumnUsage>
</ind_PK_UK>
<ind_PK_UK id="CF6C0C1C-9255-04A8-E880-69530ABD7B88" name="FICHA_M_PACIENTE_FK">
<createdBy>fran_</createdBy>
<createdTime>2025-09-15 21:10:32 UTC</createdTime>
<generatorID>A19C1673-B397-01BD-508D-81FC290A0AF5</generatorID>
<ownerDesignName>Exp2_S5_Francisca_Aguilar</ownerDesignName>
<indexState>Foreign Key</indexState>
<isSurrogateKey>false</isSurrogateKey>
<indexColumnUsage>
<colUsage columnID="8BD19006-95B0-3EA8-AD7C-0BBBE0D02B76"/>
</indexColumnUsage>
</ind_PK_UK>
</indexes>
</Table>