<?xml version = '1.0' encoding = 'UTF-8'?>
<Table class="oracle.dbtools.crest.model.design.relational.Table" directorySegmentName="seg_0" id="BCD255B6-EDE0-47C8-9181-C511F5DECAC7" name="ESPECIALIDAD">
<createdBy>fran_</createdBy>
<createdTime>2025-09-15 21:10:32 UTC</createdTime>
<generatorID>E3F35D78-27B3-C7EA-5085-3F52D1A068EB</generatorID>
<ownerDesignName>Exp2_S5_Francisca_Aguilar</ownerDesignName>
<allowColumnReorder>false</allowColumnReorder>
<existDependencyGenerateInDDl>true</existDependencyGenerateInDDl>
<parsed>true</parsed>
<columns itemClass="oracle.dbtools.crest.model.design.relational.Column">
<Column name="id_esp" id="AACEDE90-C3F8-1050-6EEC-0DE28EAF80D1">
<createdBy>fran_</createdBy>
<createdTime>2025-09-15 21:10:32 UTC</createdTime>
<generatorID>0157DB27-0DE2-7418-64D2-828B34A15C3B</generatorID>
<ownerDesignName>Exp2_S5_Francisca_Aguilar</ownerDesignName>
<useDomainConstraints>false</useDomainConstraints>
<use>1</use>
<logicalDatatype>LOGDT019</logicalDatatype>
<dataTypePrecision>10</dataTypePrecision>
<ownDataTypeParameters>,10,</ownDataTypeParameters>
<autoIncrementCycle>false</autoIncrementCycle>
</Column>
<Column name="nom_esp" id="C11744D3-4D5C-5B55-728E-587ADF612D46">
<createdBy>fran_</createdBy>
<createdTime>2025-09-15 21:10:32 UTC</createdTime>
<generatorID>5AD6CDE7-B312-0307-DD10-9EC254D9192A</generatorID>
<ownerDesignName>Exp2_S5_Francisca_Aguilar</ownerDesignName>
<useDomainConstraints>false</useDomainConstraints>
<use>1</use>
<logicalDatatype>LOGDT024</logicalDatatype>
<dataTypeSize>20</dataTypeSize>
<ownDataTypeParameters>20,,</ownDataTypeParameters>
<autoIncrementCycle>false</autoIncrementCycle>
</Column>
</columns>
<indexes itemClass="oracle.dbtools.crest.model.design.relational.Index">
<ind_PK_UK id="3525C00E-4115-1CB1-F92F-0AEEBF03E71F" name="ESPECIALIDAD_PK">
<createdBy>fran_</createdBy>
<createdTime>2025-09-15 21:10:32 UTC</createdTime>
<generatorID>57108440-0A63-27B1-EFDC-E2ECB9443847</generatorID>
<ownerDesignName>Exp2_S5_Francisca_Aguilar</ownerDesignName>
<pk>true</pk>
<indexState>Primary Constraint</indexState>
<isSurrogateKey>false</isSurrogateKey>
<indexColumnUsage>
<colUsage columnID="AACEDE90-C3F8-1050-6EEC-0DE28EAF80D1"/>
</indexColumnUsage>
</ind_PK_UK>
<ind_PK_UK id="CCA1D6F3-6130-A1BC-FB9B-A0E04127F05F" name="ESPECIALIDAD_nombre_esp_UN">
<createdBy>fran_</createdBy>
<createdTime>2025-09-15 21:10:32 UTC</createdTime>
<generatorID>EA3A14B3-DB07-76B8-485E-049A9A27760D</generatorID>
<ownerDesignName>Exp2_S5_Francisca_Aguilar</ownerDesignName>
<indexState>Unique Constraint</indexState>
<isSurrogateKey>false</isSurrogateKey>
<indexColumnUsage>
<colUsage columnID="C11744D3-4D5C-5B55-728E-587ADF612D46"/>
</indexColumnUsage>
</ind_PK_UK>
<ind_PK_UK id="2F75CC92-83DD-82C2-5798-1B7512E54BC1" name="ESPECIALIDAD_nom_esp_UN">
<createdBy>fran_</createdBy>
<createdTime>2025-09-15 22:14:57 UTC</createdTime>
<generatorID>186BF35B-00A4-2DA7-83ED-B74AFE2EB679</generatorID>
<ownerDesignName>Exp2_S5_Francisca_Aguilar</ownerDesignName>
<indexState>Unique Constraint</indexState>
<isSurrogateKey>false</isSurrogateKey>
<indexColumnUsage>
<colUsage columnID="C11744D3-4D5C-5B55-728E-587ADF612D46"/>
</indexColumnUsage>
</ind_PK_UK>
</indexes>
</Table>