<?xml version = '1.0' encoding = 'UTF-8'?>
<Table class="oracle.dbtools.crest.model.design.relational.Table" directorySegmentName="seg_0" id="C63F162E-A59F-59E1-2C31-D1416255126F" name="P_ADMINISTRATIVO">
<createdBy>fran_</createdBy>
<createdTime>2025-09-16 00:46:21 UTC</createdTime>
<generatorID>BEC2E507-C27F-A3E9-DF9B-234B6C48D259</generatorID>
<ownerDesignName>Exp2_S5_Francisca_Aguilar</ownerDesignName>
<allowColumnReorder>false</allowColumnReorder>
<existDependencyGenerateInDDl>true</existDependencyGenerateInDDl>
<parsed>true</parsed>
<columns itemClass="oracle.dbtools.crest.model.design.relational.Column">
<Column name="rut_paciente" id="F33C279B-F5B3-436D-D5CD-B5C5AF4F678A">
<createdBy>fran_</createdBy>
<createdTime>2025-09-16 00:46:21 UTC</createdTime>
<generatorID>7FD26555-0F18-BF94-6B55-446BAF3250D9</generatorID>
<ownerDesignName>Exp2_S5_Francisca_Aguilar</ownerDesignName>
<useDomainConstraints>false</useDomainConstraints>
<use>1</use>
<logicalDatatype>LOGDT019</logicalDatatype>
<dataTypePrecision>8</dataTypePrecision>
<ownDataTypeParameters>,,</ownDataTypeParameters>
<autoIncrementCycle>false</autoIncrementCycle>
<associations>
<colAssociation fkAssociation="32C756F5-C0A6-6EB4-0493-A40C1C1AC3C5" referredColumn="9DD8B63D-2227-0D70-DFAF-6D7A47DEA427"/>
</associations>
</Column>
<Column name="cargo_adm" id="5338B9F4-542F-D0F8-9E8B-6A220F11E90B">
<createdBy>fran_</createdBy>
<createdTime>2025-09-16 00:46:21 UTC</createdTime>
<generatorID>8F4C6979-E969-3DD7-64F0-BF3E4BEC62EB</generatorID>
<ownerDesignName>Exp2_S5_Francisca_Aguilar</ownerDesignName>
<useDomainConstraints>false</useDomainConstraints>
<use>1</use>
<logicalDatatype>LOGDT024</logicalDatatype>
<dataTypeSize>25</dataTypeSize>
<ownDataTypeParameters>25,,</ownDataTypeParameters>
<autoIncrementCycle>false</autoIncrementCycle>
</Column>
</columns>
<indexes itemClass="oracle.dbtools.crest.model.design.relational.Index">
<ind_PK_UK id="070FC523-8BA8-DB48-138C-112D4C6E4FB0" name="PERSONAL_ADMINISTRATIVOv1_PK">
<createdBy>fran_</createdBy>
<createdTime>2025-09-16 00:46:21 UTC</createdTime>
<generatorID>6F30E091-681C-25F2-7FCB-445750F5678D</generatorID>
<ownerDesignName>Exp2_S5_Francisca_Aguilar</ownerDesignName>
<pk>true</pk>
<indexState>Primary Constraint</indexState>
<isSurrogateKey>false</isSurrogateKey>
<indexColumnUsage>
<colUsage columnID="F33C279B-F5B3-436D-D5CD-B5C5AF4F678A"/>
</indexColumnUsage>
</ind_PK_UK>
<ind_PK_UK id="1EAED375-7A2B-EC83-8BB6-E2B8382D9E21" name="PERSONAL_ADMINISTRATIVOv1_PACIENTE_FK">
<createdBy>fran_</createdBy>
<createdTime>2025-09-16 00:46:21 UTC</createdTime>
<generatorID>E84093CA-E558-4425-A680-31AB361A9A5B</generatorID>
<ownerDesignName>Exp2_S5_Francisca_Aguilar</ownerDesignName>
<indexState>Foreign Key</indexState>
<isSurrogateKey>false</isSurrogateKey>
<indexColumnUsage>
<colUsage columnID="F33C279B-F5B3-436D-D5CD-B5C5AF4F678A"/>
</indexColumnUsage>
</ind_PK_UK>
</indexes>
</Table>