<?xml version = '1.0' encoding = 'UTF-8'?>
<Table class="oracle.dbtools.crest.model.design.relational.Table" directorySegmentName="seg_0" id="D6A9E10F-BB2D-5E87-EBF1-65385A6A7EEE" name="P_ACADEMICO">
<createdBy>fran_</createdBy>
<createdTime>2025-09-16 00:46:21 UTC</createdTime>
<generatorID>720F9A05-7F7F-9523-40B0-2DEAA1933084</generatorID>
<ownerDesignName>Exp2_S5_Francisca_Aguilar</ownerDesignName>
<allowColumnReorder>false</allowColumnReorder>
<existDependencyGenerateInDDl>true</existDependencyGenerateInDDl>
<parsed>true</parsed>
<columns itemClass="oracle.dbtools.crest.model.design.relational.Column">
<Column name="rut_paciente" id="3C67C17F-4A60-AE71-254B-F5EFB1C7EBF5">
<createdBy>fran_</createdBy>
<createdTime>2025-09-16 00:46:21 UTC</createdTime>
<generatorID>7FD26555-0F18-BF94-6B55-446BAF3250D9</generatorID>
<ownerDesignName>Exp2_S5_Francisca_Aguilar</ownerDesignName>
<useDomainConstraints>false</useDomainConstraints>
<use>1</use>
<logicalDatatype>LOGDT019</logicalDatatype>
<dataTypePrecision>8</dataTypePrecision>
<ownDataTypeParameters>,,</ownDataTypeParameters>
<autoIncrementCycle>false</autoIncrementCycle>
<associations>
<colAssociation fkAssociation="4FCB6733-89D1-DE49-1D61-6AA6CF4ED3A7" referredColumn="9DD8B63D-2227-0D70-DFAF-6D7A47DEA427"/>
</associations>
</Column>
<Column name="cargo_acad" id="796EEC6D-B72C-50F6-6344-059AE7DF9609">
<createdBy>fran_</createdBy>
<createdTime>2025-09-16 00:46:21 UTC</createdTime>
<generatorID>1CEBF0B4-6B52-8F47-1EDE-59D2FAB445B6</generatorID>
<ownerDesignName>Exp2_S5_Francisca_Aguilar</ownerDesignName>
<useDomainConstraints>false</useDomainConstraints>
<use>1</use>
<logicalDatatype>LOGDT024</logicalDatatype>
<dataTypeSize>25</dataTypeSize>
<ownDataTypeParameters>25,,</ownDataTypeParameters>
<autoIncrementCycle>false</autoIncrementCycle>
</Column>
</columns>
<indexes itemClass="oracle.dbtools.crest.model.design.relational.Index">
<ind_PK_UK id="4F0AC543-3E3E-9278-382E-A8042E1F982D" name="PERSONAL_ACADEMICOv1_PK">
<createdBy>fran_</createdBy>
<createdTime>2025-09-16 00:46:21 UTC</createdTime>
<generatorID>6F30E091-681C-25F2-7FCB-445750F5678D</generatorID>
<ownerDesignName>Exp2_S5_Francisca_Aguilar</ownerDesignName>
<pk>true</pk>
<indexState>Primary Constraint</indexState>
<isSurrogateKey>false</isSurrogateKey>
<indexColumnUsage>
<colUsage columnID="3C67C17F-4A60-AE71-254B-F5EFB1C7EBF5"/>
</indexColumnUsage>
</ind_PK_UK>
<ind_PK_UK id="B52BBA5C-A5BD-640E-8D81-3FA1A16FD66B" name="PERSONAL_ACADEMICOv1_PACIENTE_FK">
<createdBy>fran_</createdBy>
<createdTime>2025-09-16 00:46:21 UTC</createdTime>
<generatorID>44584FEE-38B6-B850-770B-DD6DEFF426F8</generatorID>
<ownerDesignName>Exp2_S5_Francisca_Aguilar</ownerDesignName>
<indexState>Foreign Key</indexState>
<isSurrogateKey>false</isSurrogateKey>
<indexColumnUsage>
<colUsage columnID="3C67C17F-4A60-AE71-254B-F5EFB1C7EBF5"/>
</indexColumnUsage>
</ind_PK_UK>
</indexes>
</Table>