<?xml version = '1.0' encoding = 'UTF-8'?>
<Table class="oracle.dbtools.crest.model.design.relational.Table" directorySegmentName="seg_0" id="10867944-4E11-B711-1398-A434BE47DAF0" name="PERSONAL">
<createdBy>fran_</createdBy>
<createdTime>2025-10-12 14:11:41 UTC</createdTime>
<generatorID>97C4F653-1D84-5ED3-4976-8B5B57B1A504</generatorID>
<ownerDesignName>EFT_S9_Francisca_Aguilar</ownerDesignName>
<allowColumnReorder>false</allowColumnReorder>
<existDependencyGenerateInDDl>true</existDependencyGenerateInDDl>
<parsed>true</parsed>
<columns itemClass="oracle.dbtools.crest.model.design.relational.Column">
<Column name="cod_personal" id="A0AE95A7-E3FE-C92B-54FD-058667372995">
<createdBy>fran_</createdBy>
<createdTime>2025-10-12 14:11:41 UTC</createdTime>
<generatorID>11E0979F-8AB8-C5E8-01BD-699DD8D644A9</generatorID>
<ownerDesignName>EFT_S9_Francisca_Aguilar</ownerDesignName>
<useDomainConstraints>false</useDomainConstraints>
<use>1</use>
<logicalDatatype>LOGDT019</logicalDatatype>
<dataTypePrecision>5</dataTypePrecision>
<ownDataTypeParameters>,5,</ownDataTypeParameters>
<autoIncrementCycle>false</autoIncrementCycle>
</Column>
<Column name="rut_personal" id="B178BFB8-459B-656D-49B7-BCBE9E541807">
<createdBy>fran_</createdBy>
<createdTime>2025-10-12 14:11:41 UTC</createdTime>
<generatorID>0A034CD5-BBB1-E8F9-5163-712828DBF1EF</generatorID>
<ownerDesignName>EFT_S9_Francisca_Aguilar</ownerDesignName>
<useDomainConstraints>false</useDomainConstraints>
<use>1</use>
<logicalDatatype>LOGDT024</logicalDatatype>
<dataTypeSize>10</dataTypeSize>
<ownDataTypeParameters>10,,</ownDataTypeParameters>
<autoIncrementCycle>false</autoIncrementCycle>
</Column>
<Column name="nombre_personal" id="B83774A7-048C-FC71-EB9C-0FCCBB41C122">
<createdBy>fran_</createdBy>
<createdTime>2025-10-12 14:11:41 UTC</createdTime>
<generatorID>150B5951-7E03-9114-1053-D8763D98945A</generatorID>
<ownerDesignName>EFT_S9_Francisca_Aguilar</ownerDesignName>
<useDomainConstraints>false</useDomainConstraints>
<use>1</use>
<logicalDatatype>LOGDT024</logicalDatatype>
<dataTypeSize>20</dataTypeSize>
<ownDataTypeParameters>20,,</ownDataTypeParameters>
<autoIncrementCycle>false</autoIncrementCycle>
</Column>
<Column name="apellido_paterno" id="07D04A1E-6D88-BE3C-54D6-4DD598F65E33">
<createdBy>fran_</createdBy>
<createdTime>2025-10-12 14:11:41 UTC</createdTime>
<generatorID>CBD04F1B-EDF7-5CAB-AC73-4FB1C1B81821</generatorID>
<ownerDesignName>EFT_S9_Francisca_Aguilar</ownerDesignName>
<useDomainConstraints>false</useDomainConstraints>
<use>1</use>
<logicalDatatype>LOGDT024</logicalDatatype>
<dataTypeSize>20</dataTypeSize>
<ownDataTypeParameters>20,,</ownDataTypeParameters>
<autoIncrementCycle>false</autoIncrementCycle>
</Column>
<Column name="apellido_materno" id="0652B358-B3D8-08EF-4177-F9D71D32FB65">
<createdBy>fran_</createdBy>
<createdTime>2025-10-12 14:11:41 UTC</createdTime>
<generatorID>88BD48FB-C199-7E3F-E6E4-1B606A2D58BA</generatorID>
<ownerDesignName>EFT_S9_Francisca_Aguilar</ownerDesignName>
<useDomainConstraints>false</useDomainConstraints>
<use>1</use>
<logicalDatatype>LOGDT024</logicalDatatype>
<dataTypeSize>20</dataTypeSize>
<ownDataTypeParameters>20,,</ownDataTypeParameters>
<autoIncrementCycle>false</autoIncrementCycle>
</Column>
<Column name="fecha_contratacion" id="FF0182EF-78E5-D3FB-4415-D3CE1BA0F2BC">
<createdBy>fran_</createdBy>
<createdTime>2025-10-12 14:11:41 UTC</createdTime>
<generatorID>481F19B1-8A93-6527-C343-A8A2D630D74F</generatorID>
<ownerDesignName>EFT_S9_Francisca_Aguilar</ownerDesignName>
<useDomainConstraints>false</useDomainConstraints>
<use>1</use>
<logicalDatatype>LOGDT007</logicalDatatype>
<ownDataTypeParameters>,,</ownDataTypeParameters>
<autoIncrementCycle>false</autoIncrementCycle>
</Column>
<Column name="sueldo_base" id="DA8D5DA2-52B8-7CFB-3E58-A7D9C5D8F418">
<createdBy>fran_</createdBy>
<createdTime>2025-10-12 14:11:41 UTC</createdTime>
<generatorID>9626CC1D-5C0E-18C3-BEF4-1275E857A9C1</generatorID>
<ownerDesignName>EFT_S9_Francisca_Aguilar</ownerDesignName>
<useDomainConstraints>false</useDomainConstraints>
<use>1</use>
<logicalDatatype>LOGDT019</logicalDatatype>
<dataTypePrecision>7</dataTypePrecision>
<ownDataTypeParameters>,7,</ownDataTypeParameters>
<autoIncrementCycle>false</autoIncrementCycle>
</Column>
<Column name="estado_activo" id="0626B083-5A72-55CD-5ADD-6F8174A5393B">
<createdBy>fran_</createdBy>
<createdTime>2025-10-12 14:11:41 UTC</createdTime>
<generatorID>E345AC7D-3D7A-6D57-5A80-2227A095D15F</generatorID>
<ownerDesignName>EFT_S9_Francisca_Aguilar</ownerDesignName>
<useDomainConstraints>false</useDomainConstraints>
<use>1</use>
<logicalDatatype>LOGDT025</logicalDatatype>
<dataTypeSize>1</dataTypeSize>
<ownDataTypeParameters>1,,</ownDataTypeParameters>
<autoIncrementCycle>false</autoIncrementCycle>
</Column>
<Column name="tipo_personal" id="4919C5B8-3B03-F47D-A663-F94291C70ECD">
<createdBy>fran_</createdBy>
<createdTime>2025-10-12 14:11:41 UTC</createdTime>
<generatorID>F5074C2C-A39B-55F3-4AFC-FEF3DE32D859</generatorID>
<ownerDesignName>EFT_S9_Francisca_Aguilar</ownerDesignName>
<useDomainConstraints>false</useDomainConstraints>
<use>1</use>
<logicalDatatype>LOGDT024</logicalDatatype>
<dataTypeSize>20</dataTypeSize>
<ownDataTypeParameters>20,,</ownDataTypeParameters>
<autoIncrementCycle>false</autoIncrementCycle>
</Column>
<Column name="JEFE_T_cod_personal" id="AA58F55C-102D-E364-EB99-239A5F65271F">
<createdBy>fran_</createdBy>
<createdTime>2025-10-12 14:11:41 UTC</createdTime>
<generatorID>844BCCAC-E5F1-5703-99B5-806D569B4107</generatorID>
<ownerDesignName>EFT_S9_Francisca_Aguilar</ownerDesignName>
<useDomainConstraints>false</useDomainConstraints>
<use>1</use>
<logicalDatatype>LOGDT019</logicalDatatype>
<dataTypePrecision>5</dataTypePrecision>
<ownDataTypeParameters>,,</ownDataTypeParameters>
<previousColumn>false</previousColumn>
<autoIncrementCycle>false</autoIncrementCycle>
<associations>
<colAssociation fkAssociation="BC374C79-1FD2-537D-F452-5328779661C6" referredColumn="FB0D4F03-DBB5-F0D6-B309-DC0C7FD1B1D1"/>
</associations>
</Column>
<Column name="AFP_id_afp" id="716B08A3-23F1-D6EB-9347-B626E6134ED0">
<createdBy>fran_</createdBy>
<createdTime>2025-10-12 14:11:41 UTC</createdTime>
<generatorID>A3860C63-8731-9A89-9681-EC9074185F07</generatorID>
<ownerDesignName>EFT_S9_Francisca_Aguilar</ownerDesignName>
<useDomainConstraints>false</useDomainConstraints>
<use>1</use>
<logicalDatatype>LOGDT019</logicalDatatype>
<dataTypePrecision>5</dataTypePrecision>
<ownDataTypeParameters>,,</ownDataTypeParameters>
<previousColumn>false</previousColumn>
<autoIncrementCycle>false</autoIncrementCycle>
<associations>
<colAssociation fkAssociation="1D54B77A-0AB6-E9CE-57EA-5B091A004CC9" referredColumn="ED75E2DA-0B34-2222-ADF1-9BE679849F9E"/>
</associations>
</Column>
<Column name="SISTEMA_SALUD_id_salud" id="0F62A5AA-6A3B-A907-CDFE-D00952EC05C0">
<createdBy>fran_</createdBy>
<createdTime>2025-10-12 14:16:09 UTC</createdTime>
<generatorID>95129CFF-36D2-8953-3ECE-9BC415C318A7</generatorID>
<ownerDesignName>EFT_S9_Francisca_Aguilar</ownerDesignName>
<useDomainConstraints>false</useDomainConstraints>
<use>1</use>
<logicalDatatype>LOGDT019</logicalDatatype>
<dataTypePrecision>5</dataTypePrecision>
<ownDataTypeParameters>,,</ownDataTypeParameters>
<previousColumn>false</previousColumn>
<autoIncrementCycle>false</autoIncrementCycle>
<associations>
<colAssociation fkAssociation="AA8F3A27-73A0-EFDC-768E-240BEAB209DE" referredColumn="2097C5AE-8BCC-39E7-3956-9DE4AF96370C"/>
</associations>
</Column>
</columns>
<indexes itemClass="oracle.dbtools.crest.model.design.relational.Index">
<ind_PK_UK id="071D5EAF-43E3-5648-794A-45BEB8E77D0A" name="PERSONAL_PK">
<createdBy>fran_</createdBy>
<createdTime>2025-10-12 14:11:41 UTC</createdTime>
<generatorID>3546B6A3-F596-DED7-9C50-40BC9137323C</generatorID>
<ownerDesignName>EFT_S9_Francisca_Aguilar</ownerDesignName>
<pk>true</pk>
<indexState>Primary Constraint</indexState>
<isSurrogateKey>false</isSurrogateKey>
<indexColumnUsage>
<colUsage columnID="A0AE95A7-E3FE-C92B-54FD-058667372995"/>
</indexColumnUsage>
</ind_PK_UK>
<ind_PK_UK id="BC1E44C8-90FE-6D8F-89CB-0C4AA7469349" name="PERSONAL_JEFE_T_FK">
<createdBy>fran_</createdBy>
<createdTime>2025-10-12 14:11:41 UTC</createdTime>
<generatorID>808B13C2-958D-689C-D8FD-FF3E7DBC441D</generatorID>
<ownerDesignName>EFT_S9_Francisca_Aguilar</ownerDesignName>
<indexState>Foreign Key</indexState>
<isSurrogateKey>false</isSurrogateKey>
<indexColumnUsage>
<colUsage columnID="AA58F55C-102D-E364-EB99-239A5F65271F"/>
</indexColumnUsage>
</ind_PK_UK>
<ind_PK_UK id="60717A0C-91D6-7521-D291-73668120CCB5" name="PERSONAL_AFP_FK">
<createdBy>fran_</createdBy>
<createdTime>2025-10-12 14:11:41 UTC</createdTime>
<generatorID>471E0401-9B61-3210-BCC9-2939081455A6</generatorID>
<ownerDesignName>EFT_S9_Francisca_Aguilar</ownerDesignName>
<indexState>Foreign Key</indexState>
<isSurrogateKey>false</isSurrogateKey>
<indexColumnUsage>
<colUsage columnID="716B08A3-23F1-D6EB-9347-B626E6134ED0"/>
</indexColumnUsage>
</ind_PK_UK>
<ind_PK_UK id="420B380B-21D0-94BE-FAA1-D11A81366E0B" name="PERSONAL_SISTEMA_SALUD_FK">
<createdBy>fran_</createdBy>
<createdTime>2025-10-12 14:16:09 UTC</createdTime>
<generatorID>82087139-C63A-2366-9C29-32330F80F8F3</generatorID>
<ownerDesignName>EFT_S9_Francisca_Aguilar</ownerDesignName>
<indexState>Foreign Key</indexState>
<isSurrogateKey>false</isSurrogateKey>
<indexColumnUsage>
<colUsage columnID="0F62A5AA-6A3B-A907-CDFE-D00952EC05C0"/>
</indexColumnUsage>
</ind_PK_UK>
</indexes>
</Table>