<?xml version = '1.0' encoding = 'UTF-8'?>
<Table class="oracle.dbtools.crest.model.design.relational.Table" directorySegmentName="seg_0" id="2DEF5DC2-C684-0CFE-60CA-C4FC98A892E1" name="OPERARIO">
<createdBy>fran_</createdBy>
<createdTime>2025-10-12 14:11:41 UTC</createdTime>
<generatorID>10A090A0-80DA-1E1C-6BF6-456EDC9197E3</generatorID>
<ownerDesignName>EFT_S9_Francisca_Aguilar</ownerDesignName>
<allowColumnReorder>false</allowColumnReorder>
<existDependencyGenerateInDDl>true</existDependencyGenerateInDDl>
<parsed>true</parsed>
<columns itemClass="oracle.dbtools.crest.model.design.relational.Column">
<Column name="cod_personal" id="4D9FC85A-0333-0F11-4D55-AA497516F125">
<createdBy>fran_</createdBy>
<createdTime>2025-10-12 14:11:41 UTC</createdTime>
<generatorID>11E0979F-8AB8-C5E8-01BD-699DD8D644A9</generatorID>
<ownerDesignName>EFT_S9_Francisca_Aguilar</ownerDesignName>
<useDomainConstraints>false</useDomainConstraints>
<use>1</use>
<logicalDatatype>LOGDT019</logicalDatatype>
<dataTypePrecision>5</dataTypePrecision>
<ownDataTypeParameters>,,</ownDataTypeParameters>
<autoIncrementCycle>false</autoIncrementCycle>
<associations>
<colAssociation fkAssociation="0D09A6E2-8833-5135-63A2-6D54DAD22D07" referredColumn="A0AE95A7-E3FE-C92B-54FD-058667372995"/>
</associations>
</Column>
<Column name="categoria_trabajo" id="0BCBA6CF-472C-EDAD-1777-25B2C87D1297">
<createdBy>fran_</createdBy>
<createdTime>2025-10-12 14:11:41 UTC</createdTime>
<generatorID>8DF5CEBD-6D43-A6CC-DC4D-5094E4AEAB41</generatorID>
<ownerDesignName>EFT_S9_Francisca_Aguilar</ownerDesignName>
<useDomainConstraints>false</useDomainConstraints>
<use>1</use>
<logicalDatatype>LOGDT024</logicalDatatype>
<dataTypeSize>25</dataTypeSize>
<ownDataTypeParameters>25,,</ownDataTypeParameters>
<autoIncrementCycle>false</autoIncrementCycle>
</Column>
<Column name="certificado" id="8046DA2A-494E-BF33-2327-32B46CD9B1FA">
<createdBy>fran_</createdBy>
<createdTime>2025-10-12 14:11:41 UTC</createdTime>
<generatorID>9DF866D5-1BEA-1F3F-B585-8B4934616881</generatorID>
<ownerDesignName>EFT_S9_Francisca_Aguilar</ownerDesignName>
<nullsAllowed>true</nullsAllowed>
<useDomainConstraints>false</useDomainConstraints>
<use>1</use>
<logicalDatatype>LOGDT024</logicalDatatype>
<dataTypeSize>25</dataTypeSize>
<ownDataTypeParameters>25,,</ownDataTypeParameters>
<autoIncrementCycle>false</autoIncrementCycle>
</Column>
<Column name="horas_turno" id="63AD6910-468E-290B-2737-F960E6BFFACF">
<createdBy>fran_</createdBy>
<createdTime>2025-10-12 14:11:41 UTC</createdTime>
<generatorID>DDE5B7C4-D4B5-A987-C09D-A2FC0EB11B70</generatorID>
<ownerDesignName>EFT_S9_Francisca_Aguilar</ownerDesignName>
<useDomainConstraints>false</useDomainConstraints>
<use>1</use>
<logicalDatatype>LOGDT019</logicalDatatype>
<dataTypePrecision>2</dataTypePrecision>
<ownDataTypeParameters>,2,</ownDataTypeParameters>
<autoIncrementCycle>false</autoIncrementCycle>
</Column>
</columns>
<indexes itemClass="oracle.dbtools.crest.model.design.relational.Index">
<ind_PK_UK id="E948C11A-BCBC-B138-4C5B-98C5FFB7AA4A" name="OPERARIO_PK">
<createdBy>fran_</createdBy>
<createdTime>2025-10-12 14:11:41 UTC</createdTime>
<generatorID>3546B6A3-F596-DED7-9C50-40BC9137323C</generatorID>
<ownerDesignName>EFT_S9_Francisca_Aguilar</ownerDesignName>
<pk>true</pk>
<indexState>Primary Constraint</indexState>
<isSurrogateKey>false</isSurrogateKey>
<indexColumnUsage>
<colUsage columnID="4D9FC85A-0333-0F11-4D55-AA497516F125"/>
</indexColumnUsage>
</ind_PK_UK>
<ind_PK_UK id="0072F7A5-1DB3-85CA-034E-563B4FD7895D" name="OPERARIO_PERSONAL_FK">
<createdBy>fran_</createdBy>
<createdTime>2025-10-12 14:11:41 UTC</createdTime>
<generatorID>D78D1A03-74FF-F542-24AF-7C9C99E32860</generatorID>
<ownerDesignName>EFT_S9_Francisca_Aguilar</ownerDesignName>
<indexState>Foreign Key</indexState>
<isSurrogateKey>false</isSurrogateKey>
<indexColumnUsage>
<colUsage columnID="4D9FC85A-0333-0F11-4D55-AA497516F125"/>
</indexColumnUsage>
</ind_PK_UK>
</indexes>
</Table>