<?xml version = '1.0' encoding = 'UTF-8'?>
<Table class="oracle.dbtools.crest.model.design.relational.Table" directorySegmentName="seg_0" id="32584703-7B15-FA03-7B7F-D844DF02B933" name="SISTEMA_SALUD">
<createdBy>fran_</createdBy>
<createdTime>2025-10-12 14:11:41 UTC</createdTime>
<generatorID>DEBB0518-231C-E548-CDC8-BBD3BE78933B</generatorID>
<ownerDesignName>EFT_S9_Francisca_Aguilar</ownerDesignName>
<allowColumnReorder>false</allowColumnReorder>
<existDependencyGenerateInDDl>true</existDependencyGenerateInDDl>
<parsed>true</parsed>
<columns itemClass="oracle.dbtools.crest.model.design.relational.Column">
<Column name="id_salud" id="2097C5AE-8BCC-39E7-3956-9DE4AF96370C">
<createdBy>fran_</createdBy>
<createdTime>2025-10-12 14:11:41 UTC</createdTime>
<generatorID>3DA99FA2-8011-E604-7340-765BAAE1A973</generatorID>
<ownerDesignName>EFT_S9_Francisca_Aguilar</ownerDesignName>
<useDomainConstraints>false</useDomainConstraints>
<use>1</use>
<logicalDatatype>LOGDT019</logicalDatatype>
<dataTypePrecision>5</dataTypePrecision>
<ownDataTypeParameters>,5,</ownDataTypeParameters>
<autoIncrementCycle>false</autoIncrementCycle>
</Column>
<Column name="nom_salud" id="6A4B921F-D3EE-A620-B36A-EDC398224FDA">
<createdBy>fran_</createdBy>
<createdTime>2025-10-12 14:11:41 UTC</createdTime>
<generatorID>BDB1A517-2F77-53A6-122C-574EBCD583BF</generatorID>
<ownerDesignName>EFT_S9_Francisca_Aguilar</ownerDesignName>
<useDomainConstraints>false</useDomainConstraints>
<use>1</use>
<logicalDatatype>LOGDT024</logicalDatatype>
<dataTypeSize>25</dataTypeSize>
<ownDataTypeParameters>25,,</ownDataTypeParameters>
<autoIncrementCycle>false</autoIncrementCycle>
</Column>
</columns>
<indexes itemClass="oracle.dbtools.crest.model.design.relational.Index">
<ind_PK_UK id="C1B5FF0A-4C5B-3E47-B7E6-094B04935FEF" name="SISTEMA_SALUD_PK">
<createdBy>fran_</createdBy>
<createdTime>2025-10-12 14:11:41 UTC</createdTime>
<generatorID>4DE8C1D5-C97C-DA52-A02B-8FB2C8963ACB</generatorID>
<ownerDesignName>EFT_S9_Francisca_Aguilar</ownerDesignName>
<pk>true</pk>
<indexState>Primary Constraint</indexState>
<isSurrogateKey>false</isSurrogateKey>
<indexColumnUsage>
<colUsage columnID="2097C5AE-8BCC-39E7-3956-9DE4AF96370C"/>
</indexColumnUsage>
</ind_PK_UK>
</indexes>
</Table>