<?xml version = '1.0' encoding = 'UTF-8'?>
<Table class="oracle.dbtools.crest.model.design.relational.Table" directorySegmentName="seg_0" id="B1A5C446-041B-A043-EC09-4D8512FE19F4" name="JEFE_T">
<createdBy>fran_</createdBy>
<createdTime>2025-10-12 14:11:41 UTC</createdTime>
<generatorID>726C24EB-E309-ACA5-88D7-D96BD4756332</generatorID>
<ownerDesignName>EFT_S9_Francisca_Aguilar</ownerDesignName>
<allowColumnReorder>false</allowColumnReorder>
<existDependencyGenerateInDDl>true</existDependencyGenerateInDDl>
<parsed>true</parsed>
<columns itemClass="oracle.dbtools.crest.model.design.relational.Column">
<Column name="cod_personal" id="FB0D4F03-DBB5-F0D6-B309-DC0C7FD1B1D1">
<createdBy>fran_</createdBy>
<createdTime>2025-10-12 14:11:41 UTC</createdTime>
<generatorID>11E0979F-8AB8-C5E8-01BD-699DD8D644A9</generatorID>
<ownerDesignName>EFT_S9_Francisca_Aguilar</ownerDesignName>
<useDomainConstraints>false</useDomainConstraints>
<use>1</use>
<logicalDatatype>LOGDT019</logicalDatatype>
<dataTypePrecision>5</dataTypePrecision>
<ownDataTypeParameters>,,</ownDataTypeParameters>
<autoIncrementCycle>false</autoIncrementCycle>
<associations>
<colAssociation fkAssociation="3073088F-DC7E-05D5-5A35-5A4FC2E4A00C" referredColumn="A0AE95A7-E3FE-C92B-54FD-058667372995"/>
</associations>
</Column>
<Column name="area_responsabilidad" id="4ED8EF0E-DF1E-5655-BD2A-A0176CA32C71">
<createdBy>fran_</createdBy>
<createdTime>2025-10-12 14:11:41 UTC</createdTime>
<generatorID>062ABC84-4CB2-1A14-C2FD-1015BA0CFF1F</generatorID>
<ownerDesignName>EFT_S9_Francisca_Aguilar</ownerDesignName>
<useDomainConstraints>false</useDomainConstraints>
<use>1</use>
<logicalDatatype>LOGDT024</logicalDatatype>
<dataTypeSize>25</dataTypeSize>
<ownDataTypeParameters>25,,</ownDataTypeParameters>
<autoIncrementCycle>false</autoIncrementCycle>
</Column>
<Column name="max_operarios" id="163A8D16-18CD-86EA-B0BD-8C0230D177FB">
<createdBy>fran_</createdBy>
<createdTime>2025-10-12 14:11:41 UTC</createdTime>
<generatorID>97E7C0C3-AD96-F7AA-106E-B86046E9A0A6</generatorID>
<ownerDesignName>EFT_S9_Francisca_Aguilar</ownerDesignName>
<useDomainConstraints>false</useDomainConstraints>
<use>1</use>
<logicalDatatype>LOGDT019</logicalDatatype>
<dataTypePrecision>3</dataTypePrecision>
<ownDataTypeParameters>,3,</ownDataTypeParameters>
<autoIncrementCycle>false</autoIncrementCycle>
</Column>
</columns>
<indexes itemClass="oracle.dbtools.crest.model.design.relational.Index">
<ind_PK_UK id="464758D4-2710-87F0-BD54-18067311C54D" name="JEFE_T_PK">
<createdBy>fran_</createdBy>
<createdTime>2025-10-12 14:11:41 UTC</createdTime>
<generatorID>3546B6A3-F596-DED7-9C50-40BC9137323C</generatorID>
<ownerDesignName>EFT_S9_Francisca_Aguilar</ownerDesignName>
<pk>true</pk>
<indexState>Primary Constraint</indexState>
<isSurrogateKey>false</isSurrogateKey>
<indexColumnUsage>
<colUsage columnID="FB0D4F03-DBB5-F0D6-B309-DC0C7FD1B1D1"/>
</indexColumnUsage>
</ind_PK_UK>
<ind_PK_UK id="DE6D1896-EC23-1FFE-8067-B1EC30B2C3B0" name="JEFE_T_PERSONAL_FK">
<createdBy>fran_</createdBy>
<createdTime>2025-10-12 14:11:41 UTC</createdTime>
<generatorID>EBF1B373-FE3A-8E48-1FDC-D729302E8393</generatorID>
<ownerDesignName>EFT_S9_Francisca_Aguilar</ownerDesignName>
<indexState>Foreign Key</indexState>
<isSurrogateKey>false</isSurrogateKey>
<indexColumnUsage>
<colUsage columnID="FB0D4F03-DBB5-F0D6-B309-DC0C7FD1B1D1"/>
</indexColumnUsage>
</ind_PK_UK>
</indexes>
</Table>