<?xml version = '1.0' encoding = 'UTF-8'?>
<Table class="oracle.dbtools.crest.model.design.relational.Table" directorySegmentName="seg_0" id="C1689FE1-241A-93B6-CE5B-C56F6BFB791B" name="DOTACION">
<createdBy>fran_</createdBy>
<createdTime>2025-10-12 14:11:41 UTC</createdTime>
<generatorID>763EB56A-C834-C0F3-93F8-A103CED358D0</generatorID>
<ownerDesignName>EFT_S9_Francisca_Aguilar</ownerDesignName>
<allowColumnReorder>false</allowColumnReorder>
<existDependencyGenerateInDDl>true</existDependencyGenerateInDDl>
<parsed>true</parsed>
<columns itemClass="oracle.dbtools.crest.model.design.relational.Column">
<Column name="fecha_turno" id="296C2277-6F6D-219B-B715-49C96F92B6BB">
<createdBy>fran_</createdBy>
<createdTime>2025-10-12 14:11:41 UTC</createdTime>
<generatorID>A8117030-8FEC-696B-9988-941FE98D5785</generatorID>
<ownerDesignName>EFT_S9_Francisca_Aguilar</ownerDesignName>
<useDomainConstraints>false</useDomainConstraints>
<use>1</use>
<logicalDatatype>LOGDT007</logicalDatatype>
<ownDataTypeParameters>,,</ownDataTypeParameters>
<autoIncrementCycle>false</autoIncrementCycle>
</Column>
<Column name="MANTENCION_cod_mantencion" id="AFAFB3EB-A46F-7AB0-0A4C-419533A9D4E3">
<createdBy>fran_</createdBy>
<createdTime>2025-10-12 14:11:41 UTC</createdTime>
<generatorID>EF79E6D0-B915-5F6C-3A76-60677CF0B60C</generatorID>
<ownerDesignName>EFT_S9_Francisca_Aguilar</ownerDesignName>
<useDomainConstraints>false</useDomainConstraints>
<use>1</use>
<logicalDatatype>LOGDT024</logicalDatatype>
<dataTypeSize>25</dataTypeSize>
<ownDataTypeParameters>,,</ownDataTypeParameters>
<previousColumn>false</previousColumn>
<autoIncrementCycle>false</autoIncrementCycle>
<associations>
<colAssociation fkAssociation="3D3172BD-768B-5896-053C-9468FF56E92E" referredColumn="73FD63F6-9715-CF7E-36C8-74FA632F35C0"/>
</associations>
</Column>
<Column name="TURNO_id_turno" id="21AF2A77-3D8C-9493-A13F-937F16E69907">
<createdBy>fran_</createdBy>
<createdTime>2025-10-12 14:11:41 UTC</createdTime>
<generatorID>6B9DD208-3E7E-D3BB-83A1-90C5A41C65B4</generatorID>
<ownerDesignName>EFT_S9_Francisca_Aguilar</ownerDesignName>
<useDomainConstraints>false</useDomainConstraints>
<use>1</use>
<logicalDatatype>LOGDT024</logicalDatatype>
<dataTypeSize>5</dataTypeSize>
<ownDataTypeParameters>,,</ownDataTypeParameters>
<previousColumn>false</previousColumn>
<autoIncrementCycle>false</autoIncrementCycle>
<associations>
<colAssociation fkAssociation="10F556F1-32AF-8E91-6C7F-A8212A6967C0" referredColumn="F9F92585-BE9E-6724-6666-644620EA6960"/>
</associations>
</Column>
<Column name="PERSONAL_cod_personal" id="825ACEEE-27BC-D383-9AE2-A2CF58E60CD7">
<createdBy>fran_</createdBy>
<createdTime>2025-10-12 14:11:41 UTC</createdTime>
<generatorID>11EC3767-EE37-9061-6AA0-CD88C1B4444B</generatorID>
<ownerDesignName>EFT_S9_Francisca_Aguilar</ownerDesignName>
<useDomainConstraints>false</useDomainConstraints>
<use>1</use>
<logicalDatatype>LOGDT019</logicalDatatype>
<dataTypePrecision>5</dataTypePrecision>
<ownDataTypeParameters>,,</ownDataTypeParameters>
<previousColumn>false</previousColumn>
<autoIncrementCycle>false</autoIncrementCycle>
<associations>
<colAssociation fkAssociation="DBD5F7FF-6DC8-8142-164C-569EC2299F8F" referredColumn="A0AE95A7-E3FE-C92B-54FD-058667372995"/>
</associations>
</Column>
</columns>
<indexes itemClass="oracle.dbtools.crest.model.design.relational.Index">
<ind_PK_UK id="BD6B5C8E-8839-891B-5D97-FC01ECD79328" name="DOTACION_PK">
<createdBy>fran_</createdBy>
<createdTime>2025-10-12 14:11:41 UTC</createdTime>
<generatorID>117F16CE-324C-DB8F-7316-8CFDEB625FF1</generatorID>
<ownerDesignName>EFT_S9_Francisca_Aguilar</ownerDesignName>
<pk>true</pk>
<indexState>Primary Constraint</indexState>
<isSurrogateKey>false</isSurrogateKey>
<indexColumnUsage>
<colUsage columnID="AFAFB3EB-A46F-7AB0-0A4C-419533A9D4E3"/>
<colUsage columnID="21AF2A77-3D8C-9493-A13F-937F16E69907"/>
<colUsage columnID="825ACEEE-27BC-D383-9AE2-A2CF58E60CD7"/>
</indexColumnUsage>
</ind_PK_UK>
<ind_PK_UK id="A86AB791-A59A-8316-35EB-2C43607D8E68" name="DOTACION_MANTENCION_FK">
<createdBy>fran_</createdBy>
<createdTime>2025-10-12 14:11:41 UTC</createdTime>
<generatorID>6C4B3EE5-B652-9125-0CC9-5D1B90E3CA04</generatorID>
<ownerDesignName>EFT_S9_Francisca_Aguilar</ownerDesignName>
<indexState>Foreign Key</indexState>
<isSurrogateKey>false</isSurrogateKey>
<indexColumnUsage>
<colUsage columnID="AFAFB3EB-A46F-7AB0-0A4C-419533A9D4E3"/>
</indexColumnUsage>
</ind_PK_UK>
<ind_PK_UK id="2935680D-E87C-076E-7E31-30C7C694FE20" name="DOTACION_PERSONAL_FK">
<createdBy>fran_</createdBy>
<createdTime>2025-10-12 14:11:41 UTC</createdTime>
<generatorID>CABBE078-3468-2813-A347-4A9802553813</generatorID>
<ownerDesignName>EFT_S9_Francisca_Aguilar</ownerDesignName>
<indexState>Foreign Key</indexState>
<isSurrogateKey>false</isSurrogateKey>
<indexColumnUsage>
<colUsage columnID="825ACEEE-27BC-D383-9AE2-A2CF58E60CD7"/>
</indexColumnUsage>
</ind_PK_UK>
<ind_PK_UK id="653D94C8-0BE9-7A37-8B5C-C155952BED0E" name="DOTACION_TURNO_FK">
<createdBy>fran_</createdBy>
<createdTime>2025-10-12 14:11:41 UTC</createdTime>
<generatorID>CA916D90-7758-C9D7-2BDF-FEE59075D4BD</generatorID>
<ownerDesignName>EFT_S9_Francisca_Aguilar</ownerDesignName>
<indexState>Foreign Key</indexState>
<isSurrogateKey>false</isSurrogateKey>
<indexColumnUsage>
<colUsage columnID="21AF2A77-3D8C-9493-A13F-937F16E69907"/>
</indexColumnUsage>
</ind_PK_UK>
</indexes>
</Table>