<?xml version = '1.0' encoding = 'UTF-8'?>
<Table class="oracle.dbtools.crest.model.design.relational.Table" directorySegmentName="seg_0" id="D7933845-0C0C-416F-AEDA-5D8EE9911983" name="TECNICO_MANTENCION">
<createdBy>fran_</createdBy>
<createdTime>2025-10-12 14:11:41 UTC</createdTime>
<generatorID>1CE7E688-E00E-42E9-0FD2-A93E00828162</generatorID>
<ownerDesignName>EFT_S9_Francisca_Aguilar</ownerDesignName>
<allowColumnReorder>false</allowColumnReorder>
<existDependencyGenerateInDDl>true</existDependencyGenerateInDDl>
<parsed>true</parsed>
<columns itemClass="oracle.dbtools.crest.model.design.relational.Column">
<Column name="cod_personal" id="1B0BB102-20D5-51B4-8303-A80C3FE84C88">
<createdBy>fran_</createdBy>
<createdTime>2025-10-12 14:11:41 UTC</createdTime>
<generatorID>11E0979F-8AB8-C5E8-01BD-699DD8D644A9</generatorID>
<ownerDesignName>EFT_S9_Francisca_Aguilar</ownerDesignName>
<useDomainConstraints>false</useDomainConstraints>
<use>1</use>
<logicalDatatype>LOGDT019</logicalDatatype>
<dataTypePrecision>5</dataTypePrecision>
<ownDataTypeParameters>,,</ownDataTypeParameters>
<autoIncrementCycle>false</autoIncrementCycle>
<associations>
<colAssociation fkAssociation="18A7BE46-F51E-7D31-C83D-239831880D73" referredColumn="A0AE95A7-E3FE-C92B-54FD-058667372995"/>
</associations>
</Column>
<Column name="especialiad_tec" id="6A6746AE-EF2B-CEE1-936F-93CFEAB2E6B9">
<createdBy>fran_</createdBy>
<createdTime>2025-10-12 14:11:41 UTC</createdTime>
<generatorID>AA7914F7-FB68-BFF8-AD43-46D7E63322A9</generatorID>
<ownerDesignName>EFT_S9_Francisca_Aguilar</ownerDesignName>
<useDomainConstraints>false</useDomainConstraints>
<use>1</use>
<logicalDatatype>LOGDT024</logicalDatatype>
<dataTypeSize>25</dataTypeSize>
<ownDataTypeParameters>25,,</ownDataTypeParameters>
<autoIncrementCycle>false</autoIncrementCycle>
</Column>
<Column name="certificado_tec" id="D35585DC-CA69-9C25-DBAA-12815BE0A742">
<createdBy>fran_</createdBy>
<createdTime>2025-10-12 14:11:41 UTC</createdTime>
<generatorID>80194790-9A18-48F3-EC7A-3989F000E9D9</generatorID>
<ownerDesignName>EFT_S9_Francisca_Aguilar</ownerDesignName>
<nullsAllowed>true</nullsAllowed>
<useDomainConstraints>false</useDomainConstraints>
<use>1</use>
<logicalDatatype>LOGDT024</logicalDatatype>
<dataTypeSize>25</dataTypeSize>
<ownDataTypeParameters>25,,</ownDataTypeParameters>
<autoIncrementCycle>false</autoIncrementCycle>
</Column>
<Column name="tiempo_respuesta" id="13292991-6F8A-0758-7600-7ABFDD03F63E">
<createdBy>fran_</createdBy>
<createdTime>2025-10-12 14:11:41 UTC</createdTime>
<generatorID>1A3A9561-2042-652A-964C-D1A95613EAB5</generatorID>
<ownerDesignName>EFT_S9_Francisca_Aguilar</ownerDesignName>
<useDomainConstraints>false</useDomainConstraints>
<use>1</use>
<logicalDatatype>LOGDT019</logicalDatatype>
<dataTypePrecision>2</dataTypePrecision>
<ownDataTypeParameters>,2,</ownDataTypeParameters>
<autoIncrementCycle>false</autoIncrementCycle>
</Column>
<Column name="id_salud" id="05CAB4A6-6B0E-CD4E-CDD7-0D8ED1C74418">
<createdBy>fran_</createdBy>
<createdTime>2025-10-12 14:16:09 UTC</createdTime>
<generatorID>FC55B259-4B02-36D8-AB5A-EAC57EDAC49F</generatorID>
<ownerDesignName>EFT_S9_Francisca_Aguilar</ownerDesignName>
<useDomainConstraints>false</useDomainConstraints>
<use>1</use>
<logicalDatatype>LOGDT019</logicalDatatype>
<ownDataTypeParameters>,,</ownDataTypeParameters>
<previousColumn>false</previousColumn>
<autoIncrementCycle>false</autoIncrementCycle>
</Column>
</columns>
<indexes itemClass="oracle.dbtools.crest.model.design.relational.Index">
<ind_PK_UK id="4E7E17A7-026C-D7EB-2CD8-01AE36FBA0D7" name="TECNICO_MANTENCION_PK">
<createdBy>fran_</createdBy>
<createdTime>2025-10-12 14:11:41 UTC</createdTime>
<generatorID>3546B6A3-F596-DED7-9C50-40BC9137323C</generatorID>
<ownerDesignName>EFT_S9_Francisca_Aguilar</ownerDesignName>
<pk>true</pk>
<indexState>Primary Constraint</indexState>
<isSurrogateKey>false</isSurrogateKey>
<indexColumnUsage>
<colUsage columnID="1B0BB102-20D5-51B4-8303-A80C3FE84C88"/>
</indexColumnUsage>
</ind_PK_UK>
<ind_PK_UK id="3C1E5111-4C1E-9BC8-52ED-EB8F903B5481" name="TECNICO_MANTENCION_PERSONAL_FK">
<createdBy>fran_</createdBy>
<createdTime>2025-10-12 14:11:41 UTC</createdTime>
<generatorID>A26E87D1-4B60-D225-4AC2-902AEDA30E89</generatorID>
<ownerDesignName>EFT_S9_Francisca_Aguilar</ownerDesignName>
<indexState>Foreign Key</indexState>
<isSurrogateKey>false</isSurrogateKey>
<indexColumnUsage>
<colUsage columnID="1B0BB102-20D5-51B4-8303-A80C3FE84C88"/>
</indexColumnUsage>
</ind_PK_UK>
</indexes>
</Table>