<?xml version = '1.0' encoding = 'UTF-8'?>
<Table class="oracle.dbtools.crest.model.design.relational.Table" directorySegmentName="seg_0" id="DA01C66A-EFE7-78AC-7618-98E19701529A" name="PLANTA">
<createdBy>fran_</createdBy>
<createdTime>2025-10-12 14:11:41 UTC</createdTime>
<generatorID>2207B90F-D204-DE94-8FF1-09682205022A</generatorID>
<ownerDesignName>EFT_S9_Francisca_Aguilar</ownerDesignName>
<allowColumnReorder>false</allowColumnReorder>
<existDependencyGenerateInDDl>true</existDependencyGenerateInDDl>
<parsed>true</parsed>
<columns itemClass="oracle.dbtools.crest.model.design.relational.Column">
<Column name="id_planta" id="C6857089-377A-5BC4-CBAD-4B4F65A02DBF">
<createdBy>fran_</createdBy>
<createdTime>2025-10-12 14:11:41 UTC</createdTime>
<generatorID>0CC0046C-DAFD-04E7-228A-D892C0F97B30</generatorID>
<ownerDesignName>EFT_S9_Francisca_Aguilar</ownerDesignName>
<useDomainConstraints>false</useDomainConstraints>
<use>1</use>
<logicalDatatype>LOGDT019</logicalDatatype>
<dataTypePrecision>5</dataTypePrecision>
<ownDataTypeParameters>,5,</ownDataTypeParameters>
<autoIncrementCycle>false</autoIncrementCycle>
</Column>
<Column name="nom_comuna" id="6ACF384D-D21B-A31C-B35B-A99D1CF51DA2">
<createdBy>fran_</createdBy>
<createdTime>2025-10-12 14:11:41 UTC</createdTime>
<generatorID>808D9394-9440-6AEE-C03A-CA1CFDF6BB4A</generatorID>
<ownerDesignName>EFT_S9_Francisca_Aguilar</ownerDesignName>
<useDomainConstraints>false</useDomainConstraints>
<use>1</use>
<logicalDatatype>LOGDT024</logicalDatatype>
<dataTypeSize>20</dataTypeSize>
<ownDataTypeParameters>20,,</ownDataTypeParameters>
<autoIncrementCycle>false</autoIncrementCycle>
</Column>
<Column name="direccion" id="F13DDEF0-3AE7-8D73-8A8D-86865F25F8E9">
<createdBy>fran_</createdBy>
<createdTime>2025-10-12 14:11:41 UTC</createdTime>
<generatorID>395CCACC-ACC0-4D2C-C5AB-307B4383F15A</generatorID>
<ownerDesignName>EFT_S9_Francisca_Aguilar</ownerDesignName>
<useDomainConstraints>false</useDomainConstraints>
<use>1</use>
<logicalDatatype>LOGDT024</logicalDatatype>
<dataTypeSize>50</dataTypeSize>
<ownDataTypeParameters>50,,</ownDataTypeParameters>
<autoIncrementCycle>false</autoIncrementCycle>
</Column>
<Column name="COMUNA_id_comuna" id="4DFF438B-8F24-F1AA-E458-6E104CF644E8">
<createdBy>fran_</createdBy>
<createdTime>2025-10-12 14:11:41 UTC</createdTime>
<generatorID>2F9A54D5-5369-62AF-2A65-83639D183FC2</generatorID>
<ownerDesignName>EFT_S9_Francisca_Aguilar</ownerDesignName>
<useDomainConstraints>false</useDomainConstraints>
<use>1</use>
<logicalDatatype>LOGDT019</logicalDatatype>
<dataTypePrecision>5</dataTypePrecision>
<ownDataTypeParameters>,,</ownDataTypeParameters>
<previousColumn>false</previousColumn>
<autoIncrementCycle>false</autoIncrementCycle>
<associations>
<colAssociation fkAssociation="2CE51756-E1B3-60B8-DD83-B12EC2538064" referredColumn="C67F7D63-D473-BAF2-64DA-EB85B8005F61"/>
</associations>
</Column>
</columns>
<indexes itemClass="oracle.dbtools.crest.model.design.relational.Index">
<ind_PK_UK id="CBE41DFD-DAED-687D-FA12-E6EFEE575CC8" name="PLANTA_PK">
<createdBy>fran_</createdBy>
<createdTime>2025-10-12 14:11:41 UTC</createdTime>
<generatorID>3EF9FBC6-6F92-5497-83DC-D37D08C8A6B7</generatorID>
<ownerDesignName>EFT_S9_Francisca_Aguilar</ownerDesignName>
<pk>true</pk>
<indexState>Primary Constraint</indexState>
<isSurrogateKey>false</isSurrogateKey>
<indexColumnUsage>
<colUsage columnID="C6857089-377A-5BC4-CBAD-4B4F65A02DBF"/>
</indexColumnUsage>
</ind_PK_UK>
<ind_PK_UK id="5105E9C8-F435-A89A-5433-49C081DA0BB6" name="PLANTA_COMUNA_FK">
<createdBy>fran_</createdBy>
<createdTime>2025-10-12 14:11:41 UTC</createdTime>
<generatorID>1908D4BE-91A6-491B-6B94-9EA68BE4518B</generatorID>
<ownerDesignName>EFT_S9_Francisca_Aguilar</ownerDesignName>
<indexState>Foreign Key</indexState>
<isSurrogateKey>false</isSurrogateKey>
<indexColumnUsage>
<colUsage columnID="4DFF438B-8F24-F1AA-E458-6E104CF644E8"/>
</indexColumnUsage>
</ind_PK_UK>
</indexes>
</Table>