<?xml version = '1.0' encoding = 'UTF-8'?>
<Relation class="oracle.dbtools.crest.model.design.logical.Relation" name="con_pago" directorySegmentName="seg_0" id="2E71889B-9184-D6C0-B52F-0EDD32FE906F">
<createdBy>fran_</createdBy>
<createdTime>2025-09-15 14:23:39 UTC</createdTime>
<ownerDesignName>Exp2_S5_Francisca_Aguilar</ownerDesignName>
<engineerTo>
<item key="468B83A5-64EA-4528-6A18-8277D0CE6593" value="true"/>
</engineerTo>
<sourcePk>CCFA96A0-E030-6ADA-EC2E-C8C3BE78525A</sourcePk>
<targetPk>9331968E-AF30-B958-4E86-527B13CA516C</targetPk>
<identifying>false</identifying>
<optionalSource>false</optionalSource>
<optionalTarget>false</optionalTarget>
<sourceCardinality>1</sourceCardinality>
<sourceEntity>86F82A91-74E4-85DF-4FFE-BE75FC077F05</sourceEntity>
<targetCardinalityString>1</targetCardinalityString>
<targetEntity>2B49F5BC-70C4-F185-606C-B15845F2B01A</targetEntity>
<transferable>true</transferable>
<deleteRule>NO ACTION</deleteRule>
</Relation>