<?xml version = '1.0' encoding = 'UTF-8'?>
<Relation class="oracle.dbtools.crest.model.design.logical.Relation" name="especialidad" directorySegmentName="seg_0" id="34456B8D-9768-AFB7-716A-817D799FF83C">
<createdBy>fran_</createdBy>
<createdTime>2025-09-15 13:56:03 UTC</createdTime>
<ownerDesignName>Exp2_S5_Francisca_Aguilar</ownerDesignName>
<engineerTo>
<item key="468B83A5-64EA-4528-6A18-8277D0CE6593" value="true"/>
</engineerTo>
<sourcePk>30CB6881-1BFB-2DD7-E7A5-B5B7B602348A</sourcePk>
<targetPk>57108440-0A63-27B1-EFDC-E2ECB9443847</targetPk>
<identifying>false</identifying>
<optionalSource>false</optionalSource>
<optionalTarget>true</optionalTarget>
<sourceCardinality>*</sourceCardinality>
<sourceEntity>65A4EF60-3AE2-B2CD-F7DA-D689CD6DFD21</sourceEntity>
<targetCardinalityString>1</targetCardinalityString>
<targetEntity>E3F35D78-27B3-C7EA-5085-3F52D1A068EB</targetEntity>
<transferable>true</transferable>
<deleteRule>NO ACTION</deleteRule>
</Relation>