<?xml version = '1.0' encoding = 'UTF-8'?>
<Relation class="oracle.dbtools.crest.model.design.logical.Relation" name="registros" directorySegmentName="seg_0" id="64C91A6C-AA3A-B10C-F77A-D2EA9F3AE80C">
<createdBy>fran_</createdBy>
<createdTime>2025-09-15 13:51:46 UTC</createdTime>
<ownerDesignName>Exp2_S5_Francisca_Aguilar</ownerDesignName>
<engineerTo>
<item key="468B83A5-64EA-4528-6A18-8277D0CE6593" value="true"/>
</engineerTo>
<sourcePk>7A7B77DC-8C3C-01D0-D3D2-72AB8915F483</sourcePk>
<identifying>false</identifying>
<optionalSource>true</optionalSource>
<optionalTarget>false</optionalTarget>
<sourceCardinality>1</sourceCardinality>
<sourceEntity>3D6A6903-14B7-2C8F-2F1E-ACC730506AE0</sourceEntity>
<targetCardinalityString>*</targetCardinalityString>
<targetEntity>5BAAED2F-7C91-0CF0-8234-8F2B3D737D70</targetEntity>
<transferable>true</transferable>
<deleteRule>NO ACTION</deleteRule>
</Relation>