<?xml version = '1.0' encoding = 'UTF-8'?>
<Relation class="oracle.dbtools.crest.model.design.logical.Relation" name="unidad_con" directorySegmentName="seg_0" id="689E6239-AB64-7E86-AD17-BD31BDA5C380">
<createdBy>fran_</createdBy>
<createdTime>2025-09-15 13:58:27 UTC</createdTime>
<ownerDesignName>Exp2_S5_Francisca_Aguilar</ownerDesignName>
<engineerTo>
<item key="468B83A5-64EA-4528-6A18-8277D0CE6593" value="true"/>
</engineerTo>
<sourcePk>7A7B77DC-8C3C-01D0-D3D2-72AB8915F483</sourcePk>
<identifying>false</identifying>
<optionalSource>true</optionalSource>
<optionalTarget>false</optionalTarget>
<sourceCardinality>1</sourceCardinality>
<sourceEntity>3D6A6903-14B7-2C8F-2F1E-ACC730506AE0</sourceEntity>
<targetCardinalityString>*</targetCardinalityString>
<targetEntity>86F82A91-74E4-85DF-4FFE-BE75FC077F05</targetEntity>
<transferable>true</transferable>
<deleteRule>NO ACTION</deleteRule>
</Relation>