<?xml version = '1.0' encoding = 'UTF-8'?>
<Relation class="oracle.dbtools.crest.model.design.logical.Relation" name="Com_Paciente" directorySegmentName="seg_0" id="76E01C66-BD87-625A-BA3F-56E9AB59507E">
<createdBy>fran_</createdBy>
<createdTime>2025-09-15 13:01:40 UTC</createdTime>
<ownerDesignName>Exp2_S5_Francisca_Aguilar</ownerDesignName>
<engineerTo>
<item key="468B83A5-64EA-4528-6A18-8277D0CE6593" value="true"/>
</engineerTo>
<sourcePk>8AB1C008-83C6-38A5-8BCD-AF21D83D365D</sourcePk>
<identifying>false</identifying>
<optionalSource>true</optionalSource>
<optionalTarget>false</optionalTarget>
<sourceCardinality>1</sourceCardinality>
<sourceEntity>52470FD5-2120-1B95-56B5-C20A092899ED</sourceEntity>
<targetCardinalityString>*</targetCardinalityString>
<targetEntity>F8EB9009-8981-F4DA-DC4D-6682FB9E04CC</targetEntity>
<transferable>true</transferable>
<deleteRule>NO ACTION</deleteRule>
</Relation>