<?xml version = '1.0' encoding = 'UTF-8'?>
<Relation class="oracle.dbtools.crest.model.design.logical.Relation" name="examenes" directorySegmentName="seg_0" id="7D0BFBFF-A783-D88B-121C-920C830A5171">
<createdBy>fran_</createdBy>
<createdTime>2025-09-15 13:54:59 UTC</createdTime>
<ownerDesignName>Exp2_S5_Francisca_Aguilar</ownerDesignName>
<engineerTo>
<item key="468B83A5-64EA-4528-6A18-8277D0CE6593" value="true"/>
</engineerTo>
<sourcePk>CCFA96A0-E030-6ADA-EC2E-C8C3BE78525A</sourcePk>
<identifying>false</identifying>
<optionalSource>true</optionalSource>
<optionalTarget>false</optionalTarget>
<sourceCardinality>1</sourceCardinality>
<sourceEntity>86F82A91-74E4-85DF-4FFE-BE75FC077F05</sourceEntity>
<targetCardinalityString>*</targetCardinalityString>
<targetEntity>15E132C8-A2C4-8ADD-1291-ED6F1E157ACD</targetEntity>
<transferable>true</transferable>
<deleteRule>NO ACTION</deleteRule>
</Relation>