<?xml version = '1.0' encoding = 'UTF-8'?>
<Relation class="oracle.dbtools.crest.model.design.logical.Relation" name="afp_medico" directorySegmentName="seg_0" id="87A787AF-44F2-DB74-5B4B-B46531822C14">
<createdBy>fran_</createdBy>
<createdTime>2025-09-15 14:19:23 UTC</createdTime>
<ownerDesignName>Exp2_S5_Francisca_Aguilar</ownerDesignName>
<engineerTo>
<item key="468B83A5-64EA-4528-6A18-8277D0CE6593" value="true"/>
</engineerTo>
<sourcePk>BAC10329-D759-0A0E-CBB3-6FA75F009533</sourcePk>
<identifying>false</identifying>
<optionalSource>false</optionalSource>
<optionalTarget>true</optionalTarget>
<sourceCardinality>1</sourceCardinality>
<sourceEntity>BC8E06B8-0C90-E622-D012-827D2C305F85</sourceEntity>
<targetCardinalityString>*</targetCardinalityString>
<targetEntity>65A4EF60-3AE2-B2CD-F7DA-D689CD6DFD21</targetEntity>
<transferable>true</transferable>
<deleteRule>NO ACTION</deleteRule>
</Relation>