<?xml version = '1.0' encoding = 'UTF-8'?>
<Relation class="oracle.dbtools.crest.model.design.logical.Relation" name="consultas" directorySegmentName="seg_0" id="8D984C95-61E7-6688-1BE7-97E33BE0D99E">
<createdBy>fran_</createdBy>
<createdTime>2025-09-15 13:53:44 UTC</createdTime>
<ownerDesignName>Exp2_S5_Francisca_Aguilar</ownerDesignName>
<engineerTo>
<item key="468B83A5-64EA-4528-6A18-8277D0CE6593" value="true"/>
</engineerTo>
<sourcePk>CCFA96A0-E030-6ADA-EC2E-C8C3BE78525A</sourcePk>
<identifying>false</identifying>
<optionalSource>true</optionalSource>
<optionalTarget>false</optionalTarget>
<sourceCardinality>1</sourceCardinality>
<sourceEntity>86F82A91-74E4-85DF-4FFE-BE75FC077F05</sourceEntity>
<targetCardinalityString>*</targetCardinalityString>
<targetEntity>65A4EF60-3AE2-B2CD-F7DA-D689CD6DFD21</targetEntity>
<transferable>true</transferable>
<deleteRule>NO ACTION</deleteRule>
</Relation>