<?xml version = '1.0' encoding = 'UTF-8'?>
<Relation class="oracle.dbtools.crest.model.design.logical.Relation" name="Medico_Medico" directorySegmentName="seg_0" id="986E3251-328A-99EA-8632-ED341AFDA061">
<createdBy>fran_</createdBy>
<createdTime>2025-09-15 13:02:51 UTC</createdTime>
<ownerDesignName>Exp2_S5_Francisca_Aguilar</ownerDesignName>
<engineerTo>
<item key="468B83A5-64EA-4528-6A18-8277D0CE6593" value="true"/>
</engineerTo>
<targetPk>30CB6881-1BFB-2DD7-E7A5-B5B7B602348A</targetPk>
<identifying>false</identifying>
<optionalSource>true</optionalSource>
<optionalTarget>false</optionalTarget>
<sourceCardinality>1</sourceCardinality>
<sourceEntity>65A4EF60-3AE2-B2CD-F7DA-D689CD6DFD21</sourceEntity>
<targetCardinalityString>*</targetCardinalityString>
<targetEntity>65A4EF60-3AE2-B2CD-F7DA-D689CD6DFD21</targetEntity>
<transferable>true</transferable>
<deleteRule>NO ACTION</deleteRule>
</Relation>