<?xml version = '1.0' encoding = 'UTF-8'?>
<Relation class="oracle.dbtools.crest.model.design.logical.Relation" name="equipo_medico" directorySegmentName="seg_0" id="9DF1BF53-E2A5-5B04-483E-68424F0BD942">
<createdBy>fran_</createdBy>
<createdTime>2025-09-15 13:50:42 UTC</createdTime>
<ownerDesignName>Exp2_S5_Francisca_Aguilar</ownerDesignName>
<engineerTo>
<item key="468B83A5-64EA-4528-6A18-8277D0CE6593" value="true"/>
</engineerTo>
<sourcePk>7A7B77DC-8C3C-01D0-D3D2-72AB8915F483</sourcePk>
<identifying>false</identifying>
<optionalSource>true</optionalSource>
<optionalTarget>false</optionalTarget>
<sourceCardinality>1</sourceCardinality>
<sourceEntity>3D6A6903-14B7-2C8F-2F1E-ACC730506AE0</sourceEntity>
<targetCardinalityString>*</targetCardinalityString>
<targetEntity>E3B43A30-A76B-F3F0-EA83-3390AD7B5BFA</targetEntity>
<transferable>true</transferable>
<deleteRule>NO ACTION</deleteRule>
</Relation>