<?xml version = '1.0' encoding = 'UTF-8'?>
<Relation class="oracle.dbtools.crest.model.design.logical.Relation" name="ficha_paciente" directorySegmentName="seg_0" id="A19C1673-B397-01BD-508D-81FC290A0AF5">
<createdBy>fran_</createdBy>
<createdTime>2025-09-15 14:00:34 UTC</createdTime>
<ownerDesignName>Exp2_S5_Francisca_Aguilar</ownerDesignName>
<engineerTo>
<item key="468B83A5-64EA-4528-6A18-8277D0CE6593" value="true"/>
</engineerTo>
<sourcePk>6F30E091-681C-25F2-7FCB-445750F5678D</sourcePk>
<identifying>false</identifying>
<optionalSource>true</optionalSource>
<optionalTarget>false</optionalTarget>
<sourceCardinality>1</sourceCardinality>
<sourceEntity>F8EB9009-8981-F4DA-DC4D-6682FB9E04CC</sourceEntity>
<targetCardinalityString>*</targetCardinalityString>
<targetEntity>27980124-5DF8-7459-C792-3269022E9445</targetEntity>
<transferable>true</transferable>
<deleteRule>NO ACTION</deleteRule>
</Relation>