<?xml version = '1.0' encoding = 'UTF-8'?>
<Relation class="oracle.dbtools.crest.model.design.logical.Relation" name="med_inst_s" directorySegmentName="seg_0" id="A98AB03D-1668-149E-6B80-5B1E953506FC">
<createdBy>fran_</createdBy>
<createdTime>2025-09-15 16:07:15 UTC</createdTime>
<ownerDesignName>Exp2_S5_Francisca_Aguilar</ownerDesignName>
<engineerTo>
<item key="468B83A5-64EA-4528-6A18-8277D0CE6593" value="true"/>
</engineerTo>
<sourcePk>3849EEAE-9183-63B0-E0EC-B2666CDEDA68</sourcePk>
<identifying>false</identifying>
<optionalSource>true</optionalSource>
<optionalTarget>false</optionalTarget>
<sourceCardinality>1</sourceCardinality>
<sourceEntity>171939C1-4C6A-1FE1-D04B-A028F1D7BE44</sourceEntity>
<targetCardinalityString>*</targetCardinalityString>
<targetEntity>65A4EF60-3AE2-B2CD-F7DA-D689CD6DFD21</targetEntity>
<transferable>true</transferable>
<deleteRule>NO ACTION</deleteRule>
</Relation>