<?xml version = '1.0' encoding = 'UTF-8'?>
<Relation class="oracle.dbtools.crest.model.design.logical.Relation" name="pago_p_atencion" directorySegmentName="seg_0" id="CB4CB821-0EFF-79E3-7503-D1A61DA1482A">
<createdBy>fran_</createdBy>
<createdTime>2025-09-15 14:36:49 UTC</createdTime>
<ownerDesignName>Exp2_S5_Francisca_Aguilar</ownerDesignName>
<engineerTo>
<item key="468B83A5-64EA-4528-6A18-8277D0CE6593" value="true"/>
</engineerTo>
<sourcePk>A11C64F5-9416-5EA5-D629-C564AB7013C5</sourcePk>
<identifying>false</identifying>
<optionalSource>true</optionalSource>
<optionalTarget>false</optionalTarget>
<sourceCardinality>1</sourceCardinality>
<sourceEntity>2731C705-D6A8-CA7E-CBDB-D39E36989DCF</sourceEntity>
<targetCardinalityString>*</targetCardinalityString>
<targetEntity>2B49F5BC-70C4-F185-606C-B15845F2B01A</targetEntity>
<transferable>true</transferable>
<deleteRule>NO ACTION</deleteRule>
</Relation>