<?xml version = '1.0' encoding = 'UTF-8'?>
<Relation class="oracle.dbtools.crest.model.design.logical.Relation" name="Reg_Comuna" directorySegmentName="seg_0" id="DF7B8B19-66F6-5C24-3857-19A99F23EEB1">
<createdBy>fran_</createdBy>
<createdTime>2025-09-15 13:01:01 UTC</createdTime>
<ownerDesignName>Exp2_S5_Francisca_Aguilar</ownerDesignName>
<engineerTo>
<item key="468B83A5-64EA-4528-6A18-8277D0CE6593" value="true"/>
</engineerTo>
<sourcePk>5F853837-6B28-2443-F808-CC68FEFE6B7A</sourcePk>
<identifying>false</identifying>
<optionalSource>false</optionalSource>
<optionalTarget>false</optionalTarget>
<sourceCardinality>1</sourceCardinality>
<sourceEntity>85B5EF9B-6E06-18DC-F07F-D49A1D8A535D</sourceEntity>
<targetCardinalityString>*</targetCardinalityString>
<targetEntity>52470FD5-2120-1B95-56B5-C20A092899ED</targetEntity>
<transferable>true</transferable>
<deleteRule>NO ACTION</deleteRule>
</Relation>