<?xml version = '1.0' encoding = 'UTF-8'?>
<Relation class="oracle.dbtools.crest.model.design.logical.Relation" name="Relation_23" directorySegmentName="seg_0" id="E47F992C-FDD7-8423-9A67-85B8452936F0">
<createdBy>fran_</createdBy>
<createdTime>2025-09-15 14:37:45 UTC</createdTime>
<ownerDesignName>Exp2_S5_Francisca_Aguilar</ownerDesignName>
<engineerTo>
<item key="468B83A5-64EA-4528-6A18-8277D0CE6593" value="true"/>
</engineerTo>
<sourcePk>EEB62C9C-E598-7632-7C82-816A0558BCFE</sourcePk>
<identifying>false</identifying>
<optionalSource>true</optionalSource>
<optionalTarget>false</optionalTarget>
<sourceCardinality>1</sourceCardinality>
<sourceEntity>0EF21912-5864-105A-8326-A5D7C239939B</sourceEntity>
<targetCardinalityString>*</targetCardinalityString>
<targetEntity>3D6A6903-14B7-2C8F-2F1E-ACC730506AE0</targetEntity>
<transferable>true</transferable>
<deleteRule>NO ACTION</deleteRule>
</Relation>