<?xml version = '1.0' encoding = 'UTF-8'?>
<Relation class="oracle.dbtools.crest.model.design.logical.InheritanceRelation" name="Hierarchy_23" directorySegmentName="seg_0" id="44584FEE-38B6-B850-770B-DD6DEFF426F8">
<createdBy>fran_</createdBy>
<createdTime>2025-09-15 23:15:31 UTC</createdTime>
<ownerDesignName>Exp2_S5_Francisca_Aguilar</ownerDesignName>
<engineerTo>
<item key="468B83A5-64EA-4528-6A18-8277D0CE6593" value="true"/>
</engineerTo>
<identifying>false</identifying>
<nameOnSource>Super Type</nameOnSource>
<nameOnTarget>Sub Type</nameOnTarget>
<optionalSource>true</optionalSource>
<optionalTarget>true</optionalTarget>
<sourceEntity>F8EB9009-8981-F4DA-DC4D-6682FB9E04CC</sourceEntity>
<targetEntity>720F9A05-7F7F-9523-40B0-2DEAA1933084</targetEntity>
<transferable>true</transferable>
<deleteRule>NO ACTION</deleteRule>
</Relation>