<?xml version = '1.0' encoding = 'UTF-8'?>
<Relation class="oracle.dbtools.crest.model.design.logical.InheritanceRelation" name="Hierarchy_21" directorySegmentName="seg_0" id="E84093CA-E558-4425-A680-31AB361A9A5B">
<createdBy>fran_</createdBy>
<createdTime>2025-09-15 23:15:01 UTC</createdTime>
<ownerDesignName>Exp2_S5_Francisca_Aguilar</ownerDesignName>
<engineerTo>
<item key="468B83A5-64EA-4528-6A18-8277D0CE6593" value="true"/>
</engineerTo>
<identifying>false</identifying>
<nameOnSource>Super Type</nameOnSource>
<nameOnTarget>Sub Type</nameOnTarget>
<optionalSource>true</optionalSource>
<optionalTarget>true</optionalTarget>
<sourceEntity>F8EB9009-8981-F4DA-DC4D-6682FB9E04CC</sourceEntity>
<targetEntity>BEC2E507-C27F-A3E9-DF9B-234B6C48D259</targetEntity>
<transferable>true</transferable>
<deleteRule>NO ACTION</deleteRule>
</Relation>