<?xml version = '1.0' encoding = 'UTF-8'?>
<Relation class="oracle.dbtools.crest.model.design.logical.InheritanceRelation" name="Hierarchy_22" directorySegmentName="seg_0" id="F217FB9C-22B6-3199-FFAE-2C9FAB48FAF7">
<createdBy>fran_</createdBy>
<createdTime>2025-09-15 23:15:15 UTC</createdTime>
<ownerDesignName>Exp2_S5_Francisca_Aguilar</ownerDesignName>
<engineerTo>
<item key="468B83A5-64EA-4528-6A18-8277D0CE6593" value="true"/>
</engineerTo>
<identifying>false</identifying>
<nameOnSource>Super Type</nameOnSource>
<nameOnTarget>Sub Type</nameOnTarget>
<optionalSource>true</optionalSource>
<optionalTarget>true</optionalTarget>
<sourceEntity>F8EB9009-8981-F4DA-DC4D-6682FB9E04CC</sourceEntity>
<targetEntity>B159A039-F0BA-6A5A-8A15-5D859C0FA93D</targetEntity>
<transferable>true</transferable>
<deleteRule>NO ACTION</deleteRule>
</Relation>