<?xml version = '1.0' encoding = 'UTF-8'?>
<Relation class="oracle.dbtools.crest.model.design.logical.Relation" name="comuna_planta" directorySegmentName="seg_0" id="1908D4BE-91A6-491B-6B94-9EA68BE4518B">
<createdBy>fran_</createdBy>
<createdTime>2025-10-12 14:07:36 UTC</createdTime>
<ownerDesignName>EFT_S9_Francisca_Aguilar</ownerDesignName>
<engineerTo>
<item key="F4188C02-A745-2EC0-714C-98B733559253" value="true"/>
</engineerTo>
<sourcePk>0C090AA7-D556-B2FC-791B-82AB02C4503E</sourcePk>
<identifying>false</identifying>
<optionalSource>true</optionalSource>
<optionalTarget>false</optionalTarget>
<sourceCardinality>1</sourceCardinality>
<sourceEntity>E2D32A55-2356-6302-7119-DEF52503FBD5</sourceEntity>
<targetCardinalityString>*</targetCardinalityString>
<targetEntity>2207B90F-D204-DE94-8FF1-09682205022A</targetEntity>
<transferable>true</transferable>
<deleteRule>NO ACTION</deleteRule>
</Relation>