<?xml version = '1.0' encoding = 'UTF-8'?>
<Relation class="oracle.dbtools.crest.model.design.logical.Relation" name="Relation_9" directorySegmentName="seg_0" id="471E0401-9B61-3210-BCC9-2939081455A6">
<createdBy>fran_</createdBy>
<createdTime>2025-10-12 14:09:35 UTC</createdTime>
<ownerDesignName>EFT_S9_Francisca_Aguilar</ownerDesignName>
<engineerTo>
<item key="F4188C02-A745-2EC0-714C-98B733559253" value="true"/>
</engineerTo>
<sourcePk>CCCD7565-6C62-DF6A-E408-78A2E76A2F9C</sourcePk>
<identifying>false</identifying>
<optionalSource>true</optionalSource>
<optionalTarget>false</optionalTarget>
<sourceCardinality>1</sourceCardinality>
<sourceEntity>8EA6E530-B51D-3148-32AF-01CAE2DB60FB</sourceEntity>
<targetCardinalityString>*</targetCardinalityString>
<targetEntity>97C4F653-1D84-5ED3-4976-8B5B57B1A504</targetEntity>
<transferable>true</transferable>
<deleteRule>NO ACTION</deleteRule>
</Relation>