<?xml version = '1.0' encoding = 'UTF-8'?>
<Relation class="oracle.dbtools.crest.model.design.logical.Relation" name="mantencion_dotacion" directorySegmentName="seg_0" id="6C4B3EE5-B652-9125-0CC9-5D1B90E3CA04">
<createdBy>fran_</createdBy>
<createdTime>2025-10-12 14:08:23 UTC</createdTime>
<ownerDesignName>EFT_S9_Francisca_Aguilar</ownerDesignName>
<engineerTo>
<item key="F4188C02-A745-2EC0-714C-98B733559253" value="true"/>
</engineerTo>
<sourcePk>3186FB19-9A14-03B5-7DD0-E8811932A52B</sourcePk>
<identifying>false</identifying>
<optionalSource>true</optionalSource>
<optionalTarget>false</optionalTarget>
<sourceCardinality>1</sourceCardinality>
<sourceEntity>E9BDD4A6-4729-C697-CF8E-64102883ACCE</sourceEntity>
<targetCardinalityString>*</targetCardinalityString>
<targetEntity>763EB56A-C834-C0F3-93F8-A103CED358D0</targetEntity>
<transferable>true</transferable>
<deleteRule>NO ACTION</deleteRule>
</Relation>