<?xml version = '1.0' encoding = 'UTF-8'?>
<Relation class="oracle.dbtools.crest.model.design.logical.Relation" name="Relation_1" directorySegmentName="seg_0" id="808B13C2-958D-689C-D8FD-FF3E7DBC441D">
<createdBy>fran_</createdBy>
<createdTime>2025-10-12 14:03:32 UTC</createdTime>
<ownerDesignName>EFT_S9_Francisca_Aguilar</ownerDesignName>
<engineerTo>
<item key="F4188C02-A745-2EC0-714C-98B733559253" value="true"/>
</engineerTo>
<sourcePk>3546B6A3-F596-DED7-9C50-40BC9137323C</sourcePk>
<identifying>false</identifying>
<optionalSource>true</optionalSource>
<optionalTarget>false</optionalTarget>
<sourceCardinality>1</sourceCardinality>
<sourceEntity>726C24EB-E309-ACA5-88D7-D96BD4756332</sourceEntity>
<targetCardinalityString>*</targetCardinalityString>
<targetEntity>97C4F653-1D84-5ED3-4976-8B5B57B1A504</targetEntity>
<transferable>true</transferable>
<deleteRule>NO ACTION</deleteRule>
</Relation>