<?xml version = '1.0' encoding = 'UTF-8'?>
<Relation class="oracle.dbtools.crest.model.design.logical.Relation" name="Relation_10" directorySegmentName="seg_0" id="82087139-C63A-2366-9C29-32330F80F8F3">
<createdBy>fran_</createdBy>
<createdTime>2025-10-12 14:09:42 UTC</createdTime>
<ownerDesignName>EFT_S9_Francisca_Aguilar</ownerDesignName>
<engineerTo>
<item key="F4188C02-A745-2EC0-714C-98B733559253" value="true"/>
</engineerTo>
<sourcePk>4DE8C1D5-C97C-DA52-A02B-8FB2C8963ACB</sourcePk>
<identifying>false</identifying>
<optionalSource>true</optionalSource>
<optionalTarget>false</optionalTarget>
<sourceCardinality>1</sourceCardinality>
<sourceEntity>DEBB0518-231C-E548-CDC8-BBD3BE78933B</sourceEntity>
<targetCardinalityString>*</targetCardinalityString>
<targetEntity>97C4F653-1D84-5ED3-4976-8B5B57B1A504</targetEntity>
<transferable>true</transferable>
<deleteRule>NO ACTION</deleteRule>
</Relation>