<?xml version = '1.0' encoding = 'UTF-8'?>
<Relation class="oracle.dbtools.crest.model.design.logical.Relation" name="tipos_maquina_mantencion" directorySegmentName="seg_0" id="A0F119A3-1526-F7E1-CF8E-128DCDD5322E">
<createdBy>fran_</createdBy>
<createdTime>2025-10-12 14:08:06 UTC</createdTime>
<ownerDesignName>EFT_S9_Francisca_Aguilar</ownerDesignName>
<engineerTo>
<item key="F4188C02-A745-2EC0-714C-98B733559253" value="true"/>
</engineerTo>
<sourcePk>FFA2212C-7C20-60EE-3EAB-6EF87E4F2EB7</sourcePk>
<identifying>false</identifying>
<optionalSource>true</optionalSource>
<optionalTarget>false</optionalTarget>
<sourceCardinality>1</sourceCardinality>
<sourceEntity>EF586D50-CFA9-F208-5046-A7E4CE4670A6</sourceEntity>
<targetCardinalityString>*</targetCardinalityString>
<targetEntity>E9BDD4A6-4729-C697-CF8E-64102883ACCE</targetEntity>
<transferable>true</transferable>
<deleteRule>NO ACTION</deleteRule>
</Relation>