<?xml version = '1.0' encoding = 'UTF-8'?>
<Relation class="oracle.dbtools.crest.model.design.logical.Relation" name="turno_dotacion" directorySegmentName="seg_0" id="CA916D90-7758-C9D7-2BDF-FEE59075D4BD">
<createdBy>fran_</createdBy>
<createdTime>2025-10-12 14:08:54 UTC</createdTime>
<ownerDesignName>EFT_S9_Francisca_Aguilar</ownerDesignName>
<engineerTo>
<item key="F4188C02-A745-2EC0-714C-98B733559253" value="true"/>
</engineerTo>
<sourcePk>2D918407-7076-FB67-DA90-950C11A36656</sourcePk>
<identifying>false</identifying>
<optionalSource>true</optionalSource>
<optionalTarget>false</optionalTarget>
<sourceCardinality>1</sourceCardinality>
<sourceEntity>92C84B8D-26E0-BE31-EB19-7446D6B9DBFF</sourceEntity>
<targetCardinalityString>*</targetCardinalityString>
<targetEntity>763EB56A-C834-C0F3-93F8-A103CED358D0</targetEntity>
<transferable>true</transferable>
<deleteRule>NO ACTION</deleteRule>
</Relation>