<?xml version = '1.0' encoding = 'UTF-8'?>
<Relation class="oracle.dbtools.crest.model.design.logical.Relation" name="personal_dotacion" directorySegmentName="seg_0" id="CABBE078-3468-2813-A347-4A9802553813">
<createdBy>fran_</createdBy>
<createdTime>2025-10-12 14:09:01 UTC</createdTime>
<ownerDesignName>EFT_S9_Francisca_Aguilar</ownerDesignName>
<engineerTo>
<item key="F4188C02-A745-2EC0-714C-98B733559253" value="true"/>
</engineerTo>
<sourcePk>3546B6A3-F596-DED7-9C50-40BC9137323C</sourcePk>
<identifying>false</identifying>
<optionalSource>true</optionalSource>
<optionalTarget>false</optionalTarget>
<sourceCardinality>1</sourceCardinality>
<sourceEntity>97C4F653-1D84-5ED3-4976-8B5B57B1A504</sourceEntity>
<targetCardinalityString>*</targetCardinalityString>
<targetEntity>763EB56A-C834-C0F3-93F8-A103CED358D0</targetEntity>
<transferable>true</transferable>
<deleteRule>NO ACTION</deleteRule>
</Relation>