<?xml version = '1.0' encoding = 'UTF-8'?>
<Relation class="oracle.dbtools.crest.model.design.logical.Relation" name="region_comuna" directorySegmentName="seg_0" id="CF26CECC-3C24-8C77-9E81-F9C507785F56">
<createdBy>fran_</createdBy>
<createdTime>2025-10-12 14:07:25 UTC</createdTime>
<ownerDesignName>EFT_S9_Francisca_Aguilar</ownerDesignName>
<engineerTo>
<item key="F4188C02-A745-2EC0-714C-98B733559253" value="true"/>
</engineerTo>
<sourcePk>934B4B64-F080-AF1C-91A8-754984F51A99</sourcePk>
<identifying>false</identifying>
<optionalSource>true</optionalSource>
<optionalTarget>false</optionalTarget>
<sourceCardinality>1</sourceCardinality>
<sourceEntity>2DD2C40F-FE46-CD8C-E363-FA0130A78DFE</sourceEntity>
<targetCardinalityString>*</targetCardinalityString>
<targetEntity>E2D32A55-2356-6302-7119-DEF52503FBD5</targetEntity>
<transferable>true</transferable>
<deleteRule>NO ACTION</deleteRule>
</Relation>