<?xml version = '1.0' encoding = 'UTF-8'?>
<Relation class="oracle.dbtools.crest.model.design.logical.Relation" name="planta_tipos_maquina" directorySegmentName="seg_0" id="E0FF46E9-85ED-F849-A893-74B181E6F444">
<createdBy>fran_</createdBy>
<createdTime>2025-10-12 14:07:49 UTC</createdTime>
<ownerDesignName>EFT_S9_Francisca_Aguilar</ownerDesignName>
<engineerTo>
<item key="F4188C02-A745-2EC0-714C-98B733559253" value="true"/>
</engineerTo>
<sourcePk>3EF9FBC6-6F92-5497-83DC-D37D08C8A6B7</sourcePk>
<identifying>false</identifying>
<optionalSource>true</optionalSource>
<optionalTarget>false</optionalTarget>
<sourceCardinality>1</sourceCardinality>
<sourceEntity>2207B90F-D204-DE94-8FF1-09682205022A</sourceEntity>
<targetCardinalityString>*</targetCardinalityString>
<targetEntity>EF586D50-CFA9-F208-5046-A7E4CE4670A6</targetEntity>
<transferable>true</transferable>
<deleteRule>NO ACTION</deleteRule>
</Relation>