<?xml version = '1.0' encoding = 'UTF-8'?>
<Diagram class="oracle.dbtools.crest.swingui.logical.DPVLogicalSubView" name="Logical - SubView_1" id="D8E8F40B-683C-2A26-9130-7D5338A38D1E">
<createdBy>fran_</createdBy>
<modifiedBy>fran_</modifiedBy>
<createdTime>2025-09-15 20:44:31 UTC</createdTime>
<autoRoute>false</autoRoute>
<boxInbox>true</boxInbox>
<showLegend>false</showLegend>
<showLabels>false</showLabels>
<showRelAttributes>false</showRelAttributes>
<gridEnabled>false</gridEnabled>
<showGrid>false</showGrid>
<diagramColor>-1</diagramColor>
<display>false</display>
<notation>1</notation>
<objectViews>
<OView class="oracle.dbtools.crest.swingui.logical.TVEntity" oid="F8EB9009-8981-F4DA-DC4D-6682FB9E04CC" otype="Entity" vid="44E9D119-C54C-C9C9-BEDA-8E50B677E923">
<hideElementsInCurrentOnly>false</hideElementsInCurrentOnly>
<bounds x="214" y="259" width="583" height="166"/>
</OView>
</objectViews>
</Diagram>