<?xml version = '1.0' encoding = 'UTF-8'?>
<Diagram class="oracle.dbtools.crest.swingui.logical.DPVLogical" name="Logical" id="D939A7B3-0E4D-0D08-9328-97021DE5A15A">
<createdBy>fran_</createdBy>
<modifiedBy>fran_</modifiedBy>
<createdTime>2025-09-15 11:37:37 UTC</createdTime>
<autoRoute>false</autoRoute>
<boxInbox>true</boxInbox>
<showLegend>false</showLegend>
<showLabels>false</showLabels>
<showRelAttributes>false</showRelAttributes>
<gridEnabled>false</gridEnabled>
<showGrid>false</showGrid>
<diagramColor>-1</diagramColor>
<display>false</display>
<notation>1</notation>
<objectViews>
<OView class="oracle.dbtools.crest.swingui.logical.TVEntity" oid="0EF21912-5864-105A-8326-A5D7C239939B" otype="Entity" vid="B4B7BB5C-49E6-4369-54C2-4081BD98CE14">
<hideElementsInCurrentOnly>false</hideElementsInCurrentOnly>
<bounds x="95" y="556" width="222" height="85"/>
</OView>
<OView class="oracle.dbtools.crest.swingui.logical.TVEntity" oid="15E132C8-A2C4-8ADD-1291-ED6F1E157ACD" otype="Entity" vid="62F18125-DE31-74D5-B66B-FFC518D94763">
<hideElementsInCurrentOnly>false</hideElementsInCurrentOnly>
<bounds x="346" y="847" width="222" height="112"/>
</OView>
<OView class="oracle.dbtools.crest.swingui.logical.TVEntity" oid="171939C1-4C6A-1FE1-D04B-A028F1D7BE44" otype="Entity" vid="425269AC-820A-C9BA-C524-6C275AB0590C">
<hideElementsInCurrentOnly>false</hideElementsInCurrentOnly>
<bounds x="990" y="680" width="234" height="81"/>
</OView>
<OView class="oracle.dbtools.crest.swingui.logical.TVEntity" oid="2731C705-D6A8-CA7E-CBDB-D39E36989DCF" otype="Entity" vid="B7A5F3FF-39A2-7769-527D-530B27D95E33">
<hideElementsInCurrentOnly>false</hideElementsInCurrentOnly>
<bounds x="901" y="855" width="235" height="77"/>
</OView>
<OView class="oracle.dbtools.crest.swingui.logical.TVEntity" oid="27980124-5DF8-7459-C792-3269022E9445" otype="Entity" vid="04953742-18A5-4541-F1FB-3975CA78E3DD">
<hideElementsInCurrentOnly>false</hideElementsInCurrentOnly>
<bounds x="892" y="284" width="214" height="103"/>
</OView>
<OView class="oracle.dbtools.crest.swingui.logical.TVEntity" oid="2B49F5BC-70C4-F185-606C-B15845F2B01A" otype="Entity" vid="E79905A5-332D-DEBC-6357-0D2C1FF4978A">
<hideElementsInCurrentOnly>false</hideElementsInCurrentOnly>
<bounds x="599" y="865" width="226" height="109"/>
</OView>
<OView class="oracle.dbtools.crest.swingui.logical.TVEntity" oid="3D6A6903-14B7-2C8F-2F1E-ACC730506AE0" otype="Entity" vid="07145AE5-5D24-A4C7-E356-4F4F801F6B3A">
<hideElementsInCurrentOnly>false</hideElementsInCurrentOnly>
<bounds x="93" y="689" width="198" height="88"/>
</OView>
<OView class="oracle.dbtools.crest.swingui.logical.TVEntity" oid="52470FD5-2120-1B95-56B5-C20A092899ED" otype="Entity" vid="AC82E53D-E55E-2067-7825-957F9C1F49B3">
<hideElementsInCurrentOnly>false</hideElementsInCurrentOnly>
<bounds x="314" y="128" width="208" height="101"/>
</OView>
<OView class="oracle.dbtools.crest.swingui.logical.TVEntity" oid="5BAAED2F-7C91-0CF0-8234-8F2B3D737D70" otype="Entity" vid="FDC868A2-F579-DEF9-0AF9-AFC63ABFF039">
<hideElementsInCurrentOnly>false</hideElementsInCurrentOnly>
<bounds x="0" y="834" width="177" height="69"/>
</OView>
<OView class="oracle.dbtools.crest.swingui.logical.TVEntity" oid="65A4EF60-3AE2-B2CD-F7DA-D689CD6DFD21" otype="Entity" vid="2A6F5C93-3592-465C-9122-101E36A900FB">
<hideElementsInCurrentOnly>false</hideElementsInCurrentOnly>
<bounds x="682" y="552" width="204" height="169"/>
</OView>
<OView class="oracle.dbtools.crest.swingui.logical.TVEntity" oid="69E51A34-EA17-2F03-FE46-E3A7D26773CA" otype="Entity" vid="8580A21F-8594-96E7-8B95-58FC7006096F">
<hideElementsInCurrentOnly>false</hideElementsInCurrentOnly>
<bounds x="276" y="990" width="196" height="97"/>
</OView>
<OView class="oracle.dbtools.crest.swingui.logical.TVEntity" oid="720F9A05-7F7F-9523-40B0-2DEAA1933084" otype="Entity" vid="5ABC35AE-0DF1-C677-8D85-2C1CAE722B5D">
<hideElementsInCurrentOnly>false</hideElementsInCurrentOnly>
<bounds x="602" y="388" width="154" height="56"/>
</OView>
<OView class="oracle.dbtools.crest.swingui.logical.TVEntity" oid="85B5EF9B-6E06-18DC-F07F-D49A1D8A535D" otype="Entity" vid="F22AD679-EA21-4939-9102-6BB294C5F8B6">
<hideElementsInCurrentOnly>false</hideElementsInCurrentOnly>
<bounds x="313" y="4" width="201" height="86"/>
</OView>
<OView class="oracle.dbtools.crest.swingui.logical.TVEntity" oid="86F82A91-74E4-85DF-4FFE-BE75FC077F05" otype="Entity" vid="ACC0F72F-D1C5-6E74-3B59-94C689AA7B1F">
<hideElementsInCurrentOnly>false</hideElementsInCurrentOnly>
<bounds x="358" y="617" width="224" height="192"/>
</OView>
<OView class="oracle.dbtools.crest.swingui.logical.TVEntity" oid="B159A039-F0BA-6A5A-8A15-5D859C0FA93D" otype="Entity" vid="F62423B4-A4CC-8724-418D-262C51D9FFCF">
<hideElementsInCurrentOnly>false</hideElementsInCurrentOnly>
<bounds x="419" y="390" width="152" height="54"/>
</OView>
<OView class="oracle.dbtools.crest.swingui.logical.TVEntity" oid="BC8E06B8-0C90-E622-D012-827D2C305F85" otype="Entity" vid="2FDADB6C-DC94-D559-435F-C15431A73A91">
<hideElementsInCurrentOnly>false</hideElementsInCurrentOnly>
<bounds x="699" y="764" width="191" height="83"/>
</OView>
<OView class="oracle.dbtools.crest.swingui.logical.TVEntity" oid="BEC2E507-C27F-A3E9-DF9B-234B6C48D259" otype="Entity" vid="8525D3EA-5023-2361-4AC1-D2E1842627DC">
<hideElementsInCurrentOnly>false</hideElementsInCurrentOnly>
<bounds x="233" y="397" width="175" height="47"/>
</OView>
<OView class="oracle.dbtools.crest.swingui.logical.TVEntity" oid="E3B43A30-A76B-F3F0-EA83-3390AD7B5BFA" otype="Entity" vid="1A396FD9-7655-0DEC-54A9-04D2DFACAE00">
<hideElementsInCurrentOnly>false</hideElementsInCurrentOnly>
<bounds x="70" y="994" width="194" height="91"/>
</OView>
<OView class="oracle.dbtools.crest.swingui.logical.TVEntity" oid="E3F35D78-27B3-C7EA-5085-3F52D1A068EB" otype="Entity" vid="AE9131DD-0AED-1C66-B257-4C4A19AE6FAE">
<hideElementsInCurrentOnly>false</hideElementsInCurrentOnly>
<bounds x="978" y="551" width="194" height="83"/>
</OView>
<OView class="oracle.dbtools.crest.swingui.logical.TVEntity" oid="F8EB9009-8981-F4DA-DC4D-6682FB9E04CC" otype="Entity" vid="FA191654-3F68-6A92-AD53-D6BE7B3D812A">
<hideElementsInCurrentOnly>false</hideElementsInCurrentOnly>
<bounds x="213" y="265" width="583" height="205"/>
</OView>
</objectViews>
<connectors>
<Connector class="oracle.dbtools.crest.swingui.logical.TVRelation" oid="2E71889B-9184-D6C0-B52F-0EDD32FE906F" otype="Relation" vid_source="ACC0F72F-D1C5-6E74-3B59-94C689AA7B1F" vid_target="E79905A5-332D-DEBC-6357-0D2C1FF4978A">
<hideElementsInCurrentOnly>false</hideElementsInCurrentOnly>
<backgroundColor>-16777216</backgroundColor>
<lineWidth>1</lineWidth>
<points>
<point x="582" y="808"/>
<point x="648" y="865"/>
</points>
</Connector>
<Connector class="oracle.dbtools.crest.swingui.logical.TVRelation" oid="3002B6ED-BA97-98E2-7AB0-463C1B18E735" otype="Relation" vid_source="FA191654-3F68-6A92-AD53-D6BE7B3D812A" vid_target="ACC0F72F-D1C5-6E74-3B59-94C689AA7B1F">
<hideElementsInCurrentOnly>false</hideElementsInCurrentOnly>
<backgroundColor>-16777216</backgroundColor>
<lineWidth>1</lineWidth>
<points>
<point x="470" y="470"/>
<point x="470" y="617"/>
</points>
</Connector>
<Connector class="oracle.dbtools.crest.swingui.logical.TVRelation" oid="34456B8D-9768-AFB7-716A-817D799FF83C" otype="Relation" vid_source="2A6F5C93-3592-465C-9122-101E36A900FB" vid_target="AE9131DD-0AED-1C66-B257-4C4A19AE6FAE">
<hideElementsInCurrentOnly>false</hideElementsInCurrentOnly>
<backgroundColor>-16777216</backgroundColor>
<lineWidth>1</lineWidth>
<points>
<point x="886" y="608"/>
<point x="978" y="608"/>
</points>
</Connector>
<Connector class="oracle.dbtools.crest.swingui.logical.TVInheritanceRelation" oid="44584FEE-38B6-B850-770B-DD6DEFF426F8" otype="Hierarchy relation" vid_source="FA191654-3F68-6A92-AD53-D6BE7B3D812A" vid_target="5ABC35AE-0DF1-C677-8D85-2C1CAE722B5D">
<hideElementsInCurrentOnly>false</hideElementsInCurrentOnly>
<backgroundColor>-65536</backgroundColor>
<lineWidth>1</lineWidth>
</Connector>
<Connector class="oracle.dbtools.crest.swingui.logical.TVRelation" oid="64C91A6C-AA3A-B10C-F77A-D2EA9F3AE80C" otype="Relation" vid_source="07145AE5-5D24-A4C7-E356-4F4F801F6B3A" vid_target="FDC868A2-F579-DEF9-0AF9-AFC63ABFF039">
<hideElementsInCurrentOnly>false</hideElementsInCurrentOnly>
<backgroundColor>-16777216</backgroundColor>
<lineWidth>1</lineWidth>
<points>
<point x="135" y="777"/>
<point x="135" y="834"/>
</points>
</Connector>
<Connector class="oracle.dbtools.crest.swingui.logical.TVRelation" oid="689E6239-AB64-7E86-AD17-BD31BDA5C380" otype="Relation" vid_source="07145AE5-5D24-A4C7-E356-4F4F801F6B3A" vid_target="ACC0F72F-D1C5-6E74-3B59-94C689AA7B1F">
<hideElementsInCurrentOnly>false</hideElementsInCurrentOnly>
<backgroundColor>-16777216</backgroundColor>
<lineWidth>1</lineWidth>
<points>
<point x="291" y="733"/>
<point x="358" y="733"/>
</points>
</Connector>
<Connector class="oracle.dbtools.crest.swingui.logical.TVRelation" oid="76E01C66-BD87-625A-BA3F-56E9AB59507E" otype="Relation" vid_source="AC82E53D-E55E-2067-7825-957F9C1F49B3" vid_target="FA191654-3F68-6A92-AD53-D6BE7B3D812A">
<hideElementsInCurrentOnly>false</hideElementsInCurrentOnly>
<backgroundColor>-16777216</backgroundColor>
<lineWidth>1</lineWidth>
<points>
<point x="418" y="229"/>
<point x="418" y="265"/>
</points>
</Connector>
<Connector class="oracle.dbtools.crest.swingui.logical.TVRelation" oid="7D0BFBFF-A783-D88B-121C-920C830A5171" otype="Relation" vid_source="ACC0F72F-D1C5-6E74-3B59-94C689AA7B1F" vid_target="62F18125-DE31-74D5-B66B-FFC518D94763">
<hideElementsInCurrentOnly>false</hideElementsInCurrentOnly>
<backgroundColor>-16777216</backgroundColor>
<lineWidth>1</lineWidth>
<points>
<point x="463" y="809"/>
<point x="463" y="847"/>
</points>
</Connector>
<Connector class="oracle.dbtools.crest.swingui.logical.TVRelation" oid="87A787AF-44F2-DB74-5B4B-B46531822C14" otype="Relation" vid_source="2FDADB6C-DC94-D559-435F-C15431A73A91" vid_target="2A6F5C93-3592-465C-9122-101E36A900FB">
<hideElementsInCurrentOnly>false</hideElementsInCurrentOnly>
<backgroundColor>-16777216</backgroundColor>
<lineWidth>1</lineWidth>
<points>
<point x="807" y="764"/>
<point x="807" y="721"/>
</points>
</Connector>
<Connector class="oracle.dbtools.crest.swingui.logical.TVRelation" oid="8D984C95-61E7-6688-1BE7-97E33BE0D99E" otype="Relation" vid_source="ACC0F72F-D1C5-6E74-3B59-94C689AA7B1F" vid_target="2A6F5C93-3592-465C-9122-101E36A900FB">
<hideElementsInCurrentOnly>false</hideElementsInCurrentOnly>
<backgroundColor>-16777216</backgroundColor>
<lineWidth>1</lineWidth>
<points>
<point x="582" y="684"/>
<point x="682" y="684"/>
</points>
</Connector>
<Connector class="oracle.dbtools.crest.swingui.logical.TVRelation" oid="986E3251-328A-99EA-8632-ED341AFDA061" otype="Relation" vid_source="2A6F5C93-3592-465C-9122-101E36A900FB" vid_target="2A6F5C93-3592-465C-9122-101E36A900FB">
<hideElementsInCurrentOnly>false</hideElementsInCurrentOnly>
<backgroundColor>-16777216</backgroundColor>
<lineWidth>1</lineWidth>
<points>
<point x="886" y="630"/>
<point x="892" y="630"/>
<point x="892" y="711"/>
<point x="790" y="711"/>
<point x="790" y="721"/>
</points>
</Connector>
<Connector class="oracle.dbtools.crest.swingui.logical.TVRelation" oid="9DF1BF53-E2A5-5B04-483E-68424F0BD942" otype="Relation" vid_source="07145AE5-5D24-A4C7-E356-4F4F801F6B3A" vid_target="1A396FD9-7655-0DEC-54A9-04D2DFACAE00">
<hideElementsInCurrentOnly>false</hideElementsInCurrentOnly>
<backgroundColor>-16777216</backgroundColor>
<lineWidth>1</lineWidth>
<points>
<point x="178" y="777"/>
<point x="178" y="994"/>
</points>
</Connector>
<Connector class="oracle.dbtools.crest.swingui.logical.TVRelation" oid="A19C1673-B397-01BD-508D-81FC290A0AF5" otype="Relation" vid_source="FA191654-3F68-6A92-AD53-D6BE7B3D812A" vid_target="04953742-18A5-4541-F1FB-3975CA78E3DD">
<hideElementsInCurrentOnly>false</hideElementsInCurrentOnly>
<backgroundColor>-16777216</backgroundColor>
<lineWidth>1</lineWidth>
<points>
<point x="796" y="335"/>
<point x="892" y="335"/>
</points>
</Connector>
<Connector class="oracle.dbtools.crest.swingui.logical.TVRelation" oid="A98AB03D-1668-149E-6B80-5B1E953506FC" otype="Relation" vid_source="425269AC-820A-C9BA-C524-6C275AB0590C" vid_target="2A6F5C93-3592-465C-9122-101E36A900FB">
<hideElementsInCurrentOnly>false</hideElementsInCurrentOnly>
<backgroundColor>-16777216</backgroundColor>
<lineWidth>1</lineWidth>
<points>
<point x="990" y="700"/>
<point x="886" y="700"/>
</points>
</Connector>
<Connector class="oracle.dbtools.crest.swingui.logical.TVRelation" oid="CB4CB821-0EFF-79E3-7503-D1A61DA1482A" otype="Relation" vid_source="B7A5F3FF-39A2-7769-527D-530B27D95E33" vid_target="E79905A5-332D-DEBC-6357-0D2C1FF4978A">
<hideElementsInCurrentOnly>false</hideElementsInCurrentOnly>
<backgroundColor>-16777216</backgroundColor>
<lineWidth>1</lineWidth>
<points>
<point x="901" y="898"/>
<point x="825" y="898"/>
</points>
</Connector>
<Connector class="oracle.dbtools.crest.swingui.logical.TVRelation" oid="DF7B8B19-66F6-5C24-3857-19A99F23EEB1" otype="Relation" vid_source="F22AD679-EA21-4939-9102-6BB294C5F8B6" vid_target="AC82E53D-E55E-2067-7825-957F9C1F49B3">
<hideElementsInCurrentOnly>false</hideElementsInCurrentOnly>
<backgroundColor>-16777216</backgroundColor>
<lineWidth>1</lineWidth>
<points>
<point x="414" y="90"/>
<point x="414" y="128"/>
</points>
</Connector>
<Connector class="oracle.dbtools.crest.swingui.logical.TVRelation" oid="E47F992C-FDD7-8423-9A67-85B8452936F0" otype="Relation" vid_source="B4B7BB5C-49E6-4369-54C2-4081BD98CE14" vid_target="07145AE5-5D24-A4C7-E356-4F4F801F6B3A">
<hideElementsInCurrentOnly>false</hideElementsInCurrentOnly>
<backgroundColor>-16777216</backgroundColor>
<lineWidth>1</lineWidth>
<points>
<point x="193" y="641"/>
<point x="193" y="689"/>
</points>
</Connector>
<Connector class="oracle.dbtools.crest.swingui.logical.TVRelation" oid="E4AF3EBE-F412-B072-B204-E6FD5136A746" otype="Relation" vid_source="07145AE5-5D24-A4C7-E356-4F4F801F6B3A" vid_target="8580A21F-8594-96E7-8B95-58FC7006096F">
<hideElementsInCurrentOnly>false</hideElementsInCurrentOnly>
<backgroundColor>-16777216</backgroundColor>
<lineWidth>1</lineWidth>
<points>
<point x="283" y="777"/>
<point x="283" y="990"/>
</points>
</Connector>
<Connector class="oracle.dbtools.crest.swingui.logical.TVInheritanceRelation" oid="E84093CA-E558-4425-A680-31AB361A9A5B" otype="Hierarchy relation" vid_source="FA191654-3F68-6A92-AD53-D6BE7B3D812A" vid_target="8525D3EA-5023-2361-4AC1-D2E1842627DC">
<hideElementsInCurrentOnly>false</hideElementsInCurrentOnly>
<backgroundColor>-65536</backgroundColor>
<lineWidth>1</lineWidth>
</Connector>
<Connector class="oracle.dbtools.crest.swingui.logical.TVInheritanceRelation" oid="F217FB9C-22B6-3199-FFAE-2C9FAB48FAF7" otype="Hierarchy relation" vid_source="FA191654-3F68-6A92-AD53-D6BE7B3D812A" vid_target="F62423B4-A4CC-8724-418D-262C51D9FFCF">
<hideElementsInCurrentOnly>false</hideElementsInCurrentOnly>
<backgroundColor>-65536</backgroundColor>
<lineWidth>1</lineWidth>
</Connector>
</connectors>
</Diagram>