<?xml version = '1.0' encoding = 'UTF-8'?>
<FKArc class="oracle.dbtools.crest.model.design.relational.FKArc" directorySegmentName="seg_0" id="8EF89AE7-79C7-76B3-0E33-175A814D416D" name="FKArc_4">
<createdBy>fran_</createdBy>
<createdTime>2025-09-16 00:46:21 UTC</createdTime>
<ownerDesignName>Exp2_S5_Francisca_Aguilar</ownerDesignName>
<mandatory>false</mandatory>
<reverseArc>true</reverseArc>
<table>AE849BD0-1215-7156-9680-DF83C9974D4F</table>
<fkeys>
<fkeyID>32C756F5-C0A6-6EB4-0493-A40C1C1AC3C5</fkeyID>
<fkeyID>4FCB6733-89D1-DE49-1D61-6AA6CF4ED3A7</fkeyID>
<fkeyID>6EF4635B-01BD-381E-8DA7-56E989CA3126</fkeyID>
</fkeys>
</FKArc>