<?xml version = '1.0' encoding = 'UTF-8'?>
<relationalModel class="oracle.dbtools.crest.model.design.relational.RelationalDesign" name="Relational_1" id="D66B9A21-A7B8-A87C-44F1-46D4028F16C5" mainViewID="21920CF2-B407-F3E3-C2EC-7E3D4000425A">
<createdBy>fran_</createdBy>
<createdTime>2025-08-31 22:21:12 UTC</createdTime>
<ownerDesignName>Exp1_S3_Francisca_Aguilar</ownerDesignName>
<shouldBeOpen>false</shouldBeOpen>
<selectedRDBMSSite>32076570-2523-435C-2E92-BF29817DFF70</selectedRDBMSSite>
</relationalModel>
