<?xml version = '1.0' encoding = 'UTF-8'?>
<relationalModel class="oracle.dbtools.crest.model.design.relational.RelationalDesign" name="Relational_1" id="4C3F3CF4-97C4-EA16-D35B-D8C526C926B3" mainViewID="142F051F-8389-16F3-C1C7-AF260D63ACEF">
<createdBy>fran_</createdBy>
<createdTime>2025-09-08 16:34:27 UTC</createdTime>
<ownerDesignName>Exp2_S4_grupo6</ownerDesignName>
<shouldBeOpen>false</shouldBeOpen>
<selectedRDBMSSite>32076570-2523-435C-2E92-BF29817DFF70</selectedRDBMSSite>
</relationalModel>