<?xml version = '1.0' encoding = 'UTF-8'?>
<FKArc class="oracle.dbtools.crest.model.design.relational.FKArc" directorySegmentName="seg_0" id="25B062A2-CF45-55FA-3BAC-3D1781CE1DA6" name="FKArc_1">
<createdBy>fran_</createdBy>
<createdTime>2025-10-12 14:11:41 UTC</createdTime>
<ownerDesignName>EFT_S9_Francisca_Aguilar</ownerDesignName>
<mandatory>false</mandatory>
<reverseArc>true</reverseArc>
<table>10867944-4E11-B711-1398-A434BE47DAF0</table>
<fkeys>
<fkeyID>3073088F-DC7E-05D5-5A35-5A4FC2E4A00C</fkeyID>
<fkeyID>0D09A6E2-8833-5135-63A2-6D54DAD22D07</fkeyID>
<fkeyID>18A7BE46-F51E-7D31-C83D-239831880D73</fkeyID>
</fkeys>
</FKArc>