<?xml version = '1.0' encoding = 'UTF-8'?>
<Diagram class="oracle.dbtools.crest.swingui.logical.DPVLogical" name="Logical" id="43010F49-1C75-BD79-18E8-81D5375B1415">
<createdBy>fran_</createdBy>
<modifiedBy>fran_</modifiedBy>
<createdTime>2025-08-17 15:23:52 UTC</createdTime>
<autoRoute>false</autoRoute>
<boxInbox>true</boxInbox>
<showLegend>false</showLegend>
<showLabels>false</showLabels>
<showRelAttributes>false</showRelAttributes>
<gridEnabled>false</gridEnabled>
<showGrid>false</showGrid>
<diagramColor>-1</diagramColor>
<display>false</display>
<notation>1</notation>
<objectViews>
<OView class="oracle.dbtools.crest.swingui.logical.TVEntity" oid="093F8816-DD02-9216-9386-4004F6C5AA53" otype="Entity" vid="4FF7AC60-6AF4-2C78-684A-886A1159EC01">
<hideElementsInCurrentOnly>false</hideElementsInCurrentOnly>
<bounds x="50" y="50" width="167" height="181"/>
</OView>
<OView class="oracle.dbtools.crest.swingui.logical.TVEntity" oid="306B52F3-53FE-C101-D978-8BC4F88292FE" otype="Entity" vid="B1BBFF79-9E54-BC69-3A2E-87EC11B359AE">
<hideElementsInCurrentOnly>false</hideElementsInCurrentOnly>
<bounds x="283" y="56" width="166" height="210"/>
</OView>
<OView class="oracle.dbtools.crest.swingui.logical.TVEntity" oid="992B5D40-02E5-5559-B60F-435C89931BC0" otype="Entity" vid="005B1355-8D28-8D46-6689-1861F69A18B4">
<hideElementsInCurrentOnly>false</hideElementsInCurrentOnly>
<bounds x="523" y="67" width="152" height="200"/>
</OView>
</objectViews>
</Diagram>