<?xml version = '1.0' encoding = 'UTF-8'?>
<Relation class="oracle.dbtools.crest.model.design.logical.InheritanceRelation" name="Hierarchy_4" directorySegmentName="seg_0" id="3C0E04C0-9859-7171-700B-7A0CFEEDA943">
<createdBy>fran_</createdBy>
<createdTime>2025-09-08 17:27:08 UTC</createdTime>
<ownerDesignName>Exp2_S4_grupo6</ownerDesignName>
<engineerTo>
<item key="4C3F3CF4-97C4-EA16-D35B-D8C526C926B3" value="true"/>
</engineerTo>
<identifying>false</identifying>
<nameOnSource>Super Type</nameOnSource>
<nameOnTarget>Sub Type</nameOnTarget>
<optionalSource>true</optionalSource>
<optionalTarget>true</optionalTarget>
<sourceEntity>27ADE29D-AFA5-84F9-A8CA-C58018695DCE</sourceEntity>
<targetEntity>BA635EF0-0E04-C951-5C3F-61325DDBFB42</targetEntity>
<transferable>true</transferable>
<deleteRule>NO ACTION</deleteRule>
</Relation>