<?xml version = '1.0' encoding = 'UTF-8'?>
<Relation class="oracle.dbtools.crest.model.design.logical.InheritanceRelation" name="Hierarchy_3" directorySegmentName="seg_0" id="943E4CEF-9AC1-00F2-8AC3-FD3BC7BC6D8B">
<createdBy>fran_</createdBy>
<createdTime>2025-09-08 17:23:37 UTC</createdTime>
<ownerDesignName>Exp2_S4_grupo6</ownerDesignName>
<engineerTo>
<item key="4C3F3CF4-97C4-EA16-D35B-D8C526C926B3" value="true"/>
</engineerTo>
<identifying>false</identifying>
<nameOnSource>Super Type</nameOnSource>
<nameOnTarget>Sub Type</nameOnTarget>
<optionalSource>true</optionalSource>
<optionalTarget>true</optionalTarget>
<sourceEntity>27ADE29D-AFA5-84F9-A8CA-C58018695DCE</sourceEntity>
<targetEntity>AB52DE4F-1EB3-F65D-D60D-3BC86825F7C9</targetEntity>
<transferable>true</transferable>
<deleteRule>NO ACTION</deleteRule>
</Relation>