<?xml version = '1.0' encoding = 'UTF-8'?>
<Arc class="oracle.dbtools.crest.model.design.logical.Arc" directorySegmentName="seg_0" id="14842381-6D00-4376-E78E-EA9094C80B82" name="Arc_1">
<createdBy>fran_</createdBy>
<createdTime>2025-09-01 02:18:06 UTC</createdTime>
<ownerDesignName>Exp1_S3_Francisca_Aguilar</ownerDesignName>
<engineerTo>
<item key="D66B9A21-A7B8-A87C-44F1-46D4028F16C5" value="true"/>
</engineerTo>
<entity>8D2BDC85-B3FB-4978-BFBF-68D682F2056F</entity>
<relations>
<relationID>F2AF159A-E1B8-F757-D1CC-EB4B01D76F7A</relationID>
<relationID>7DF65922-09CA-CDCF-3E63-1584A3B82EAA</relationID>
</relations>
</Arc>
