<?xml version = '1.0' encoding = 'UTF-8'?>
<Diagram class="oracle.dbtools.crest.swingui.logical.DPVLogical" name="Logical" id="A0FC66C9-0619-CB3B-5D6A-81BE3EFB9273">
<createdBy>fran_</createdBy>
<modifiedBy>fran_</modifiedBy>
<createdTime>2025-10-12 13:38:26 UTC</createdTime>
<autoRoute>false</autoRoute>
<boxInbox>true</boxInbox>
<showLegend>false</showLegend>
<showLabels>false</showLabels>
<showRelAttributes>false</showRelAttributes>
<gridEnabled>false</gridEnabled>
<showGrid>false</showGrid>
<diagramColor>-1</diagramColor>
<display>false</display>
<notation>1</notation>
<objectViews>
<OView class="oracle.dbtools.crest.swingui.logical.TVEntity" oid="10A090A0-80DA-1E1C-6BF6-456EDC9197E3" otype="Entity" vid="30232382-A56A-6772-EE40-EE006B426CA9">
<hideElementsInCurrentOnly>false</hideElementsInCurrentOnly>
<bounds x="745" y="260" width="206" height="90"/>
</OView>
<OView class="oracle.dbtools.crest.swingui.logical.TVEntity" oid="1CE7E688-E00E-42E9-0FD2-A93E00828162" otype="Entity" vid="98474940-7CCB-3EBF-494A-6821DDC5BDEF">
<hideElementsInCurrentOnly>false</hideElementsInCurrentOnly>
<bounds x="965" y="262" width="222" height="85"/>
</OView>
<OView class="oracle.dbtools.crest.swingui.logical.TVEntity" oid="2207B90F-D204-DE94-8FF1-09682205022A" otype="Entity" vid="C658E449-0418-62F6-2B32-E6A7F570A436">
<hideElementsInCurrentOnly>false</hideElementsInCurrentOnly>
<bounds x="48" y="298" width="203" height="92"/>
</OView>
<OView class="oracle.dbtools.crest.swingui.logical.TVEntity" oid="2DD2C40F-FE46-CD8C-E363-FA0130A78DFE" otype="Entity" vid="69B1E7AC-4739-630C-0407-29A80353BBCD">
<hideElementsInCurrentOnly>false</hideElementsInCurrentOnly>
<bounds x="62" y="33" width="203" height="97"/>
</OView>
<OView class="oracle.dbtools.crest.swingui.logical.TVEntity" oid="726C24EB-E309-ACA5-88D7-D96BD4756332" otype="Entity" vid="41A437EE-F083-7C82-A603-9CC7FA538212">
<hideElementsInCurrentOnly>false</hideElementsInCurrentOnly>
<bounds x="508" y="259" width="230" height="91"/>
</OView>
<OView class="oracle.dbtools.crest.swingui.logical.TVEntity" oid="763EB56A-C834-C0F3-93F8-A103CED358D0" otype="Entity" vid="D30DB4BA-7B71-E0A1-B265-A23A6A0C21AE">
<hideElementsInCurrentOnly>false</hideElementsInCurrentOnly>
<bounds x="499" y="628" width="228" height="131"/>
</OView>
<OView class="oracle.dbtools.crest.swingui.logical.TVEntity" oid="8EA6E530-B51D-3148-32AF-01CAE2DB60FB" otype="Entity" vid="610020AD-04B3-88F8-405E-E24849D77FFB">
<hideElementsInCurrentOnly>false</hideElementsInCurrentOnly>
<bounds x="1385" y="103" width="189" height="90"/>
</OView>
<OView class="oracle.dbtools.crest.swingui.logical.TVEntity" oid="92C84B8D-26E0-BE31-EB19-7446D6B9DBFF" otype="Entity" vid="4EF6923E-7AC6-7E2D-FA94-8869B71870F0">
<hideElementsInCurrentOnly>false</hideElementsInCurrentOnly>
<bounds x="897" y="642" width="191" height="122"/>
</OView>
<OView class="oracle.dbtools.crest.swingui.logical.TVEntity" oid="97C4F653-1D84-5ED3-4976-8B5B57B1A504" otype="Entity" vid="442D4E15-BA38-E672-17D6-07320AD3628A">
<hideElementsInCurrentOnly>false</hideElementsInCurrentOnly>
<bounds x="498" y="69" width="712" height="291"/>
</OView>
<OView class="oracle.dbtools.crest.swingui.logical.TVEntity" oid="DEBB0518-231C-E548-CDC8-BBD3BE78933B" otype="Entity" vid="38CF24CF-B44F-B501-5FED-E220A7ECF113">
<hideElementsInCurrentOnly>false</hideElementsInCurrentOnly>
<bounds x="1401" y="202" width="183" height="83"/>
</OView>
<OView class="oracle.dbtools.crest.swingui.logical.TVEntity" oid="E2D32A55-2356-6302-7119-DEF52503FBD5" otype="Entity" vid="7FEA509A-876F-91CD-C54D-7EF4A5C7A734">
<hideElementsInCurrentOnly>false</hideElementsInCurrentOnly>
<bounds x="54" y="180" width="202" height="84"/>
</OView>
<OView class="oracle.dbtools.crest.swingui.logical.TVEntity" oid="E9BDD4A6-4729-C697-CF8E-64102883ACCE" otype="Entity" vid="DD99E497-9597-6C68-4CEE-33FFE21DCAEA">
<hideElementsInCurrentOnly>false</hideElementsInCurrentOnly>
<bounds x="9" y="644" width="299" height="129"/>
</OView>
<OView class="oracle.dbtools.crest.swingui.logical.TVEntity" oid="EF586D50-CFA9-F208-5046-A7E4CE4670A6" otype="Entity" vid="197C18E6-8F6B-D856-5E27-F5ED15089B15">
<hideElementsInCurrentOnly>false</hideElementsInCurrentOnly>
<bounds x="34" y="440" width="206" height="130"/>
</OView>
</objectViews>
<connectors>
<Connector class="oracle.dbtools.crest.swingui.logical.TVRelation" oid="1908D4BE-91A6-491B-6B94-9EA68BE4518B" otype="Relation" vid_source="7FEA509A-876F-91CD-C54D-7EF4A5C7A734" vid_target="C658E449-0418-62F6-2B32-E6A7F570A436">
<hideElementsInCurrentOnly>false</hideElementsInCurrentOnly>
<backgroundColor>-16777216</backgroundColor>
<lineWidth>1</lineWidth>
<points>
<point x="152" y="264"/>
<point x="152" y="298"/>
</points>
</Connector>
<Connector class="oracle.dbtools.crest.swingui.logical.TVRelation" oid="471E0401-9B61-3210-BCC9-2939081455A6" otype="Relation" vid_source="610020AD-04B3-88F8-405E-E24849D77FFB" vid_target="442D4E15-BA38-E672-17D6-07320AD3628A">
<hideElementsInCurrentOnly>false</hideElementsInCurrentOnly>
<backgroundColor>-16777216</backgroundColor>
<lineWidth>1</lineWidth>
<points>
<point x="1385" y="148"/>
<point x="1210" y="148"/>
</points>
</Connector>
<Connector class="oracle.dbtools.crest.swingui.logical.TVRelation" oid="6C4B3EE5-B652-9125-0CC9-5D1B90E3CA04" otype="Relation" vid_source="DD99E497-9597-6C68-4CEE-33FFE21DCAEA" vid_target="D30DB4BA-7B71-E0A1-B265-A23A6A0C21AE">
<hideElementsInCurrentOnly>false</hideElementsInCurrentOnly>
<backgroundColor>-16777216</backgroundColor>
<lineWidth>1</lineWidth>
<points>
<point x="308" y="701"/>
<point x="499" y="701"/>
</points>
</Connector>
<Connector class="oracle.dbtools.crest.swingui.logical.TVRelation" oid="808B13C2-958D-689C-D8FD-FF3E7DBC441D" otype="Relation" vid_source="41A437EE-F083-7C82-A603-9CC7FA538212" vid_target="442D4E15-BA38-E672-17D6-07320AD3628A">
<hideElementsInCurrentOnly>false</hideElementsInCurrentOnly>
<backgroundColor>-16777216</backgroundColor>
<lineWidth>1</lineWidth>
<points>
<point x="508" y="304"/>
<point x="1210" y="304"/>
</points>
</Connector>
<Connector class="oracle.dbtools.crest.swingui.logical.TVRelation" oid="82087139-C63A-2366-9C29-32330F80F8F3" otype="Relation" vid_source="38CF24CF-B44F-B501-5FED-E220A7ECF113" vid_target="442D4E15-BA38-E672-17D6-07320AD3628A">
<hideElementsInCurrentOnly>false</hideElementsInCurrentOnly>
<backgroundColor>-16777216</backgroundColor>
<lineWidth>1</lineWidth>
<points>
<point x="1401" y="243"/>
<point x="1210" y="243"/>
</points>
</Connector>
<Connector class="oracle.dbtools.crest.swingui.logical.TVRelation" oid="A0F119A3-1526-F7E1-CF8E-128DCDD5322E" otype="Relation" vid_source="197C18E6-8F6B-D856-5E27-F5ED15089B15" vid_target="DD99E497-9597-6C68-4CEE-33FFE21DCAEA">
<hideElementsInCurrentOnly>false</hideElementsInCurrentOnly>
<backgroundColor>-16777216</backgroundColor>
<lineWidth>1</lineWidth>
<points>
<point x="137" y="570"/>
<point x="137" y="644"/>
</points>
</Connector>
<Connector class="oracle.dbtools.crest.swingui.logical.TVInheritanceRelation" oid="A26E87D1-4B60-D225-4AC2-902AEDA30E89" otype="Hierarchy relation" vid_source="442D4E15-BA38-E672-17D6-07320AD3628A" vid_target="98474940-7CCB-3EBF-494A-6821DDC5BDEF">
<hideElementsInCurrentOnly>false</hideElementsInCurrentOnly>
<backgroundColor>-65536</backgroundColor>
<lineWidth>1</lineWidth>
</Connector>
<Connector class="oracle.dbtools.crest.swingui.logical.TVRelation" oid="CA916D90-7758-C9D7-2BDF-FEE59075D4BD" otype="Relation" vid_source="4EF6923E-7AC6-7E2D-FA94-8869B71870F0" vid_target="D30DB4BA-7B71-E0A1-B265-A23A6A0C21AE">
<hideElementsInCurrentOnly>false</hideElementsInCurrentOnly>
<backgroundColor>-16777216</backgroundColor>
<lineWidth>1</lineWidth>
<points>
<point x="897" y="700"/>
<point x="727" y="700"/>
</points>
</Connector>
<Connector class="oracle.dbtools.crest.swingui.logical.TVRelation" oid="CABBE078-3468-2813-A347-4A9802553813" otype="Relation" vid_source="442D4E15-BA38-E672-17D6-07320AD3628A" vid_target="D30DB4BA-7B71-E0A1-B265-A23A6A0C21AE">
<hideElementsInCurrentOnly>false</hideElementsInCurrentOnly>
<backgroundColor>-16777216</backgroundColor>
<lineWidth>1</lineWidth>
<points>
<point x="613" y="360"/>
<point x="613" y="628"/>
</points>
</Connector>
<Connector class="oracle.dbtools.crest.swingui.logical.TVRelation" oid="CF26CECC-3C24-8C77-9E81-F9C507785F56" otype="Relation" vid_source="69B1E7AC-4739-630C-0407-29A80353BBCD" vid_target="7FEA509A-876F-91CD-C54D-7EF4A5C7A734">
<hideElementsInCurrentOnly>false</hideElementsInCurrentOnly>
<backgroundColor>-16777216</backgroundColor>
<lineWidth>1</lineWidth>
<points>
<point x="159" y="130"/>
<point x="159" y="180"/>
</points>
</Connector>
<Connector class="oracle.dbtools.crest.swingui.logical.TVInheritanceRelation" oid="D78D1A03-74FF-F542-24AF-7C9C99E32860" otype="Hierarchy relation" vid_source="442D4E15-BA38-E672-17D6-07320AD3628A" vid_target="30232382-A56A-6772-EE40-EE006B426CA9">
<hideElementsInCurrentOnly>false</hideElementsInCurrentOnly>
<backgroundColor>-65536</backgroundColor>
<lineWidth>1</lineWidth>
</Connector>
<Connector class="oracle.dbtools.crest.swingui.logical.TVRelation" oid="E0FF46E9-85ED-F849-A893-74B181E6F444" otype="Relation" vid_source="C658E449-0418-62F6-2B32-E6A7F570A436" vid_target="197C18E6-8F6B-D856-5E27-F5ED15089B15">
<hideElementsInCurrentOnly>false</hideElementsInCurrentOnly>
<backgroundColor>-16777216</backgroundColor>
<lineWidth>1</lineWidth>
<points>
<point x="144" y="390"/>
<point x="144" y="440"/>
</points>
</Connector>
<Connector class="oracle.dbtools.crest.swingui.logical.TVInheritanceRelation" oid="EBF1B373-FE3A-8E48-1FDC-D729302E8393" otype="Hierarchy relation" vid_source="442D4E15-BA38-E672-17D6-07320AD3628A" vid_target="41A437EE-F083-7C82-A603-9CC7FA538212">
<hideElementsInCurrentOnly>false</hideElementsInCurrentOnly>
<backgroundColor>-65536</backgroundColor>
<lineWidth>1</lineWidth>
</Connector>
</connectors>
</Diagram>