<?xml version = '1.0' encoding = 'UTF-8'?>
<relationalModel class="oracle.dbtools.crest.model.design.relational.RelationalDesign" name="Relational_1" id="468B83A5-64EA-4528-6A18-8277D0CE6593" mainViewID="20033728-3BB9-5B30-3BB4-882C05E66FCD">
<createdBy>fran_</createdBy>
<createdTime>2025-09-15 11:32:40 UTC</createdTime>
<ownerDesignName>Exp2_S5_Francisca_Aguilar</ownerDesignName>
<shouldBeOpen>false</shouldBeOpen>
<selectedRDBMSSite>32076570-2523-435C-2E92-BF29817DFF70</selectedRDBMSSite>
</relationalModel>