<?xml version = '1.0' encoding = 'UTF-8'?>
<Entity class="oracle.dbtools.crest.model.design.logical.Entity" directorySegmentName="seg_0" id="15E132C8-A2C4-8ADD-1291-ED6F1E157ACD" name="EXAMENES">
<createdBy>fran_</createdBy>
<createdTime>2025-09-15 12:00:26 UTC</createdTime>
<ownerDesignName>Exp2_S5_Francisca_Aguilar</ownerDesignName>
<engineerTo>
<item key="468B83A5-64EA-4528-6A18-8277D0CE6593" value="true"/>
</engineerTo>
<adequatelyNormalized>NO</adequatelyNormalized>
<expectedVolumes>0</expectedVolumes>
<fwdEngineeringStrategyName>Single Table</fwdEngineeringStrategyName>
<growthPercent>0</growthPercent>
<growthType>Year</growthType>
<maxVolumes>9999999</maxVolumes>
<minVolumes>0</minVolumes>
<normalForm>Third</normalForm>
<attributes itemClass="oracle.dbtools.crest.model.design.logical.Attribute">
<Attribute name="id_exam" id="B24C1A47-4E41-8337-5D23-60CE7D96D329">
<createdBy>fran_</createdBy>
<createdTime>2025-09-15 12:00:43 UTC</createdTime>
<ownerDesignName>Exp2_S5_Francisca_Aguilar</ownerDesignName>
<engineerTo>
<item key="468B83A5-64EA-4528-6A18-8277D0CE6593" value="true"/>
</engineerTo>
<useDomainConstraints>false</useDomainConstraints>
<use>1</use>
<logicalDatatype>LOGDT019</logicalDatatype>
<dataTypePrecision>10</dataTypePrecision>
<ownDataTypeParameters>,10,</ownDataTypeParameters>
</Attribute>
<Attribute name="nom_exam" id="7FBF28FB-EB25-5962-CF14-EEE32BAB8548">
<createdBy>fran_</createdBy>
<createdTime>2025-09-15 12:01:09 UTC</createdTime>
<ownerDesignName>Exp2_S5_Francisca_Aguilar</ownerDesignName>
<engineerTo>
<item key="468B83A5-64EA-4528-6A18-8277D0CE6593" value="true"/>
</engineerTo>
<useDomainConstraints>false</useDomainConstraints>
<use>1</use>
<logicalDatatype>LOGDT024</logicalDatatype>
<dataTypeSize>50</dataTypeSize>
<ownDataTypeParameters>50,,</ownDataTypeParameters>
</Attribute>
<Attribute name="tipo_muestra" id="2DD588D2-145A-B962-02C2-6FA3C2358C04">
<createdBy>fran_</createdBy>
<createdTime>2025-09-15 12:01:49 UTC</createdTime>
<ownerDesignName>Exp2_S5_Francisca_Aguilar</ownerDesignName>
<engineerTo>
<item key="468B83A5-64EA-4528-6A18-8277D0CE6593" value="true"/>
</engineerTo>
<useDomainConstraints>false</useDomainConstraints>
<use>1</use>
<logicalDatatype>LOGDT024</logicalDatatype>
<dataTypeSize>25</dataTypeSize>
<ownDataTypeParameters>25,,</ownDataTypeParameters>
</Attribute>
<Attribute name="cond_preparacion" id="25438232-8381-C416-2A29-04A4D16DB3EC">
<createdBy>fran_</createdBy>
<createdTime>2025-09-15 12:02:18 UTC</createdTime>
<ownerDesignName>Exp2_S5_Francisca_Aguilar</ownerDesignName>
<engineerTo>
<item key="468B83A5-64EA-4528-6A18-8277D0CE6593" value="true"/>
</engineerTo>
<useDomainConstraints>false</useDomainConstraints>
<use>1</use>
<logicalDatatype>LOGDT024</logicalDatatype>
<dataTypeSize>50</dataTypeSize>
<ownDataTypeParameters>50,,</ownDataTypeParameters>
</Attribute>
<Attribute name="id_consulta" id="5FDB8283-0D6D-2D87-5D79-15EE57607263">
<createdBy>fran_</createdBy>
<createdTime>2025-09-15 13:54:59 UTC</createdTime>
<generatorID>7D0BFBFF-A783-D88B-121C-920C830A5171</generatorID>
<ownerDesignName>Exp2_S5_Francisca_Aguilar</ownerDesignName>
<engineerTo>
<item key="468B83A5-64EA-4528-6A18-8277D0CE6593" value="true"/>
</engineerTo>
<referedAttribute>B32AEC57-AD31-5185-C7E5-A66F6CEAE315</referedAttribute>
<useDomainConstraints>false</useDomainConstraints>
<use>1</use>
<logicalDatatype>LOGDT019</logicalDatatype>
<dataTypePrecision>10</dataTypePrecision>
<ownDataTypeParameters>,,</ownDataTypeParameters>
</Attribute>
</attributes>
<identifiers itemClass="oracle.dbtools.crest.model.design.logical.CandidateKey">
<identifier id="CFAC6584-F60B-C63F-31E8-92FD4FD1A648" name="EXAMENES_LABORATORIO PK">
<createdBy>fran_</createdBy>
<createdTime>2025-09-15 12:01:08 UTC</createdTime>
<ownerDesignName>Exp2_S5_Francisca_Aguilar</ownerDesignName>
<shouldEngineer>false</shouldEngineer>
<engineerTo>
<item key="468B83A5-64EA-4528-6A18-8277D0CE6593" value="false"/>
</engineerTo>
<pk>true</pk>
<usedAttributes>
<attributeRef>B24C1A47-4E41-8337-5D23-60CE7D96D329</attributeRef>
</usedAttributes>
</identifier>
</identifiers>
</Entity>