<?xml version = '1.0' encoding = 'UTF-8'?>
<Entity class="oracle.dbtools.crest.model.design.logical.Entity" directorySegmentName="seg_0" id="171939C1-4C6A-1FE1-D04B-A028F1D7BE44" name="I_SALUD">
<createdBy>fran_</createdBy>
<createdTime>2025-09-15 16:03:02 UTC</createdTime>
<ownerDesignName>Exp2_S5_Francisca_Aguilar</ownerDesignName>
<engineerTo>
<item key="468B83A5-64EA-4528-6A18-8277D0CE6593" value="true"/>
</engineerTo>
<adequatelyNormalized>NO</adequatelyNormalized>
<expectedVolumes>0</expectedVolumes>
<fwdEngineeringStrategyName>Single Table</fwdEngineeringStrategyName>
<growthPercent>0</growthPercent>
<growthType>Year</growthType>
<maxVolumes>9999999</maxVolumes>
<minVolumes>0</minVolumes>
<normalForm>Third</normalForm>
<attributes itemClass="oracle.dbtools.crest.model.design.logical.Attribute">
<Attribute name="codigo_inst" id="EEF393EC-D0AD-B3C6-BD78-3EDD59DC808C">
<createdBy>fran_</createdBy>
<createdTime>2025-09-15 16:03:50 UTC</createdTime>
<ownerDesignName>Exp2_S5_Francisca_Aguilar</ownerDesignName>
<engineerTo>
<item key="468B83A5-64EA-4528-6A18-8277D0CE6593" value="true"/>
</engineerTo>
<useDomainConstraints>false</useDomainConstraints>
<use>1</use>
<logicalDatatype>LOGDT019</logicalDatatype>
<dataTypePrecision>10</dataTypePrecision>
<ownDataTypeParameters>,10,</ownDataTypeParameters>
</Attribute>
<Attribute name="tipo_inst" id="240A5180-68A9-0577-7EA4-D3CCDD6949C7">
<createdBy>fran_</createdBy>
<createdTime>2025-09-15 16:04:23 UTC</createdTime>
<ownerDesignName>Exp2_S5_Francisca_Aguilar</ownerDesignName>
<engineerTo>
<item key="468B83A5-64EA-4528-6A18-8277D0CE6593" value="true"/>
</engineerTo>
<constraintName>CK_I_SALUD_TIPO_INST</constraintName>
<useDomainConstraints>false</useDomainConstraints>
<use>1</use>
<logicalDatatype>LOGDT024</logicalDatatype>
<dataTypeSize>25</dataTypeSize>
<listOfValues>
<valueDef value="&quot;FONASA&quot;" description=""/>
<valueDef value="&quot;ISAPRE&quot;" description=""/>
</listOfValues>
<ownDataTypeParameters>25,,</ownDataTypeParameters>
</Attribute>
</attributes>
<identifiers itemClass="oracle.dbtools.crest.model.design.logical.CandidateKey">
<identifier id="3849EEAE-9183-63B0-E0EC-B2666CDEDA68" name="INSTITUCION_SALUD PK">
<createdBy>fran_</createdBy>
<createdTime>2025-09-15 16:04:21 UTC</createdTime>
<ownerDesignName>Exp2_S5_Francisca_Aguilar</ownerDesignName>
<shouldEngineer>false</shouldEngineer>
<engineerTo>
<item key="468B83A5-64EA-4528-6A18-8277D0CE6593" value="false"/>
</engineerTo>
<pk>true</pk>
<usedAttributes>
<attributeRef>EEF393EC-D0AD-B3C6-BD78-3EDD59DC808C</attributeRef>
</usedAttributes>
</identifier>
</identifiers>
</Entity>