<?xml version = '1.0' encoding = 'UTF-8'?>
<Entity class="oracle.dbtools.crest.model.design.logical.Entity" directorySegmentName="seg_0" id="2B49F5BC-70C4-F185-606C-B15845F2B01A" name="PAGO_A">
<createdBy>fran_</createdBy>
<createdTime>2025-09-15 12:21:25 UTC</createdTime>
<ownerDesignName>Exp2_S5_Francisca_Aguilar</ownerDesignName>
<engineerTo>
<item key="468B83A5-64EA-4528-6A18-8277D0CE6593" value="true"/>
</engineerTo>
<adequatelyNormalized>NO</adequatelyNormalized>
<expectedVolumes>0</expectedVolumes>
<fwdEngineeringStrategyName>Single Table</fwdEngineeringStrategyName>
<growthPercent>0</growthPercent>
<growthType>Year</growthType>
<maxVolumes>9999999</maxVolumes>
<minVolumes>0</minVolumes>
<normalForm>Third</normalForm>
<attributes itemClass="oracle.dbtools.crest.model.design.logical.Attribute">
<Attribute name="id_p" id="47590E05-EFAD-714E-0F98-C0EADFB9BA9A">
<createdBy>fran_</createdBy>
<createdTime>2025-09-15 12:21:37 UTC</createdTime>
<ownerDesignName>Exp2_S5_Francisca_Aguilar</ownerDesignName>
<engineerTo>
<item key="468B83A5-64EA-4528-6A18-8277D0CE6593" value="true"/>
</engineerTo>
<useDomainConstraints>false</useDomainConstraints>
<use>1</use>
<logicalDatatype>LOGDT019</logicalDatatype>
<dataTypePrecision>10</dataTypePrecision>
<ownDataTypeParameters>,10,</ownDataTypeParameters>
</Attribute>
<Attribute name="fecha_p" id="DDA866CD-19BA-E4EC-87AD-0280B6F47E8F">
<createdBy>fran_</createdBy>
<createdTime>2025-09-15 12:22:02 UTC</createdTime>
<ownerDesignName>Exp2_S5_Francisca_Aguilar</ownerDesignName>
<engineerTo>
<item key="468B83A5-64EA-4528-6A18-8277D0CE6593" value="true"/>
</engineerTo>
<useDomainConstraints>false</useDomainConstraints>
<use>1</use>
<logicalDatatype>LOGDT007</logicalDatatype>
<ownDataTypeParameters>,,</ownDataTypeParameters>
</Attribute>
<Attribute name="monto_canc" id="D0B19475-A4D8-D2EE-1E33-EF9E6A9502B3">
<createdBy>fran_</createdBy>
<createdTime>2025-09-15 12:22:21 UTC</createdTime>
<ownerDesignName>Exp2_S5_Francisca_Aguilar</ownerDesignName>
<engineerTo>
<item key="468B83A5-64EA-4528-6A18-8277D0CE6593" value="true"/>
</engineerTo>
<constraintName>CK_PAGO_A_MONTO_CANC</constraintName>
<useDomainConstraints>false</useDomainConstraints>
<use>1</use>
<logicalDatatype>LOGDT019</logicalDatatype>
<dataTypePrecision>6</dataTypePrecision>
<checkConstraint>
<implementationDef dbType="Generic Constraint" definition="monto_cancelado &gt; 0"/>
</checkConstraint>
<ownDataTypeParameters>,6,</ownDataTypeParameters>
</Attribute>
<Attribute name="atencion_aso" id="F493C2F0-49D8-D948-7874-0E6A9F17C6A4">
<createdBy>fran_</createdBy>
<createdTime>2025-09-15 12:28:57 UTC</createdTime>
<ownerDesignName>Exp2_S5_Francisca_Aguilar</ownerDesignName>
<engineerTo>
<item key="468B83A5-64EA-4528-6A18-8277D0CE6593" value="true"/>
</engineerTo>
<useDomainConstraints>false</useDomainConstraints>
<use>1</use>
<logicalDatatype>LOGDT024</logicalDatatype>
<dataTypeSize>25</dataTypeSize>
<ownDataTypeParameters>25,,</ownDataTypeParameters>
</Attribute>
<Attribute name="id_consulta" id="84AE5635-6A1B-89A4-9F55-5A24A91A7387">
<createdBy>fran_</createdBy>
<createdTime>2025-09-15 14:23:39 UTC</createdTime>
<generatorID>2E71889B-9184-D6C0-B52F-0EDD32FE906F</generatorID>
<ownerDesignName>Exp2_S5_Francisca_Aguilar</ownerDesignName>
<engineerTo>
<item key="468B83A5-64EA-4528-6A18-8277D0CE6593" value="true"/>
</engineerTo>
<referedAttribute>B32AEC57-AD31-5185-C7E5-A66F6CEAE315</referedAttribute>
<useDomainConstraints>false</useDomainConstraints>
<use>1</use>
<logicalDatatype>LOGDT019</logicalDatatype>
<dataTypePrecision>10</dataTypePrecision>
<ownDataTypeParameters>,,</ownDataTypeParameters>
</Attribute>
<Attribute name="id_tipo_p" id="68BF57E6-DCD5-1872-1336-EC9A4EDA09D2">
<createdBy>fran_</createdBy>
<createdTime>2025-09-15 14:36:49 UTC</createdTime>
<generatorID>CB4CB821-0EFF-79E3-7503-D1A61DA1482A</generatorID>
<ownerDesignName>Exp2_S5_Francisca_Aguilar</ownerDesignName>
<engineerTo>
<item key="468B83A5-64EA-4528-6A18-8277D0CE6593" value="true"/>
</engineerTo>
<referedAttribute>EBFBAC39-9669-6B07-7C77-5E132846C94C</referedAttribute>
<useDomainConstraints>false</useDomainConstraints>
<use>1</use>
<logicalDatatype>LOGDT019</logicalDatatype>
<ownDataTypeParameters>,,</ownDataTypeParameters>
</Attribute>
</attributes>
<identifiers itemClass="oracle.dbtools.crest.model.design.logical.CandidateKey">
<identifier id="9331968E-AF30-B958-4E86-527B13CA516C" name="PAGO_ATENCION PK">
<createdBy>fran_</createdBy>
<createdTime>2025-09-15 12:21:49 UTC</createdTime>
<ownerDesignName>Exp2_S5_Francisca_Aguilar</ownerDesignName>
<shouldEngineer>false</shouldEngineer>
<engineerTo>
<item key="468B83A5-64EA-4528-6A18-8277D0CE6593" value="false"/>
</engineerTo>
<pk>true</pk>
<usedAttributes>
<attributeRef>47590E05-EFAD-714E-0F98-C0EADFB9BA9A</attributeRef>
</usedAttributes>
</identifier>
</identifiers>
</Entity>