<?xml version = '1.0' encoding = 'UTF-8'?>
<Entity class="oracle.dbtools.crest.model.design.logical.Entity" directorySegmentName="seg_0" id="52470FD5-2120-1B95-56B5-C20A092899ED" name="COMUNA">
<createdBy>fran_</createdBy>
<createdTime>2025-09-15 12:04:11 UTC</createdTime>
<ownerDesignName>Exp2_S5_Francisca_Aguilar</ownerDesignName>
<engineerTo>
<item key="468B83A5-64EA-4528-6A18-8277D0CE6593" value="true"/>
</engineerTo>
<adequatelyNormalized>NO</adequatelyNormalized>
<expectedVolumes>0</expectedVolumes>
<fwdEngineeringStrategyName>Single Table</fwdEngineeringStrategyName>
<growthPercent>0</growthPercent>
<growthType>Year</growthType>
<maxVolumes>9999999</maxVolumes>
<minVolumes>0</minVolumes>
<normalForm>Third</normalForm>
<attributes itemClass="oracle.dbtools.crest.model.design.logical.Attribute">
<Attribute name="id_comuna" id="716452A8-5546-0314-3BFA-D8691266FA6B">
<createdBy>fran_</createdBy>
<createdTime>2025-09-15 12:04:20 UTC</createdTime>
<ownerDesignName>Exp2_S5_Francisca_Aguilar</ownerDesignName>
<engineerTo>
<item key="468B83A5-64EA-4528-6A18-8277D0CE6593" value="true"/>
</engineerTo>
<useDomainConstraints>false</useDomainConstraints>
<use>1</use>
<logicalDatatype>LOGDT019</logicalDatatype>
<dataTypePrecision>10</dataTypePrecision>
<ownDataTypeParameters>,10,</ownDataTypeParameters>
</Attribute>
<Attribute name="nom_comuna" id="5A4E772F-DD15-F1D3-319E-2DE8B3934570">
<createdBy>fran_</createdBy>
<createdTime>2025-09-15 12:04:27 UTC</createdTime>
<ownerDesignName>Exp2_S5_Francisca_Aguilar</ownerDesignName>
<engineerTo>
<item key="468B83A5-64EA-4528-6A18-8277D0CE6593" value="true"/>
</engineerTo>
<useDomainConstraints>false</useDomainConstraints>
<use>1</use>
<logicalDatatype>LOGDT024</logicalDatatype>
<dataTypeSize>20</dataTypeSize>
<ownDataTypeParameters>20,,</ownDataTypeParameters>
</Attribute>
<Attribute name="id_region" id="754CAE52-51E6-816E-52AD-6F8EF1F2E94B">
<createdBy>fran_</createdBy>
<createdTime>2025-09-15 13:01:01 UTC</createdTime>
<generatorID>DF7B8B19-66F6-5C24-3857-19A99F23EEB1</generatorID>
<ownerDesignName>Exp2_S5_Francisca_Aguilar</ownerDesignName>
<engineerTo>
<item key="468B83A5-64EA-4528-6A18-8277D0CE6593" value="true"/>
</engineerTo>
<referedAttribute>8583F399-E33D-A53D-C543-24E059A74159</referedAttribute>
<useDomainConstraints>false</useDomainConstraints>
<use>1</use>
<logicalDatatype>LOGDT019</logicalDatatype>
<dataTypePrecision>10</dataTypePrecision>
<ownDataTypeParameters>,,</ownDataTypeParameters>
</Attribute>
</attributes>
<identifiers itemClass="oracle.dbtools.crest.model.design.logical.CandidateKey">
<identifier id="8AB1C008-83C6-38A5-8BCD-AF21D83D365D" name="COMUNA PK">
<createdBy>fran_</createdBy>
<createdTime>2025-09-15 12:05:01 UTC</createdTime>
<ownerDesignName>Exp2_S5_Francisca_Aguilar</ownerDesignName>
<shouldEngineer>false</shouldEngineer>
<engineerTo>
<item key="468B83A5-64EA-4528-6A18-8277D0CE6593" value="false"/>
</engineerTo>
<pk>true</pk>
<usedAttributes>
<attributeRef>716452A8-5546-0314-3BFA-D8691266FA6B</attributeRef>
</usedAttributes>
</identifier>
<identifier id="BD4A200F-092B-4866-A3AB-6A51A90F4C96" name="UK_COMUNA_NOMBRE_COMUNA">
<createdBy>fran_</createdBy>
<createdTime>2025-09-15 14:57:41 UTC</createdTime>
<ownerDesignName>Exp2_S5_Francisca_Aguilar</ownerDesignName>
<shouldEngineer>false</shouldEngineer>
<engineerTo>
<item key="468B83A5-64EA-4528-6A18-8277D0CE6593" value="false"/>
</engineerTo>
<newElementsIDs>5A4E772F-DD15-F1D3-319E-2DE8B3934570</newElementsIDs>
<usedAttributes>
<attributeRef>5A4E772F-DD15-F1D3-319E-2DE8B3934570</attributeRef>
</usedAttributes>
</identifier>
</identifiers>
</Entity>