<?xml version = '1.0' encoding = 'UTF-8'?>
<Entity class="oracle.dbtools.crest.model.design.logical.Entity" directorySegmentName="seg_0" id="5BAAED2F-7C91-0CF0-8234-8F2B3D737D70" name="R_CLINICOS">
<createdBy>fran_</createdBy>
<createdTime>2025-09-15 13:45:22 UTC</createdTime>
<ownerDesignName>Exp2_S5_Francisca_Aguilar</ownerDesignName>
<engineerTo>
<item key="468B83A5-64EA-4528-6A18-8277D0CE6593" value="true"/>
</engineerTo>
<adequatelyNormalized>NO</adequatelyNormalized>
<expectedVolumes>0</expectedVolumes>
<fwdEngineeringStrategyName>Single Table</fwdEngineeringStrategyName>
<growthPercent>0</growthPercent>
<growthType>Year</growthType>
<maxVolumes>9999999</maxVolumes>
<minVolumes>0</minVolumes>
<normalForm>Third</normalForm>
<attributes itemClass="oracle.dbtools.crest.model.design.logical.Attribute">
<Attribute name="id_registros" id="7D0E0947-F601-D036-3E97-4AD42A5AEB91">
<createdBy>fran_</createdBy>
<createdTime>2025-09-15 13:45:41 UTC</createdTime>
<ownerDesignName>Exp2_S5_Francisca_Aguilar</ownerDesignName>
<engineerTo>
<item key="468B83A5-64EA-4528-6A18-8277D0CE6593" value="true"/>
</engineerTo>
<useDomainConstraints>false</useDomainConstraints>
<use>1</use>
<logicalDatatype>LOGDT019</logicalDatatype>
<dataTypePrecision>10</dataTypePrecision>
<ownDataTypeParameters>,10,</ownDataTypeParameters>
</Attribute>
<Attribute name="id_u" id="2479BD24-8E5F-74D7-4BA2-C07FAC01829F">
<createdBy>fran_</createdBy>
<createdTime>2025-09-15 13:51:46 UTC</createdTime>
<generatorID>64C91A6C-AA3A-B10C-F77A-D2EA9F3AE80C</generatorID>
<ownerDesignName>Exp2_S5_Francisca_Aguilar</ownerDesignName>
<engineerTo>
<item key="468B83A5-64EA-4528-6A18-8277D0CE6593" value="true"/>
</engineerTo>
<referedAttribute>D3CB0364-C205-BBEC-8FEB-6E0168B465CB</referedAttribute>
<useDomainConstraints>false</useDomainConstraints>
<use>1</use>
<logicalDatatype>LOGDT019</logicalDatatype>
<dataTypePrecision>10</dataTypePrecision>
<ownDataTypeParameters>,,</ownDataTypeParameters>
</Attribute>
</attributes>
<identifiers itemClass="oracle.dbtools.crest.model.design.logical.CandidateKey">
<identifier id="165CA1EC-9FC7-5296-3761-3D68E206A034" name="REGISTROS_MEDICOS PK">
<createdBy>fran_</createdBy>
<createdTime>2025-09-15 13:46:00 UTC</createdTime>
<ownerDesignName>Exp2_S5_Francisca_Aguilar</ownerDesignName>
<shouldEngineer>false</shouldEngineer>
<engineerTo>
<item key="468B83A5-64EA-4528-6A18-8277D0CE6593" value="false"/>
</engineerTo>
<pk>true</pk>
<usedAttributes>
<attributeRef>7D0E0947-F601-D036-3E97-4AD42A5AEB91</attributeRef>
</usedAttributes>
</identifier>
</identifiers>
</Entity>