<?xml version = '1.0' encoding = 'UTF-8'?>
<Entity class="oracle.dbtools.crest.model.design.logical.Entity" directorySegmentName="seg_0" id="65A4EF60-3AE2-B2CD-F7DA-D689CD6DFD21" name="MEDICO">
<createdBy>fran_</createdBy>
<createdTime>2025-09-15 11:53:13 UTC</createdTime>
<ownerDesignName>Exp2_S5_Francisca_Aguilar</ownerDesignName>
<engineerTo>
<item key="468B83A5-64EA-4528-6A18-8277D0CE6593" value="true"/>
</engineerTo>
<adequatelyNormalized>NO</adequatelyNormalized>
<expectedVolumes>0</expectedVolumes>
<fwdEngineeringStrategyName>Single Table</fwdEngineeringStrategyName>
<growthPercent>0</growthPercent>
<growthType>Year</growthType>
<maxVolumes>9999999</maxVolumes>
<minVolumes>0</minVolumes>
<normalForm>Third</normalForm>
<attributes itemClass="oracle.dbtools.crest.model.design.logical.Attribute">
<Attribute name="rut_m" id="AB476AF1-2EC2-69F7-B434-D09B5D5335FE">
<createdBy>fran_</createdBy>
<createdTime>2025-09-15 11:53:21 UTC</createdTime>
<ownerDesignName>Exp2_S5_Francisca_Aguilar</ownerDesignName>
<engineerTo>
<item key="468B83A5-64EA-4528-6A18-8277D0CE6593" value="true"/>
</engineerTo>
<useDomainConstraints>false</useDomainConstraints>
<use>1</use>
<logicalDatatype>LOGDT019</logicalDatatype>
<dataTypePrecision>8</dataTypePrecision>
<ownDataTypeParameters>,8,</ownDataTypeParameters>
</Attribute>
<Attribute name="dv_m" id="03EEE795-4767-745C-F446-E893985A0B86">
<createdBy>fran_</createdBy>
<createdTime>2025-09-15 11:53:43 UTC</createdTime>
<ownerDesignName>Exp2_S5_Francisca_Aguilar</ownerDesignName>
<engineerTo>
<item key="468B83A5-64EA-4528-6A18-8277D0CE6593" value="true"/>
</engineerTo>
<constraintName>CK_MEDICO_DV_M</constraintName>
<useDomainConstraints>false</useDomainConstraints>
<use>1</use>
<logicalDatatype>LOGDT024</logicalDatatype>
<dataTypeSize>1</dataTypeSize>
<listOfValues>
<valueDef value="&quot;0&quot;" description=""/>
<valueDef value="&quot;1&quot;" description=""/>
<valueDef value="&quot;2&quot;" description=""/>
<valueDef value="&quot;3&quot;" description=""/>
<valueDef value="&quot;4&quot;" description=""/>
<valueDef value="&quot;5&quot;" description=""/>
<valueDef value="&quot;6&quot;" description=""/>
<valueDef value="&quot;7&quot;" description=""/>
<valueDef value="&quot;8&quot;" description=""/>
<valueDef value="&quot;9&quot;" description=""/>
<valueDef value="&quot;K&quot;" description=""/>
</listOfValues>
<ownDataTypeParameters>1,,</ownDataTypeParameters>
</Attribute>
<Attribute name="nom_m" id="A8B6A7EE-95B1-4A73-62E6-15CB9DD1CAA6">
<createdBy>fran_</createdBy>
<createdTime>2025-09-15 11:54:04 UTC</createdTime>
<ownerDesignName>Exp2_S5_Francisca_Aguilar</ownerDesignName>
<engineerTo>
<item key="468B83A5-64EA-4528-6A18-8277D0CE6593" value="true"/>
</engineerTo>
<useDomainConstraints>false</useDomainConstraints>
<use>1</use>
<logicalDatatype>LOGDT024</logicalDatatype>
<dataTypeSize>25</dataTypeSize>
<ownDataTypeParameters>25,,</ownDataTypeParameters>
</Attribute>
<Attribute name="apell_m" id="5EA1C46A-3C18-AD4C-04FA-F12FEF45CBA5">
<createdBy>fran_</createdBy>
<createdTime>2025-09-15 12:12:26 UTC</createdTime>
<ownerDesignName>Exp2_S5_Francisca_Aguilar</ownerDesignName>
<engineerTo>
<item key="468B83A5-64EA-4528-6A18-8277D0CE6593" value="true"/>
</engineerTo>
<useDomainConstraints>false</useDomainConstraints>
<use>1</use>
<logicalDatatype>LOGDT024</logicalDatatype>
<dataTypeSize>25</dataTypeSize>
<ownDataTypeParameters>25,,</ownDataTypeParameters>
</Attribute>
<Attribute name="fecha_in" id="A12902EB-56F7-E474-2AF1-04F9D17DE5EA">
<createdBy>fran_</createdBy>
<createdTime>2025-09-15 11:54:45 UTC</createdTime>
<ownerDesignName>Exp2_S5_Francisca_Aguilar</ownerDesignName>
<engineerTo>
<item key="468B83A5-64EA-4528-6A18-8277D0CE6593" value="true"/>
</engineerTo>
<useDomainConstraints>false</useDomainConstraints>
<use>1</use>
<logicalDatatype>LOGDT007</logicalDatatype>
<ownDataTypeParameters>,,</ownDataTypeParameters>
</Attribute>
<Attribute name="rut_m1" id="43DDCA2C-976C-2856-A1F2-A55BD96120DE">
<createdBy>fran_</createdBy>
<createdTime>2025-09-15 13:02:51 UTC</createdTime>
<generatorID>986E3251-328A-99EA-8632-ED341AFDA061</generatorID>
<ownerDesignName>Exp2_S5_Francisca_Aguilar</ownerDesignName>
<engineerTo>
<item key="468B83A5-64EA-4528-6A18-8277D0CE6593" value="true"/>
</engineerTo>
<nullsAllowed>true</nullsAllowed>
<referedAttribute>AB476AF1-2EC2-69F7-B434-D09B5D5335FE</referedAttribute>
<useDomainConstraints>false</useDomainConstraints>
<use>1</use>
<logicalDatatype>LOGDT019</logicalDatatype>
<dataTypePrecision>8</dataTypePrecision>
<ownDataTypeParameters>,,</ownDataTypeParameters>
</Attribute>
<Attribute name="id_consulta" id="DA2CA88E-9A65-75E4-20F9-BF5D5BC4CA49">
<createdBy>fran_</createdBy>
<createdTime>2025-09-15 13:53:44 UTC</createdTime>
<generatorID>8D984C95-61E7-6688-1BE7-97E33BE0D99E</generatorID>
<ownerDesignName>Exp2_S5_Francisca_Aguilar</ownerDesignName>
<engineerTo>
<item key="468B83A5-64EA-4528-6A18-8277D0CE6593" value="true"/>
</engineerTo>
<referedAttribute>B32AEC57-AD31-5185-C7E5-A66F6CEAE315</referedAttribute>
<useDomainConstraints>false</useDomainConstraints>
<use>1</use>
<logicalDatatype>LOGDT019</logicalDatatype>
<dataTypePrecision>10</dataTypePrecision>
<ownDataTypeParameters>,,</ownDataTypeParameters>
</Attribute>
<Attribute name="cod_afp" id="92E552CF-04EE-6D4D-91C9-0C0D402AFDB7">
<createdBy>fran_</createdBy>
<createdTime>2025-09-15 14:19:23 UTC</createdTime>
<generatorID>87A787AF-44F2-DB74-5B4B-B46531822C14</generatorID>
<ownerDesignName>Exp2_S5_Francisca_Aguilar</ownerDesignName>
<engineerTo>
<item key="468B83A5-64EA-4528-6A18-8277D0CE6593" value="true"/>
</engineerTo>
<nullsAllowed>true</nullsAllowed>
<referedAttribute>E50B4BF3-5FBA-0550-4CF6-794E03CABD24</referedAttribute>
<useDomainConstraints>false</useDomainConstraints>
<use>1</use>
<logicalDatatype>LOGDT019</logicalDatatype>
<dataTypePrecision>10</dataTypePrecision>
<ownDataTypeParameters>,,</ownDataTypeParameters>
</Attribute>
<Attribute name="id_esp" id="519D5EFA-4F3F-5B76-A2D4-8F86B0B1E376">
<createdBy>fran_</createdBy>
<createdTime>2025-09-15 15:59:14 UTC</createdTime>
<generatorID>34456B8D-9768-AFB7-716A-817D799FF83C</generatorID>
<ownerDesignName>Exp2_S5_Francisca_Aguilar</ownerDesignName>
<engineerTo>
<item key="468B83A5-64EA-4528-6A18-8277D0CE6593" value="true"/>
</engineerTo>
<referedAttribute>0157DB27-0DE2-7418-64D2-828B34A15C3B</referedAttribute>
<useDomainConstraints>false</useDomainConstraints>
<use>1</use>
<logicalDatatype>LOGDT019</logicalDatatype>
<dataTypePrecision>10</dataTypePrecision>
<ownDataTypeParameters>,,</ownDataTypeParameters>
</Attribute>
<Attribute name="codigo_inst" id="65BBBE4B-0D0C-3F94-7A55-AFFA17D24879">
<createdBy>fran_</createdBy>
<createdTime>2025-09-15 16:07:15 UTC</createdTime>
<generatorID>A98AB03D-1668-149E-6B80-5B1E953506FC</generatorID>
<ownerDesignName>Exp2_S5_Francisca_Aguilar</ownerDesignName>
<engineerTo>
<item key="468B83A5-64EA-4528-6A18-8277D0CE6593" value="true"/>
</engineerTo>
<referedAttribute>EEF393EC-D0AD-B3C6-BD78-3EDD59DC808C</referedAttribute>
<useDomainConstraints>false</useDomainConstraints>
<use>1</use>
<logicalDatatype>LOGDT019</logicalDatatype>
<dataTypePrecision>10</dataTypePrecision>
<ownDataTypeParameters>,,</ownDataTypeParameters>
</Attribute>
</attributes>
<identifiers itemClass="oracle.dbtools.crest.model.design.logical.CandidateKey">
<identifier id="30CB6881-1BFB-2DD7-E7A5-B5B7B602348A" name="MEDICO PK">
<createdBy>fran_</createdBy>
<createdTime>2025-09-15 11:53:42 UTC</createdTime>
<ownerDesignName>Exp2_S5_Francisca_Aguilar</ownerDesignName>
<shouldEngineer>false</shouldEngineer>
<engineerTo>
<item key="468B83A5-64EA-4528-6A18-8277D0CE6593" value="false"/>
</engineerTo>
<pk>true</pk>
<usedAttributes>
<attributeRef>AB476AF1-2EC2-69F7-B434-D09B5D5335FE</attributeRef>
</usedAttributes>
</identifier>
</identifiers>
</Entity>