<?xml version = '1.0' encoding = 'UTF-8'?>
<Entity class="oracle.dbtools.crest.model.design.logical.Entity" directorySegmentName="seg_0" id="85B5EF9B-6E06-18DC-F07F-D49A1D8A535D" name="REGION">
<createdBy>fran_</createdBy>
<createdTime>2025-09-15 12:05:06 UTC</createdTime>
<ownerDesignName>Exp2_S5_Francisca_Aguilar</ownerDesignName>
<engineerTo>
<item key="468B83A5-64EA-4528-6A18-8277D0CE6593" value="true"/>
</engineerTo>
<adequatelyNormalized>NO</adequatelyNormalized>
<expectedVolumes>0</expectedVolumes>
<fwdEngineeringStrategyName>Single Table</fwdEngineeringStrategyName>
<growthPercent>0</growthPercent>
<growthType>Year</growthType>
<maxVolumes>9999999</maxVolumes>
<minVolumes>0</minVolumes>
<normalForm>Third</normalForm>
<attributes itemClass="oracle.dbtools.crest.model.design.logical.Attribute">
<Attribute name="id_region" id="8583F399-E33D-A53D-C543-24E059A74159">
<createdBy>fran_</createdBy>
<createdTime>2025-09-15 12:05:20 UTC</createdTime>
<ownerDesignName>Exp2_S5_Francisca_Aguilar</ownerDesignName>
<engineerTo>
<item key="468B83A5-64EA-4528-6A18-8277D0CE6593" value="true"/>
</engineerTo>
<useDomainConstraints>false</useDomainConstraints>
<use>1</use>
<logicalDatatype>LOGDT019</logicalDatatype>
<dataTypePrecision>10</dataTypePrecision>
<ownDataTypeParameters>,10,</ownDataTypeParameters>
</Attribute>
<Attribute name="nom_region" id="F2FAF43D-926A-B7D4-602E-88156507841B">
<createdBy>fran_</createdBy>
<createdTime>2025-09-15 12:05:35 UTC</createdTime>
<ownerDesignName>Exp2_S5_Francisca_Aguilar</ownerDesignName>
<engineerTo>
<item key="468B83A5-64EA-4528-6A18-8277D0CE6593" value="true"/>
</engineerTo>
<useDomainConstraints>false</useDomainConstraints>
<use>1</use>
<logicalDatatype>LOGDT024</logicalDatatype>
<dataTypeSize>25</dataTypeSize>
<ownDataTypeParameters>25,,</ownDataTypeParameters>
</Attribute>
</attributes>
<identifiers itemClass="oracle.dbtools.crest.model.design.logical.CandidateKey">
<identifier id="5F853837-6B28-2443-F808-CC68FEFE6B7A" name="REGION PK">
<createdBy>fran_</createdBy>
<createdTime>2025-09-15 12:05:33 UTC</createdTime>
<ownerDesignName>Exp2_S5_Francisca_Aguilar</ownerDesignName>
<shouldEngineer>false</shouldEngineer>
<engineerTo>
<item key="468B83A5-64EA-4528-6A18-8277D0CE6593" value="false"/>
</engineerTo>
<pk>true</pk>
<usedAttributes>
<attributeRef>8583F399-E33D-A53D-C543-24E059A74159</attributeRef>
</usedAttributes>
</identifier>
<identifier id="67752048-21AB-9148-3FC9-B7B20506DB68" name="UK_REGION_NOMBRE_REGION">
<createdBy>fran_</createdBy>
<createdTime>2025-09-15 14:55:49 UTC</createdTime>
<ownerDesignName>Exp2_S5_Francisca_Aguilar</ownerDesignName>
<shouldEngineer>false</shouldEngineer>
<engineerTo>
<item key="468B83A5-64EA-4528-6A18-8277D0CE6593" value="false"/>
</engineerTo>
<newElementsIDs>F2FAF43D-926A-B7D4-602E-88156507841B</newElementsIDs>
<usedAttributes>
<attributeRef>F2FAF43D-926A-B7D4-602E-88156507841B</attributeRef>
</usedAttributes>
</identifier>
</identifiers>
</Entity>