<?xml version = '1.0' encoding = 'UTF-8'?>
<Entity class="oracle.dbtools.crest.model.design.logical.Entity" directorySegmentName="seg_0" id="BC8E06B8-0C90-E622-D012-827D2C305F85" name="AFP">
<createdBy>fran_</createdBy>
<createdTime>2025-09-15 12:34:14 UTC</createdTime>
<ownerDesignName>Exp2_S5_Francisca_Aguilar</ownerDesignName>
<engineerTo>
<item key="468B83A5-64EA-4528-6A18-8277D0CE6593" value="true"/>
</engineerTo>
<adequatelyNormalized>NO</adequatelyNormalized>
<expectedVolumes>0</expectedVolumes>
<fwdEngineeringStrategyName>Single Table</fwdEngineeringStrategyName>
<growthPercent>0</growthPercent>
<growthType>Year</growthType>
<maxVolumes>9999999</maxVolumes>
<minVolumes>0</minVolumes>
<normalForm>Third</normalForm>
<attributes itemClass="oracle.dbtools.crest.model.design.logical.Attribute">
<Attribute name="cod_afp" id="E50B4BF3-5FBA-0550-4CF6-794E03CABD24">
<createdBy>fran_</createdBy>
<createdTime>2025-09-15 12:34:26 UTC</createdTime>
<ownerDesignName>Exp2_S5_Francisca_Aguilar</ownerDesignName>
<engineerTo>
<item key="468B83A5-64EA-4528-6A18-8277D0CE6593" value="true"/>
</engineerTo>
<useDomainConstraints>false</useDomainConstraints>
<use>1</use>
<logicalDatatype>LOGDT019</logicalDatatype>
<dataTypePrecision>10</dataTypePrecision>
<ownDataTypeParameters>,10,</ownDataTypeParameters>
</Attribute>
<Attribute name="nom_afp" id="756A6B73-765A-A425-E290-22486CDE7C00">
<createdBy>fran_</createdBy>
<createdTime>2025-09-15 12:34:39 UTC</createdTime>
<ownerDesignName>Exp2_S5_Francisca_Aguilar</ownerDesignName>
<engineerTo>
<item key="468B83A5-64EA-4528-6A18-8277D0CE6593" value="true"/>
</engineerTo>
<useDomainConstraints>false</useDomainConstraints>
<use>1</use>
<logicalDatatype>LOGDT024</logicalDatatype>
<dataTypeSize>25</dataTypeSize>
<ownDataTypeParameters>25,,</ownDataTypeParameters>
</Attribute>
</attributes>
<identifiers itemClass="oracle.dbtools.crest.model.design.logical.CandidateKey">
<identifier id="BAC10329-D759-0A0E-CBB3-6FA75F009533" name="AFP PK">
<createdBy>fran_</createdBy>
<createdTime>2025-09-15 12:34:59 UTC</createdTime>
<ownerDesignName>Exp2_S5_Francisca_Aguilar</ownerDesignName>
<shouldEngineer>false</shouldEngineer>
<engineerTo>
<item key="468B83A5-64EA-4528-6A18-8277D0CE6593" value="false"/>
</engineerTo>
<pk>true</pk>
<usedAttributes>
<attributeRef>E50B4BF3-5FBA-0550-4CF6-794E03CABD24</attributeRef>
</usedAttributes>
</identifier>
<identifier id="ACD0821E-00EE-2D51-D978-421DD9EA2D98" name="UK_AFP_NOMBRE_AFP">
<createdBy>fran_</createdBy>
<createdTime>2025-09-15 15:18:14 UTC</createdTime>
<ownerDesignName>Exp2_S5_Francisca_Aguilar</ownerDesignName>
<shouldEngineer>false</shouldEngineer>
<engineerTo>
<item key="468B83A5-64EA-4528-6A18-8277D0CE6593" value="false"/>
</engineerTo>
<newElementsIDs>756A6B73-765A-A425-E290-22486CDE7C00</newElementsIDs>
<usedAttributes>
<attributeRef>756A6B73-765A-A425-E290-22486CDE7C00</attributeRef>
</usedAttributes>
</identifier>
</identifiers>
</Entity>