<?xml version = '1.0' encoding = 'UTF-8'?>
<Entity class="oracle.dbtools.crest.model.design.logical.Entity" directorySegmentName="seg_0" id="E3F35D78-27B3-C7EA-5085-3F52D1A068EB" name="ESPECIALIDAD">
<createdBy>fran_</createdBy>
<createdTime>2025-09-15 12:11:17 UTC</createdTime>
<ownerDesignName>Exp2_S5_Francisca_Aguilar</ownerDesignName>
<engineerTo>
<item key="468B83A5-64EA-4528-6A18-8277D0CE6593" value="true"/>
</engineerTo>
<adequatelyNormalized>NO</adequatelyNormalized>
<expectedVolumes>0</expectedVolumes>
<fwdEngineeringStrategyName>Single Table</fwdEngineeringStrategyName>
<growthPercent>0</growthPercent>
<growthType>Year</growthType>
<maxVolumes>9999999</maxVolumes>
<minVolumes>0</minVolumes>
<normalForm>Third</normalForm>
<attributes itemClass="oracle.dbtools.crest.model.design.logical.Attribute">
<Attribute name="id_esp" id="0157DB27-0DE2-7418-64D2-828B34A15C3B">
<createdBy>fran_</createdBy>
<createdTime>2025-09-15 12:11:29 UTC</createdTime>
<ownerDesignName>Exp2_S5_Francisca_Aguilar</ownerDesignName>
<engineerTo>
<item key="468B83A5-64EA-4528-6A18-8277D0CE6593" value="true"/>
</engineerTo>
<useDomainConstraints>false</useDomainConstraints>
<use>1</use>
<logicalDatatype>LOGDT019</logicalDatatype>
<dataTypePrecision>10</dataTypePrecision>
<ownDataTypeParameters>,10,</ownDataTypeParameters>
</Attribute>
<Attribute name="nom_esp" id="5AD6CDE7-B312-0307-DD10-9EC254D9192A">
<createdBy>fran_</createdBy>
<createdTime>2025-09-15 12:11:55 UTC</createdTime>
<ownerDesignName>Exp2_S5_Francisca_Aguilar</ownerDesignName>
<engineerTo>
<item key="468B83A5-64EA-4528-6A18-8277D0CE6593" value="true"/>
</engineerTo>
<useDomainConstraints>false</useDomainConstraints>
<use>1</use>
<logicalDatatype>LOGDT024</logicalDatatype>
<dataTypeSize>20</dataTypeSize>
<ownDataTypeParameters>20,,</ownDataTypeParameters>
</Attribute>
</attributes>
<identifiers itemClass="oracle.dbtools.crest.model.design.logical.CandidateKey">
<identifier id="57108440-0A63-27B1-EFDC-E2ECB9443847" name="ESPECIALIDAD PK">
<createdBy>fran_</createdBy>
<createdTime>2025-09-15 14:20:58 UTC</createdTime>
<ownerDesignName>Exp2_S5_Francisca_Aguilar</ownerDesignName>
<shouldEngineer>false</shouldEngineer>
<engineerTo>
<item key="468B83A5-64EA-4528-6A18-8277D0CE6593" value="false"/>
</engineerTo>
<pk>true</pk>
<usedAttributes>
<attributeRef>0157DB27-0DE2-7418-64D2-828B34A15C3B</attributeRef>
</usedAttributes>
</identifier>
<identifier id="186BF35B-00A4-2DA7-83ED-B74AFE2EB679" name="UK_ESPECIALIDAD_NOMBRE_ESP">
<createdBy>fran_</createdBy>
<createdTime>2025-09-15 22:09:53 UTC</createdTime>
<ownerDesignName>Exp2_S5_Francisca_Aguilar</ownerDesignName>
<shouldEngineer>false</shouldEngineer>
<engineerTo>
<item key="468B83A5-64EA-4528-6A18-8277D0CE6593" value="false"/>
</engineerTo>
<newElementsIDs>5AD6CDE7-B312-0307-DD10-9EC254D9192A</newElementsIDs>
<usedAttributes>
<attributeRef>5AD6CDE7-B312-0307-DD10-9EC254D9192A</attributeRef>
</usedAttributes>
</identifier>
</identifiers>
</Entity>