<?xml version = '1.0' encoding = 'UTF-8'?>
<Entity class="oracle.dbtools.crest.model.design.logical.Entity" directorySegmentName="seg_0" id="1CE7E688-E00E-42E9-0FD2-A93E00828162" name="TECNICO_MANTENCION">
<createdBy>fran_</createdBy>
<createdTime>2025-10-12 14:00:55 UTC</createdTime>
<ownerDesignName>EFT_S9_Francisca_Aguilar</ownerDesignName>
<engineerTo>
<item key="F4188C02-A745-2EC0-714C-98B733559253" value="true"/>
</engineerTo>
<adequatelyNormalized>NO</adequatelyNormalized>
<expectedVolumes>0</expectedVolumes>
<fwdEngineeringStrategyName>Single Table</fwdEngineeringStrategyName>
<growthPercent>0</growthPercent>
<growthType>Year</growthType>
<hierarchicalParent>97C4F653-1D84-5ED3-4976-8B5B57B1A504</hierarchicalParent>
<maxVolumes>9999999</maxVolumes>
<minVolumes>0</minVolumes>
<normalForm>Third</normalForm>
<attributes itemClass="oracle.dbtools.crest.model.design.logical.Attribute">
<Attribute name="especialiad_tec" id="AA7914F7-FB68-BFF8-AD43-46D7E63322A9">
<createdBy>fran_</createdBy>
<createdTime>2025-10-12 14:01:08 UTC</createdTime>
<ownerDesignName>EFT_S9_Francisca_Aguilar</ownerDesignName>
<engineerTo>
<item key="F4188C02-A745-2EC0-714C-98B733559253" value="true"/>
</engineerTo>
<useDomainConstraints>false</useDomainConstraints>
<use>1</use>
<logicalDatatype>LOGDT024</logicalDatatype>
<dataTypeSize>25</dataTypeSize>
<ownDataTypeParameters>25,,</ownDataTypeParameters>
</Attribute>
<Attribute name="certificado_tec" id="80194790-9A18-48F3-EC7A-3989F000E9D9">
<createdBy>fran_</createdBy>
<createdTime>2025-10-12 14:01:35 UTC</createdTime>
<ownerDesignName>EFT_S9_Francisca_Aguilar</ownerDesignName>
<engineerTo>
<item key="F4188C02-A745-2EC0-714C-98B733559253" value="true"/>
</engineerTo>
<nullsAllowed>true</nullsAllowed>
<useDomainConstraints>false</useDomainConstraints>
<use>1</use>
<logicalDatatype>LOGDT024</logicalDatatype>
<dataTypeSize>25</dataTypeSize>
<ownDataTypeParameters>25,,</ownDataTypeParameters>
</Attribute>
<Attribute name="tiempo_respuesta" id="1A3A9561-2042-652A-964C-D1A95613EAB5">
<createdBy>fran_</createdBy>
<createdTime>2025-10-12 14:01:56 UTC</createdTime>
<ownerDesignName>EFT_S9_Francisca_Aguilar</ownerDesignName>
<engineerTo>
<item key="F4188C02-A745-2EC0-714C-98B733559253" value="true"/>
</engineerTo>
<useDomainConstraints>false</useDomainConstraints>
<use>1</use>
<logicalDatatype>LOGDT019</logicalDatatype>
<dataTypePrecision>2</dataTypePrecision>
<ownDataTypeParameters>,2,</ownDataTypeParameters>
</Attribute>
<Attribute name="id_salud" id="FC55B259-4B02-36D8-AB5A-EAC57EDAC49F">
<createdBy>fran_</createdBy>
<createdTime>2025-10-12 14:09:42 UTC</createdTime>
<generatorID>82087139-C63A-2366-9C29-32330F80F8F3</generatorID>
<ownerDesignName>EFT_S9_Francisca_Aguilar</ownerDesignName>
<engineerTo>
<item key="F4188C02-A745-2EC0-714C-98B733559253" value="true"/>
</engineerTo>
<referedAttribute>3DA99FA2-8011-E604-7340-765BAAE1A973</referedAttribute>
<useDomainConstraints>false</useDomainConstraints>
<use>1</use>
<logicalDatatype>LOGDT019</logicalDatatype>
<dataTypePrecision>5</dataTypePrecision>
<ownDataTypeParameters>,,</ownDataTypeParameters>
</Attribute>
</attributes>
</Entity>