<?xml version = '1.0' encoding = 'UTF-8'?>
<Entity class="oracle.dbtools.crest.model.design.logical.Entity" directorySegmentName="seg_0" id="763EB56A-C834-C0F3-93F8-A103CED358D0" name="DOTACION">
<createdBy>fran_</createdBy>
<createdTime>2025-10-12 13:52:01 UTC</createdTime>
<ownerDesignName>EFT_S9_Francisca_Aguilar</ownerDesignName>
<engineerTo>
<item key="F4188C02-A745-2EC0-714C-98B733559253" value="true"/>
</engineerTo>
<adequatelyNormalized>NO</adequatelyNormalized>
<expectedVolumes>0</expectedVolumes>
<fwdEngineeringStrategyName>Single Table</fwdEngineeringStrategyName>
<growthPercent>0</growthPercent>
<growthType>Year</growthType>
<maxVolumes>9999999</maxVolumes>
<minVolumes>0</minVolumes>
<normalForm>Third</normalForm>
<attributes itemClass="oracle.dbtools.crest.model.design.logical.Attribute">
<Attribute name="fecha_turno " id="A8117030-8FEC-696B-9988-941FE98D5785">
<createdBy>fran_</createdBy>
<createdTime>2025-10-12 13:52:11 UTC</createdTime>
<ownerDesignName>EFT_S9_Francisca_Aguilar</ownerDesignName>
<engineerTo>
<item key="F4188C02-A745-2EC0-714C-98B733559253" value="true"/>
</engineerTo>
<useDomainConstraints>false</useDomainConstraints>
<use>1</use>
<logicalDatatype>LOGDT007</logicalDatatype>
<ownDataTypeParameters>,,</ownDataTypeParameters>
</Attribute>
<Attribute name="cod_mantencion" id="EF79E6D0-B915-5F6C-3A76-60677CF0B60C">
<createdBy>fran_</createdBy>
<createdTime>2025-10-12 14:08:23 UTC</createdTime>
<generatorID>6C4B3EE5-B652-9125-0CC9-5D1B90E3CA04</generatorID>
<ownerDesignName>EFT_S9_Francisca_Aguilar</ownerDesignName>
<engineerTo>
<item key="F4188C02-A745-2EC0-714C-98B733559253" value="true"/>
</engineerTo>
<referedAttribute>77FB48B8-915B-F6F3-8794-24B0F366F570</referedAttribute>
<useDomainConstraints>false</useDomainConstraints>
<use>1</use>
<logicalDatatype>LOGDT024</logicalDatatype>
<dataTypeSize>25</dataTypeSize>
<ownDataTypeParameters>,,</ownDataTypeParameters>
</Attribute>
<Attribute name="id_turno" id="6B9DD208-3E7E-D3BB-83A1-90C5A41C65B4">
<createdBy>fran_</createdBy>
<createdTime>2025-10-12 14:08:54 UTC</createdTime>
<generatorID>CA916D90-7758-C9D7-2BDF-FEE59075D4BD</generatorID>
<ownerDesignName>EFT_S9_Francisca_Aguilar</ownerDesignName>
<engineerTo>
<item key="F4188C02-A745-2EC0-714C-98B733559253" value="true"/>
</engineerTo>
<referedAttribute>8F7E38A5-871C-AF39-C43E-E0FB3B673E9A</referedAttribute>
<useDomainConstraints>false</useDomainConstraints>
<use>1</use>
<logicalDatatype>LOGDT024</logicalDatatype>
<dataTypeSize>5</dataTypeSize>
<ownDataTypeParameters>,,</ownDataTypeParameters>
</Attribute>
<Attribute name="cod_personal" id="11EC3767-EE37-9061-6AA0-CD88C1B4444B">
<createdBy>fran_</createdBy>
<createdTime>2025-10-12 14:09:01 UTC</createdTime>
<generatorID>CABBE078-3468-2813-A347-4A9802553813</generatorID>
<ownerDesignName>EFT_S9_Francisca_Aguilar</ownerDesignName>
<engineerTo>
<item key="F4188C02-A745-2EC0-714C-98B733559253" value="true"/>
</engineerTo>
<referedAttribute>11E0979F-8AB8-C5E8-01BD-699DD8D644A9</referedAttribute>
<useDomainConstraints>false</useDomainConstraints>
<use>1</use>
<logicalDatatype>LOGDT019</logicalDatatype>
<dataTypePrecision>5</dataTypePrecision>
<ownDataTypeParameters>,,</ownDataTypeParameters>
</Attribute>
</attributes>
<identifiers itemClass="oracle.dbtools.crest.model.design.logical.CandidateKey">
<identifier id="117F16CE-324C-DB8F-7316-8CFDEB625FF1" name="DOTACION PK">
<createdBy>fran_</createdBy>
<createdTime>2025-10-12 14:09:26 UTC</createdTime>
<ownerDesignName>EFT_S9_Francisca_Aguilar</ownerDesignName>
<shouldEngineer>false</shouldEngineer>
<engineerTo>
<item key="F4188C02-A745-2EC0-714C-98B733559253" value="false"/>
</engineerTo>
<pk>true</pk>
<usedAttributes>
<attributeRef>EF79E6D0-B915-5F6C-3A76-60677CF0B60C</attributeRef>
<attributeRef>6B9DD208-3E7E-D3BB-83A1-90C5A41C65B4</attributeRef>
<attributeRef>11EC3767-EE37-9061-6AA0-CD88C1B4444B</attributeRef>
</usedAttributes>
</identifier>
</identifiers>
</Entity>