<?xml version = '1.0' encoding = 'UTF-8'?>
<Entity class="oracle.dbtools.crest.model.design.logical.Entity" directorySegmentName="seg_0" id="8EA6E530-B51D-3148-32AF-01CAE2DB60FB" name="AFP">
<createdBy>fran_</createdBy>
<createdTime>2025-10-12 13:57:04 UTC</createdTime>
<ownerDesignName>EFT_S9_Francisca_Aguilar</ownerDesignName>
<engineerTo>
<item key="F4188C02-A745-2EC0-714C-98B733559253" value="true"/>
</engineerTo>
<adequatelyNormalized>NO</adequatelyNormalized>
<expectedVolumes>0</expectedVolumes>
<fwdEngineeringStrategyName>Single Table</fwdEngineeringStrategyName>
<growthPercent>0</growthPercent>
<growthType>Year</growthType>
<maxVolumes>9999999</maxVolumes>
<minVolumes>0</minVolumes>
<normalForm>Third</normalForm>
<attributes itemClass="oracle.dbtools.crest.model.design.logical.Attribute">
<Attribute name="id_afp" id="7A0205AB-FD2A-E53A-E584-4DE490C8B2C9">
<createdBy>fran_</createdBy>
<createdTime>2025-10-12 13:57:10 UTC</createdTime>
<ownerDesignName>EFT_S9_Francisca_Aguilar</ownerDesignName>
<engineerTo>
<item key="F4188C02-A745-2EC0-714C-98B733559253" value="true"/>
</engineerTo>
<useDomainConstraints>false</useDomainConstraints>
<use>1</use>
<logicalDatatype>LOGDT019</logicalDatatype>
<dataTypePrecision>5</dataTypePrecision>
<ownDataTypeParameters>,5,</ownDataTypeParameters>
</Attribute>
<Attribute name="nom_afp" id="8B817A3C-55B1-F11C-F08B-0C0F7675E24B">
<createdBy>fran_</createdBy>
<createdTime>2025-10-12 13:57:41 UTC</createdTime>
<ownerDesignName>EFT_S9_Francisca_Aguilar</ownerDesignName>
<engineerTo>
<item key="F4188C02-A745-2EC0-714C-98B733559253" value="true"/>
</engineerTo>
<useDomainConstraints>false</useDomainConstraints>
<use>1</use>
<logicalDatatype>LOGDT024</logicalDatatype>
<dataTypeSize>25</dataTypeSize>
<ownDataTypeParameters>25,,</ownDataTypeParameters>
</Attribute>
</attributes>
<identifiers itemClass="oracle.dbtools.crest.model.design.logical.CandidateKey">
<identifier id="CCCD7565-6C62-DF6A-E408-78A2E76A2F9C" name="AFP PK">
<createdBy>fran_</createdBy>
<createdTime>2025-10-12 13:57:39 UTC</createdTime>
<ownerDesignName>EFT_S9_Francisca_Aguilar</ownerDesignName>
<shouldEngineer>false</shouldEngineer>
<engineerTo>
<item key="F4188C02-A745-2EC0-714C-98B733559253" value="false"/>
</engineerTo>
<pk>true</pk>
<usedAttributes>
<attributeRef>7A0205AB-FD2A-E53A-E584-4DE490C8B2C9</attributeRef>
</usedAttributes>
</identifier>
</identifiers>
</Entity>