<?xml version = '1.0' encoding = 'UTF-8'?>
<Entity class="oracle.dbtools.crest.model.design.logical.Entity" directorySegmentName="seg_0" id="DEBB0518-231C-E548-CDC8-BBD3BE78933B" name="SISTEMA_SALUD">
<createdBy>fran_</createdBy>
<createdTime>2025-10-12 14:02:26 UTC</createdTime>
<ownerDesignName>EFT_S9_Francisca_Aguilar</ownerDesignName>
<engineerTo>
<item key="F4188C02-A745-2EC0-714C-98B733559253" value="true"/>
</engineerTo>
<adequatelyNormalized>NO</adequatelyNormalized>
<expectedVolumes>0</expectedVolumes>
<fwdEngineeringStrategyName>Single Table</fwdEngineeringStrategyName>
<growthPercent>0</growthPercent>
<growthType>Year</growthType>
<maxVolumes>9999999</maxVolumes>
<minVolumes>0</minVolumes>
<normalForm>Third</normalForm>
<attributes itemClass="oracle.dbtools.crest.model.design.logical.Attribute">
<Attribute name="id_salud" id="3DA99FA2-8011-E604-7340-765BAAE1A973">
<createdBy>fran_</createdBy>
<createdTime>2025-10-12 14:02:40 UTC</createdTime>
<ownerDesignName>EFT_S9_Francisca_Aguilar</ownerDesignName>
<engineerTo>
<item key="F4188C02-A745-2EC0-714C-98B733559253" value="true"/>
</engineerTo>
<useDomainConstraints>false</useDomainConstraints>
<use>1</use>
<logicalDatatype>LOGDT019</logicalDatatype>
<dataTypePrecision>5</dataTypePrecision>
<ownDataTypeParameters>,5,</ownDataTypeParameters>
</Attribute>
<Attribute name="nom_salud" id="BDB1A517-2F77-53A6-122C-574EBCD583BF">
<createdBy>fran_</createdBy>
<createdTime>2025-10-12 14:03:01 UTC</createdTime>
<ownerDesignName>EFT_S9_Francisca_Aguilar</ownerDesignName>
<engineerTo>
<item key="F4188C02-A745-2EC0-714C-98B733559253" value="true"/>
</engineerTo>
<useDomainConstraints>false</useDomainConstraints>
<use>1</use>
<logicalDatatype>LOGDT024</logicalDatatype>
<dataTypeSize>25</dataTypeSize>
<ownDataTypeParameters>25,,</ownDataTypeParameters>
</Attribute>
</attributes>
<identifiers itemClass="oracle.dbtools.crest.model.design.logical.CandidateKey">
<identifier id="4DE8C1D5-C97C-DA52-A02B-8FB2C8963ACB" name="SISTEMA_SALUD PK">
<createdBy>fran_</createdBy>
<createdTime>2025-10-12 14:03:00 UTC</createdTime>
<ownerDesignName>EFT_S9_Francisca_Aguilar</ownerDesignName>
<shouldEngineer>false</shouldEngineer>
<engineerTo>
<item key="F4188C02-A745-2EC0-714C-98B733559253" value="false"/>
</engineerTo>
<pk>true</pk>
<usedAttributes>
<attributeRef>3DA99FA2-8011-E604-7340-765BAAE1A973</attributeRef>
</usedAttributes>
</identifier>
</identifiers>
</Entity>