<?xml version = '1.0' encoding = 'UTF-8'?>
<Entity class="oracle.dbtools.crest.model.design.logical.Entity" directorySegmentName="seg_0" id="E2D32A55-2356-6302-7119-DEF52503FBD5" name="COMUNA">
<createdBy>fran_</createdBy>
<createdTime>2025-10-12 13:39:34 UTC</createdTime>
<ownerDesignName>EFT_S9_Francisca_Aguilar</ownerDesignName>
<engineerTo>
<item key="F4188C02-A745-2EC0-714C-98B733559253" value="true"/>
</engineerTo>
<adequatelyNormalized>NO</adequatelyNormalized>
<expectedVolumes>0</expectedVolumes>
<fwdEngineeringStrategyName>Single Table</fwdEngineeringStrategyName>
<growthPercent>0</growthPercent>
<growthType>Year</growthType>
<maxVolumes>9999999</maxVolumes>
<minVolumes>0</minVolumes>
<normalForm>Third</normalForm>
<attributes itemClass="oracle.dbtools.crest.model.design.logical.Attribute">
<Attribute name="id_comuna" id="8AF39955-46A4-FD4A-D94A-0A6F120C01CE">
<createdBy>fran_</createdBy>
<createdTime>2025-10-12 13:39:40 UTC</createdTime>
<ownerDesignName>EFT_S9_Francisca_Aguilar</ownerDesignName>
<engineerTo>
<item key="F4188C02-A745-2EC0-714C-98B733559253" value="true"/>
</engineerTo>
<useDomainConstraints>false</useDomainConstraints>
<use>1</use>
<logicalDatatype>LOGDT019</logicalDatatype>
<dataTypePrecision>5</dataTypePrecision>
<ownDataTypeParameters>,5,</ownDataTypeParameters>
</Attribute>
<Attribute name="nom_comuna" id="F85EACAD-6BDF-FCBC-05AE-B947ED6377B1">
<createdBy>fran_</createdBy>
<createdTime>2025-10-12 13:39:57 UTC</createdTime>
<ownerDesignName>EFT_S9_Francisca_Aguilar</ownerDesignName>
<engineerTo>
<item key="F4188C02-A745-2EC0-714C-98B733559253" value="true"/>
</engineerTo>
<useDomainConstraints>false</useDomainConstraints>
<use>1</use>
<logicalDatatype>LOGDT024</logicalDatatype>
<dataTypeSize>20</dataTypeSize>
<ownDataTypeParameters>20,,</ownDataTypeParameters>
</Attribute>
<Attribute name="id_region" id="75FE58D7-C3F2-ED96-D38A-8334E1C111B6">
<createdBy>fran_</createdBy>
<createdTime>2025-10-12 14:07:25 UTC</createdTime>
<generatorID>CF26CECC-3C24-8C77-9E81-F9C507785F56</generatorID>
<ownerDesignName>EFT_S9_Francisca_Aguilar</ownerDesignName>
<engineerTo>
<item key="F4188C02-A745-2EC0-714C-98B733559253" value="true"/>
</engineerTo>
<referedAttribute>932D6FDA-B31F-CCF7-91D0-ACA9E3E1C707</referedAttribute>
<useDomainConstraints>false</useDomainConstraints>
<use>1</use>
<logicalDatatype>LOGDT019</logicalDatatype>
<dataTypePrecision>5</dataTypePrecision>
<ownDataTypeParameters>,,</ownDataTypeParameters>
</Attribute>
</attributes>
<identifiers itemClass="oracle.dbtools.crest.model.design.logical.CandidateKey">
<identifier id="0C090AA7-D556-B2FC-791B-82AB02C4503E" name="COMUNA PK">
<createdBy>fran_</createdBy>
<createdTime>2025-10-12 13:40:02 UTC</createdTime>
<ownerDesignName>EFT_S9_Francisca_Aguilar</ownerDesignName>
<shouldEngineer>false</shouldEngineer>
<engineerTo>
<item key="F4188C02-A745-2EC0-714C-98B733559253" value="false"/>
</engineerTo>
<pk>true</pk>
<usedAttributes>
<attributeRef>8AF39955-46A4-FD4A-D94A-0A6F120C01CE</attributeRef>
</usedAttributes>
</identifier>
</identifiers>
</Entity>