<?xml version = '1.0' encoding = 'UTF-8'?>
<relationalModel class="oracle.dbtools.crest.model.design.relational.RelationalDesign" name="Relational_1" id="F1B41D38-F67B-F816-0B03-884CB245C0D7" mainViewID="6C7090ED-E164-DB59-D1E4-38DBCF499A58">
<createdBy>fran_</createdBy>
<createdTime>2025-08-17 15:22:03 UTC</createdTime>
<ownerDesignName>Exp1_S1_grupo_6</ownerDesignName>
<shouldBeOpen>false</shouldBeOpen>
<selectedRDBMSSite>32076570-2523-435C-2E92-BF29817DFF70</selectedRDBMSSite>
</relationalModel>