<?xml version = '1.0' encoding = 'UTF-8'?>
<Entity class="oracle.dbtools.crest.model.design.logical.Entity" directorySegmentName="seg_0" id="DED95FAB-F550-B78B-23DD-A2EF7B7DD752" name="HABITACION">
<createdBy>fran_</createdBy>
<createdTime>2025-08-31 22:28:21 UTC</createdTime>
<ownerDesignName>Exp1_S3_Francisca_Aguilar</ownerDesignName>
<engineerTo>
<item key="D66B9A21-A7B8-A87C-44F1-46D4028F16C5" value="true"/>
</engineerTo>
<adequatelyNormalized>NO</adequatelyNormalized>
<expectedVolumes>0</expectedVolumes>
<fwdEngineeringStrategyName>Single Table</fwdEngineeringStrategyName>
<growthPercent>0</growthPercent>
<growthType>Year</growthType>
<maxVolumes>9999999</maxVolumes>
<minVolumes>0</minVolumes>
<normalForm>Third</normalForm>
<attributes itemClass="oracle.dbtools.crest.model.design.logical.Attribute">
<Attribute name="num_habitacion" id="798B6BE0-1872-0A23-C7D8-9B06D0963188">
<createdBy>fran_</createdBy>
<createdTime>2025-08-31 22:28:55 UTC</createdTime>
<ownerDesignName>Exp1_S3_Francisca_Aguilar</ownerDesignName>
<engineerTo>
<item key="D66B9A21-A7B8-A87C-44F1-46D4028F16C5" value="true"/>
</engineerTo>
<useDomainConstraints>false</useDomainConstraints>
<use>1</use>
<logicalDatatype>LOGDT019</logicalDatatype>
<dataTypePrecision>3</dataTypePrecision>
<ownDataTypeParameters>,3,</ownDataTypeParameters>
</Attribute>
<Attribute name="tipo_habitacion" id="4D3F3E37-FC6E-1ECA-A196-56D8963F51CD">
<createdBy>fran_</createdBy>
<createdTime>2025-08-31 22:29:20 UTC</createdTime>
<ownerDesignName>Exp1_S3_Francisca_Aguilar</ownerDesignName>
<engineerTo>
<item key="D66B9A21-A7B8-A87C-44F1-46D4028F16C5" value="true"/>
</engineerTo>
<useDomainConstraints>false</useDomainConstraints>
<use>1</use>
<logicalDatatype>LOGDT024</logicalDatatype>
<dataTypeSize>25</dataTypeSize>
<ownDataTypeParameters>25,,</ownDataTypeParameters>
</Attribute>
<Attribute name="id_residencia" id="16E26C1F-F0B8-A35F-8FE6-C14A4FA1BD17">
<createdBy>fran_</createdBy>
<createdTime>2025-09-01 01:55:48 UTC</createdTime>
<generatorID>CABF43C8-A314-407E-F80A-90CE33CA8B28</generatorID>
<ownerDesignName>Exp1_S3_Francisca_Aguilar</ownerDesignName>
<engineerTo>
<item key="D66B9A21-A7B8-A87C-44F1-46D4028F16C5" value="true"/>
</engineerTo>
<referedAttribute>07B856C0-3DFA-EFED-071A-430B65277539</referedAttribute>
<useDomainConstraints>false</useDomainConstraints>
<use>1</use>
<logicalDatatype>LOGDT019</logicalDatatype>
<dataTypePrecision>10</dataTypePrecision>
<ownDataTypeParameters>,,</ownDataTypeParameters>
</Attribute>
<Attribute name="rut_residente" id="7C1637FE-B444-5993-7034-C532781B8740">
<createdBy>fran_</createdBy>
<createdTime>2025-09-01 15:12:07 UTC</createdTime>
<generatorID>A928FC6B-FC23-8117-7431-B8692F21D0A7</generatorID>
<ownerDesignName>Exp1_S3_Francisca_Aguilar</ownerDesignName>
<engineerTo>
<item key="D66B9A21-A7B8-A87C-44F1-46D4028F16C5" value="true"/>
</engineerTo>
<referedAttribute>E9D818E8-C688-7C7E-098A-00B3AD406E24</referedAttribute>
<useDomainConstraints>false</useDomainConstraints>
<use>1</use>
<logicalDatatype>LOGDT024</logicalDatatype>
<dataTypeSize>10</dataTypeSize>
<ownDataTypeParameters>,,</ownDataTypeParameters>
</Attribute>
</attributes>
<identifiers itemClass="oracle.dbtools.crest.model.design.logical.CandidateKey">
<identifier id="B428C2AA-A02D-90FE-4963-C49D07C02EEF" name="HABITACION PK">
<createdBy>fran_</createdBy>
<createdTime>2025-09-01 01:56:15 UTC</createdTime>
<ownerDesignName>Exp1_S3_Francisca_Aguilar</ownerDesignName>
<engineerTo>
<item key="D66B9A21-A7B8-A87C-44F1-46D4028F16C5" value="true"/>
</engineerTo>
<pk>true</pk>
<usedAttributes>
<attributeRef>798B6BE0-1872-0A23-C7D8-9B06D0963188</attributeRef>
</usedAttributes>
</identifier>
</identifiers>
</Entity>
