<?xml version = '1.0' encoding = 'UTF-8'?>
<Entity class="oracle.dbtools.crest.model.design.logical.Entity" directorySegmentName="seg_0" id="EC38E98E-D6BC-D8D2-B92C-357FF7F9B069" name="RESIDENTE">
<createdBy>fran_</createdBy>
<createdTime>2025-08-31 22:23:01 UTC</createdTime>
<ownerDesignName>Exp1_S3_Francisca_Aguilar</ownerDesignName>
<engineerTo>
<item key="D66B9A21-A7B8-A87C-44F1-46D4028F16C5" value="true"/>
</engineerTo>
<adequatelyNormalized>NO</adequatelyNormalized>
<expectedVolumes>0</expectedVolumes>
<fwdEngineeringStrategyName>Single Table</fwdEngineeringStrategyName>
<growthPercent>0</growthPercent>
<growthType>Year</growthType>
<maxVolumes>9999999</maxVolumes>
<minVolumes>0</minVolumes>
<normalForm>Third</normalForm>
<attributes itemClass="oracle.dbtools.crest.model.design.logical.Attribute">
<Attribute name="rut_residente" id="E9D818E8-C688-7C7E-098A-00B3AD406E24">
<createdBy>fran_</createdBy>
<createdTime>2025-08-31 22:23:15 UTC</createdTime>
<ownerDesignName>Exp1_S3_Francisca_Aguilar</ownerDesignName>
<engineerTo>
<item key="D66B9A21-A7B8-A87C-44F1-46D4028F16C5" value="true"/>
</engineerTo>
<useDomainConstraints>false</useDomainConstraints>
<use>1</use>
<logicalDatatype>LOGDT024</logicalDatatype>
<dataTypeSize>10</dataTypeSize>
<ownDataTypeParameters>10,,</ownDataTypeParameters>
</Attribute>
<Attribute name="nombre_completo" id="CEE8BE17-EB75-AE0C-EF6E-96962AAC85B7">
<createdBy>fran_</createdBy>
<createdTime>2025-08-31 22:23:39 UTC</createdTime>
<ownerDesignName>Exp1_S3_Francisca_Aguilar</ownerDesignName>
<engineerTo>
<item key="D66B9A21-A7B8-A87C-44F1-46D4028F16C5" value="true"/>
</engineerTo>
<useDomainConstraints>false</useDomainConstraints>
<use>1</use>
<logicalDatatype>LOGDT024</logicalDatatype>
<dataTypeSize>35</dataTypeSize>
<ownDataTypeParameters>35,,</ownDataTypeParameters>
</Attribute>
<Attribute name="edad" id="D133E4DA-8F0A-3454-A13F-A05D18C15C82">
<createdBy>fran_</createdBy>
<createdTime>2025-08-31 22:24:00 UTC</createdTime>
<ownerDesignName>Exp1_S3_Francisca_Aguilar</ownerDesignName>
<engineerTo>
<item key="D66B9A21-A7B8-A87C-44F1-46D4028F16C5" value="true"/>
</engineerTo>
<useDomainConstraints>false</useDomainConstraints>
<use>1</use>
<logicalDatatype>LOGDT007</logicalDatatype>
<ownDataTypeParameters>,,</ownDataTypeParameters>
</Attribute>
<Attribute name="autonomia" id="55BBDEE6-B362-1F0E-38DA-1A02FF7CC054">
<createdBy>fran_</createdBy>
<createdTime>2025-08-31 22:26:13 UTC</createdTime>
<ownerDesignName>Exp1_S3_Francisca_Aguilar</ownerDesignName>
<engineerTo>
<item key="D66B9A21-A7B8-A87C-44F1-46D4028F16C5" value="true"/>
</engineerTo>
<useDomainConstraints>false</useDomainConstraints>
<use>1</use>
<logicalDatatype>LOGDT024</logicalDatatype>
<dataTypeSize>15</dataTypeSize>
<ownDataTypeParameters>15,,</ownDataTypeParameters>
</Attribute>
<Attribute name="rut_apo" id="E664A69F-5CAB-4A25-CE0D-4AC8409C2243">
<createdBy>fran_</createdBy>
<createdTime>2025-09-01 01:36:16 UTC</createdTime>
<generatorID>D6216BEA-2B18-B7E6-97B2-DC34C2166C10</generatorID>
<ownerDesignName>Exp1_S3_Francisca_Aguilar</ownerDesignName>
<engineerTo>
<item key="D66B9A21-A7B8-A87C-44F1-46D4028F16C5" value="true"/>
</engineerTo>
<referedAttribute>CC80B8D7-7148-A562-E7E7-71E6B17551C7</referedAttribute>
<useDomainConstraints>false</useDomainConstraints>
<use>1</use>
<logicalDatatype>LOGDT024</logicalDatatype>
<dataTypeSize>10</dataTypeSize>
<ownDataTypeParameters>,,</ownDataTypeParameters>
</Attribute>
<Attribute name="num_habitacion" id="11A7FA3A-3775-369F-193E-977726ABC725">
<createdBy>fran_</createdBy>
<createdTime>2025-09-01 15:02:36 UTC</createdTime>
<generatorID>A928FC6B-FC23-8117-7431-B8692F21D0A7</generatorID>
<ownerDesignName>Exp1_S3_Francisca_Aguilar</ownerDesignName>
<engineerTo>
<item key="D66B9A21-A7B8-A87C-44F1-46D4028F16C5" value="true"/>
</engineerTo>
<referedAttribute>798B6BE0-1872-0A23-C7D8-9B06D0963188</referedAttribute>
<useDomainConstraints>false</useDomainConstraints>
<use>1</use>
<logicalDatatype>LOGDT019</logicalDatatype>
<dataTypePrecision>3</dataTypePrecision>
<ownDataTypeParameters>,,</ownDataTypeParameters>
</Attribute>
<Attribute name="id_contrato" id="7A9B2882-C4EE-3411-BF4A-1DECD383A7F5">
<createdBy>fran_</createdBy>
<createdTime>2025-09-01 15:08:29 UTC</createdTime>
<generatorID>D5AD539D-DBB6-92D4-5544-D2927012D484</generatorID>
<ownerDesignName>Exp1_S3_Francisca_Aguilar</ownerDesignName>
<engineerTo>
<item key="D66B9A21-A7B8-A87C-44F1-46D4028F16C5" value="true"/>
</engineerTo>
<referedAttribute>1267A09A-0B1B-1C1F-4899-A0273F039B31</referedAttribute>
<useDomainConstraints>false</useDomainConstraints>
<use>1</use>
<logicalDatatype>LOGDT019</logicalDatatype>
<dataTypePrecision>3</dataTypePrecision>
<ownDataTypeParameters>,,</ownDataTypeParameters>
</Attribute>
</attributes>
<identifiers itemClass="oracle.dbtools.crest.model.design.logical.CandidateKey">
<identifier id="C94C58B0-3257-6EA5-F234-0588A397B5E9" name="RESIDENTE PK">
<createdBy>fran_</createdBy>
<createdTime>2025-08-31 22:23:37 UTC</createdTime>
<ownerDesignName>Exp1_S3_Francisca_Aguilar</ownerDesignName>
<engineerTo>
<item key="D66B9A21-A7B8-A87C-44F1-46D4028F16C5" value="true"/>
</engineerTo>
<pk>true</pk>
<usedAttributes>
<attributeRef>E9D818E8-C688-7C7E-098A-00B3AD406E24</attributeRef>
</usedAttributes>
</identifier>
</identifiers>
</Entity>
