<?xml version = '1.0' encoding = 'UTF-8'?>
<Entity class="oracle.dbtools.crest.model.design.logical.Entity" directorySegmentName="seg_0" id="FC1DD612-2A71-8B0E-C8CD-91A9D0FC1B1B" name="APODERADO">
<createdBy>fran_</createdBy>
<createdTime>2025-09-01 01:29:08 UTC</createdTime>
<ownerDesignName>Exp1_S3_Francisca_Aguilar</ownerDesignName>
<engineerTo>
<item key="D66B9A21-A7B8-A87C-44F1-46D4028F16C5" value="true"/>
</engineerTo>
<adequatelyNormalized>NO</adequatelyNormalized>
<expectedVolumes>0</expectedVolumes>
<fwdEngineeringStrategyName>Single Table</fwdEngineeringStrategyName>
<growthPercent>0</growthPercent>
<growthType>Year</growthType>
<maxVolumes>9999999</maxVolumes>
<minVolumes>0</minVolumes>
<normalForm>Third</normalForm>
<attributes itemClass="oracle.dbtools.crest.model.design.logical.Attribute">
<Attribute name="rut_apo" id="CC80B8D7-7148-A562-E7E7-71E6B17551C7">
<createdBy>fran_</createdBy>
<createdTime>2025-09-01 01:35:20 UTC</createdTime>
<ownerDesignName>Exp1_S3_Francisca_Aguilar</ownerDesignName>
<engineerTo>
<item key="D66B9A21-A7B8-A87C-44F1-46D4028F16C5" value="true"/>
</engineerTo>
<useDomainConstraints>false</useDomainConstraints>
<use>1</use>
<logicalDatatype>LOGDT024</logicalDatatype>
<dataTypeSize>10</dataTypeSize>
<ownDataTypeParameters>10,,</ownDataTypeParameters>
</Attribute>
<Attribute name="nombre_apo" id="86F00E2F-CA9D-897D-DCCF-D2117284122F">
<createdBy>fran_</createdBy>
<createdTime>2025-09-01 01:35:35 UTC</createdTime>
<ownerDesignName>Exp1_S3_Francisca_Aguilar</ownerDesignName>
<engineerTo>
<item key="D66B9A21-A7B8-A87C-44F1-46D4028F16C5" value="true"/>
</engineerTo>
<useDomainConstraints>false</useDomainConstraints>
<use>1</use>
<logicalDatatype>LOGDT024</logicalDatatype>
<dataTypeSize>30</dataTypeSize>
<ownDataTypeParameters>30,,</ownDataTypeParameters>
</Attribute>
<Attribute name="apellido_apo" id="7CD11F28-16E5-EBF6-86C4-938FE68C947C">
<createdBy>fran_</createdBy>
<createdTime>2025-09-01 01:35:51 UTC</createdTime>
<ownerDesignName>Exp1_S3_Francisca_Aguilar</ownerDesignName>
<engineerTo>
<item key="D66B9A21-A7B8-A87C-44F1-46D4028F16C5" value="true"/>
</engineerTo>
<useDomainConstraints>false</useDomainConstraints>
<use>1</use>
<logicalDatatype>LOGDT024</logicalDatatype>
<dataTypeSize>30</dataTypeSize>
<ownDataTypeParameters>30,,</ownDataTypeParameters>
</Attribute>
<Attribute name="relacion" id="19CBCB24-D9A0-5D54-B616-2811F187BE42">
<createdBy>fran_</createdBy>
<createdTime>2025-09-01 01:29:16 UTC</createdTime>
<ownerDesignName>Exp1_S3_Francisca_Aguilar</ownerDesignName>
<engineerTo>
<item key="D66B9A21-A7B8-A87C-44F1-46D4028F16C5" value="true"/>
</engineerTo>
<useDomainConstraints>false</useDomainConstraints>
<use>1</use>
<logicalDatatype>LOGDT024</logicalDatatype>
<dataTypeSize>20</dataTypeSize>
<ownDataTypeParameters>20,,</ownDataTypeParameters>
</Attribute>
</attributes>
<identifiers itemClass="oracle.dbtools.crest.model.design.logical.CandidateKey">
<identifier id="03A239E9-7AAF-D5F2-FEA1-CFAAC2281CD8" name="APODERADO PK">
<createdBy>fran_</createdBy>
<createdTime>2025-09-01 01:35:33 UTC</createdTime>
<ownerDesignName>Exp1_S3_Francisca_Aguilar</ownerDesignName>
<engineerTo>
<item key="D66B9A21-A7B8-A87C-44F1-46D4028F16C5" value="true"/>
</engineerTo>
<pk>true</pk>
<usedAttributes>
<attributeRef>CC80B8D7-7148-A562-E7E7-71E6B17551C7</attributeRef>
</usedAttributes>
</identifier>
</identifiers>
</Entity>
